{"type":"FeatureCollection","source_url":"https://raw.githubusercontent.com/nvkelso/natural-earth-vector/v5.1.2/geojson/ne_10m_admin_0_countries.geojson","source_sha256":"239eec57ac17f100a11e2536cffc56752c318b50ae765b0918ff7aab4ce8f255","license":"Natural Earth public domain","features":[{"type":"Feature","properties":{"country_code":"IND","name":"India"},"geometry":{"type":"MultiPolygon","coordinates":[[[[77.800346,35.495406],[77.815332,35.47334],[77.834246,35.452152],[77.857087,35.436598],[77.883132,35.431068],[77.912691,35.44099],[77.957856,35.482073],[77.985865,35.494165],[78.044259,35.491633],[78.055628,35.452876],[78.038058,35.398099],[78.009843,35.347456],[78.001161,35.268908],[78.036404,35.194235],[78.130042,35.055432],[78.13924,35.018949],[78.148129,34.94314],[78.162185,34.908826],[78.202492,34.865728],[78.211381,34.848262],[78.273186,34.658867],[78.296027,34.624658],[78.335301,34.594375],[78.379432,34.578666],[78.607325,34.546471],[78.664583,34.526421],[78.750676,34.471282],[78.801732,34.415006],[78.839249,34.396894],[78.885861,34.385758],[78.922138,34.372296],[78.95118,34.349171],[78.95694,34.339961],[78.976192,34.309173],[78.98539,34.286358],[78.988491,34.263129],[78.985494,34.239901],[78.976192,34.217163],[78.903225,34.158123],[78.806073,34.122983],[78.730109,34.079265],[78.721117,33.994386],[78.770313,33.872352],[78.787263,33.808428],[78.794084,33.74391],[78.781372,33.552785],[78.800905,33.494236],[78.824263,33.461059],[78.915948,33.387656],[78.917694,33.386258],[78.964986,33.344254],[78.993449,33.330782],[79.023041,33.31798],[79.053278,33.307873],[79.075048,33.295743],[79.098028,33.287655],[79.125038,33.290203],[79.150213,33.292555],[79.260061,33.291776],[79.340307,33.275132],[79.420084,33.275169],[79.456096,33.250399],[79.423475,33.157825],[79.37317,33.11214],[79.381063,33.061768],[79.399273,33.026878],[79.339787,33.013257],[79.333586,32.994292],[79.378462,32.978881],[79.414089,32.972053],[79.471089,32.908959],[79.564093,32.793928],[79.613913,32.765035],[79.620673,32.728725],[79.57617,32.670646],[79.531201,32.648317],[79.515741,32.60812],[79.472113,32.565472],[79.443497,32.534773],[79.40682,32.529683],[79.379477,32.57645],[79.320466,32.592267],[79.287412,32.532579],[79.235608,32.504296],[79.215247,32.507914],[79.191166,32.50427],[79.1614,32.496467],[79.132875,32.48546],[79.112928,32.472386],[79.102902,32.449855],[79.09174,32.390556],[79.075307,32.37079],[79.066316,32.370067],[79.039651,32.375984],[79.028178,32.377095],[79.014742,32.373994],[78.989834,32.364098],[78.976192,32.361618],[78.943429,32.346373],[78.911286,32.354745],[78.881521,32.376268],[78.855682,32.400452],[78.77145,32.461663],[78.754707,32.493806],[78.73693,32.545792],[78.734966,32.560649],[78.740651,32.578684],[78.749126,32.595867],[78.750986,32.612791],[78.736827,32.629844],[78.713262,32.637518],[78.694452,32.629663],[78.664893,32.599019],[78.647736,32.585971],[78.630166,32.578013],[78.589859,32.569925],[78.447542,32.566256],[78.408165,32.558376],[78.384807,32.547549],[78.380983,32.528041],[78.409198,32.476623],[78.448782,32.426782],[78.452193,32.416782],[78.448162,32.410658],[78.441444,32.404948],[78.43638,32.396163],[78.434519,32.383761],[78.435966,32.377973],[78.43886,32.373296],[78.462735,32.281803],[78.461391,32.260151],[78.456327,32.242116],[78.457981,32.229662],[78.468541,32.226668],[78.469017,32.226533],[78.476481,32.224417],[78.513068,32.20757],[78.534978,32.181344],[78.551825,32.15039],[78.649287,32.036444],[78.678329,32.016755],[78.722151,31.994586],[78.733829,31.984664],[78.744578,31.9642],[78.741994,31.945338],[78.720187,31.902912],[78.714192,31.883016],[78.706648,31.840797],[78.700343,31.821676],[78.674091,31.78695],[78.670887,31.770517],[78.695589,31.746694],[78.695175,31.737961],[78.692592,31.7284],[78.693212,31.71853],[78.698069,31.711037],[78.710472,31.69817],[78.71843,31.6806],[78.724011,31.673313],[78.731349,31.668042],[78.739824,31.666027],[78.758117,31.666595],[78.795324,31.633781],[78.818889,31.607374],[78.814031,31.595023],[78.796978,31.578849],[78.699516,31.510016],[78.695382,31.488105],[78.733003,31.467744],[78.762561,31.44511],[78.760081,31.412037],[78.745508,31.373538],[78.73848,31.334988],[78.740857,31.317728],[78.745095,31.308116],[78.753156,31.301966],[78.784472,31.288272],[78.796048,31.288117],[78.821989,31.293698],[78.848654,31.290908],[78.861987,31.291476],[78.886972,31.284171],[78.921008,31.269685],[78.940282,31.301576],[78.959552,31.325117],[78.988801,31.343256],[79.015529,31.383397],[79.049937,31.422953],[79.07021,31.461381],[79.07799,31.461664],[79.131397,31.438433],[79.157693,31.414926],[79.179218,31.393796],[79.192442,31.369789],[79.207628,31.351373],[79.238319,31.329656],[79.239239,31.311724],[79.25411,31.299006],[79.262024,31.278513],[79.24843,31.256704],[79.25286,31.245437],[79.278316,31.240044],[79.288321,31.225474],[79.298078,31.203242],[79.303209,31.183104],[79.302162,31.16345],[79.319417,31.14228],[79.367048,31.111559],[79.372343,31.094072],[79.382593,31.078335],[79.388363,31.069474],[79.394978,31.036711],[79.401592,31.023637],[79.414408,31.020382],[79.430738,31.023172],[79.446344,31.023792],[79.46164,31.021105],[79.47642,31.014025],[79.480761,31.010046],[79.484275,31.005447],[79.486858,31.000228],[79.488202,30.994492],[79.497607,30.981211],[79.512697,30.966173],[79.529646,30.953564],[79.544219,30.947414],[79.565923,30.942454],[79.577809,30.938371],[79.589488,30.940231],[79.630312,30.962504],[79.648192,30.96576],[79.6885,30.967413],[79.739039,30.979247],[79.76064,30.977232],[79.833504,30.961522],[79.85035,30.954494],[79.862856,30.941523],[79.880426,30.912843],[79.903164,30.890209],[79.914635,30.883819],[79.91937,30.881182],[79.934893,30.872535],[80.005586,30.847266],[80.028634,30.830781],[80.044447,30.8067],[80.062534,30.784789],[80.092196,30.774505],[80.109249,30.778122],[80.140669,30.793212],[80.157102,30.79316],[80.169297,30.785254],[80.196066,30.748098],[80.224591,30.734094],[80.231412,30.724947],[80.207021,30.686138],[80.19989,30.680712],[80.191725,30.679679],[80.18201,30.680041],[80.172915,30.679162],[80.16661,30.674408],[80.16692,30.661902],[80.177255,30.649862],[80.190588,30.637976],[80.19989,30.625884],[80.2033,30.60635],[80.197823,30.591364],[80.188418,30.576998],[80.179839,30.559479],[80.21622,30.566818],[80.252806,30.565009],[80.325877,30.546509],[80.424992,30.497829],[80.475429,30.480466],[80.508295,30.462328],[80.525141,30.458607],[80.545088,30.461036],[80.559971,30.465118],[80.575267,30.466255],[80.596351,30.459796],[80.694743,30.411737],[80.723062,30.392048],[80.735361,30.378199],[80.754998,30.345797],[80.767194,30.331431],[80.781663,30.320993],[80.866981,30.288488],[80.943772,30.270143],[80.976018,30.255209],[80.996275,30.22689],[81.003303,30.212731],[80.996017,30.196969],[80.988162,30.196556],[80.920827,30.17666],[80.903309,30.180433],[80.893647,30.198104],[80.883879,30.210405],[80.883684,30.21028],[80.867911,30.200173],[80.850393,30.181931],[80.83644,30.170046],[80.849669,30.143381],[80.829825,30.117129],[80.769674,30.077287],[80.755721,30.064574],[80.725749,30.022768],[80.715827,30.013311],[80.680171,29.992072],[80.654126,29.970575],[80.641413,29.963444],[80.622293,29.958173],[80.586223,29.954142],[80.57134,29.946855],[80.562865,29.929699],[80.549533,29.89368],[80.527312,29.862416],[80.476152,29.80614],[80.454861,29.790586],[80.395227,29.776582],[80.368975,29.757926],[80.354299,29.730279],[80.354402,29.70488],[80.363911,29.679714],[80.377553,29.652946],[80.386752,29.626823],[80.385201,29.604835],[80.373316,29.58419],[80.350785,29.562073],[80.345101,29.558352],[80.332698,29.552461],[80.327221,29.548585],[80.323603,29.54166],[80.32505,29.535511],[80.327634,29.52993],[80.327221,29.52484],[80.320089,29.515822],[80.311511,29.508122],[80.29146,29.494738],[80.29115,29.494609],[80.282055,29.4843],[80.273064,29.478667],[80.266242,29.47213],[80.263452,29.459237],[80.257457,29.450064],[80.228312,29.441718],[80.217666,29.434639],[80.213739,29.416888],[80.220974,29.400119],[80.242161,29.367408],[80.249499,29.326997],[80.254977,29.316635],[80.263555,29.315318],[80.272754,29.315705],[80.280092,29.31015],[80.282779,29.291314],[80.278748,29.268085],[80.258181,29.202456],[80.248672,29.204394],[80.236063,29.213076],[80.218803,29.211086],[80.213739,29.196565],[80.230482,29.154733],[80.233066,29.139308],[80.220664,29.126079],[80.20144,29.121169],[80.180563,29.121324],[80.16351,29.123366],[80.132607,29.110214],[80.113073,29.072206],[80.104702,29.027609],[80.107906,28.994769],[80.107906,28.994588],[80.099431,28.977276],[80.085168,28.967484],[80.068425,28.959939],[80.052922,28.949113],[80.04052,28.932809],[80.033905,28.915936],[80.031115,28.897798],[80.030288,28.87767],[80.036386,28.837026],[80.054782,28.824185],[80.073054,28.820925],[80.081861,28.819353],[80.11421,28.802584],[80.147593,28.76331],[80.162063,28.753285],[80.181183,28.74729],[80.216426,28.741942],[80.233273,28.732718],[80.238957,28.726258],[80.249396,28.710213],[80.257044,28.702745],[80.265209,28.699283],[80.283399,28.695356],[80.291047,28.689671],[80.318332,28.640113],[80.329701,28.627479],[80.349751,28.620218],[80.369078,28.622647],[80.388302,28.627246],[80.408352,28.626342],[80.426543,28.616807],[80.468814,28.571849],[80.488451,28.562444],[80.493412,28.575647],[80.484937,28.639287],[80.487624,28.656469],[80.497546,28.670137],[80.517596,28.680033],[80.534444,28.679555],[80.555837,28.678948],[80.559041,28.673031],[80.557387,28.66435],[80.556871,28.655022],[80.563589,28.647038],[80.581365,28.638951],[80.598522,28.633783],[80.635625,28.627866],[80.648338,28.619753],[80.668182,28.586344],[80.67862,28.574717],[80.695777,28.567508],[80.727093,28.559679],[80.743526,28.549964],[80.781663,28.514746],[80.798406,28.505703],[80.81701,28.502551],[80.857989,28.502447],[80.872252,28.496866],[80.880365,28.48188],[80.881864,28.466842],[80.88667,28.452786],[80.905273,28.440849],[80.921344,28.436198],[80.941188,28.432684],[80.960515,28.432271],[80.976018,28.436922],[80.9878,28.430979],[80.991314,28.420256],[80.993175,28.407828],[81.000409,28.397002],[81.047066,28.389088],[81.146344,28.372249],[81.169701,28.361319],[81.190372,28.338116],[81.210732,28.278637],[81.224323,28.250783],[81.282356,28.191588],[81.295947,28.167455],[81.280754,28.161977],[81.276775,28.153787],[81.283079,28.146087],[81.299409,28.142521],[81.296205,28.12831],[81.307057,28.123814],[81.323697,28.126243],[81.338115,28.132728],[81.347262,28.144433],[81.351447,28.15681],[81.357907,28.165982],[81.373203,28.167843],[81.396044,28.160634],[81.417335,28.147017],[81.435267,28.129783],[81.448237,28.111412],[81.45294,28.097046],[81.454025,28.086607],[81.458211,28.07728],[81.473455,28.066402],[81.561925,28.025991],[81.582183,28.013278],[81.595102,27.994881],[81.59536,27.994778],[81.615049,27.981239],[81.665433,27.9708],[81.688946,27.963204],[81.710392,27.94752],[81.750131,27.909667],[81.800154,27.884087],[81.827852,27.865639],[81.855654,27.850937],[81.883198,27.849051],[81.906091,27.863107],[81.946398,27.905352],[81.975905,27.916953],[82.02722,27.912406],[82.050212,27.905586],[82.051611,27.905171],[82.071662,27.89003],[82.090369,27.872331],[82.107422,27.863572],[82.151037,27.848275],[82.270409,27.760477],[82.347924,27.726009],[82.401926,27.677175],[82.440683,27.666426],[82.526156,27.675211],[82.652143,27.70415],[82.673891,27.696458],[82.679687,27.694409],[82.69705,27.669397],[82.709246,27.630924],[82.718857,27.556123],[82.72971,27.518166],[82.752137,27.494964],[82.876264,27.487548],[82.901275,27.480365],[82.947164,27.457317],[83.010468,27.443391],[83.132786,27.444217],[83.169631,27.431195],[83.21924,27.393781],[83.231591,27.381224],[83.243115,27.362155],[83.249419,27.348099],[83.259496,27.338126],[83.282441,27.330943],[83.304868,27.331925],[83.32435,27.341691],[83.341145,27.356936],[83.362746,27.385616],[83.369567,27.398174],[83.370962,27.410214],[83.355821,27.428663],[83.353857,27.44029],[83.355925,27.452486],[83.360989,27.462201],[83.387034,27.470469],[83.480981,27.469746],[83.590432,27.45662],[83.663399,27.43228],[83.801995,27.365928],[83.847988,27.351045],[83.85334,27.346194],[83.854602,27.34505],[83.861733,27.354507],[83.867521,27.358383],[83.877391,27.361742],[83.87765,27.369907],[83.873671,27.380087],[83.87119,27.38944],[83.842717,27.418069],[83.834087,27.434037],[83.853517,27.440962],[83.899871,27.443856],[83.922043,27.449696],[83.923022,27.449954],[83.935941,27.446078],[83.975835,27.439722],[84.007668,27.440807],[84.028907,27.453726],[84.079601,27.509536],[84.099548,27.516874],[84.11717,27.513283],[84.121563,27.494964],[84.130968,27.486411],[84.141716,27.480753],[84.165746,27.472174],[84.175099,27.462976],[84.185848,27.438636],[84.195253,27.436053],[84.225536,27.440393],[84.239023,27.431143],[84.248893,27.412436],[84.267703,27.388562],[84.289408,27.376108],[84.577039,27.329031],[84.606546,27.310479],[84.631919,27.277044],[84.648197,27.240716],[84.657654,27.203405],[84.659824,27.165113],[84.654398,27.125374],[84.644528,27.103721],[84.630369,27.080829],[84.62148,27.057988],[84.627268,27.03649],[84.640239,27.028377],[84.760697,26.999025],[84.771962,26.99918],[84.785501,27.008482],[84.801934,27.013753],[84.817489,27.0106],[84.828134,26.994943],[84.828289,26.994839],[84.851751,26.982127],[84.901567,26.967192],[84.924046,26.955668],[84.938567,26.9366],[84.944251,26.915723],[84.952726,26.897636],[84.975774,26.886887],[84.988176,26.883787],[85.000837,26.882236],[85.018045,26.874433],[85.016857,26.85924],[85.018562,26.845804],[85.043987,26.843737],[85.100211,26.863529],[85.122845,26.8657],[85.162016,26.851024],[85.16553,26.820793],[85.165685,26.786273],[85.194934,26.758885],[85.28728,26.736974],[85.302369,26.737336],[85.337044,26.746792],[85.353219,26.757593],[85.355352,26.759912],[85.369238,26.775008],[85.385878,26.788444],[85.40319,26.787617],[85.421535,26.782656],[85.439622,26.78772],[85.475692,26.805238],[85.519462,26.826426],[85.598578,26.854383],[85.609379,26.851024],[85.687772,26.811853],[85.701828,26.796608],[85.709631,26.76245],[85.702241,26.68845],[85.712887,26.653206],[85.727046,26.6376],[85.780996,26.599204],[85.789988,26.597034],[85.800065,26.600703],[85.809728,26.603028],[85.817635,26.596724],[85.819547,26.588301],[85.819753,26.579516],[85.821614,26.571713],[85.828538,26.566131],[85.844765,26.568509],[85.866366,26.579929],[85.934682,26.632897],[85.952148,26.642044],[85.975713,26.64437],[86.01137,26.654447],[86.041704,26.645455],[86.110692,26.606749],[86.115859,26.602563],[86.122061,26.60029],[86.144798,26.60153],[86.146355,26.601356],[86.152653,26.600651],[86.167794,26.596621],[86.17446,26.593313],[86.179266,26.588611],[86.185364,26.584425],[86.195855,26.582668],[86.202883,26.58458],[86.225155,26.597396],[86.263086,26.609075],[86.284428,26.61202],[86.301378,26.609023],[86.308613,26.60215],[86.309026,26.587991],[86.316002,26.580963],[86.323185,26.580084],[86.344838,26.582616],[86.353674,26.582616],[86.383647,26.572849],[86.444832,26.543084],[86.475476,26.531973],[86.494906,26.527839],[86.510616,26.520139],[86.52431,26.509081],[86.537746,26.49487],[86.537953,26.49487],[86.5579,26.484018],[86.625337,26.456319],[86.695204,26.418234],[86.713601,26.414565],[86.724091,26.421954],[86.730706,26.433788],[86.738199,26.44371],[86.751893,26.445519],[86.78724,26.433065],[86.796438,26.431514],[86.821863,26.438129],[86.846357,26.45265],[86.865684,26.472442],[86.875968,26.494921],[86.907129,26.51151],[86.935153,26.520289],[86.972448,26.531973],[86.985212,26.540655],[87.015443,26.568974],[87.029912,26.579774],[87.041333,26.580187],[87.044433,26.561171],[87.045002,26.544272],[87.056474,26.494921],[87.056681,26.49487],[87.066706,26.465621],[87.083294,26.432083],[87.10629,26.404746],[87.135022,26.394204],[87.188455,26.399578],[87.2191,26.408105],[87.229435,26.398752],[87.236308,26.3833],[87.2453,26.370226],[87.258425,26.36294],[87.30049,26.34599],[87.314029,26.343768],[87.326225,26.353328],[87.344932,26.389346],[87.356404,26.403712],[87.384206,26.418647],[87.416452,26.426967],[87.449628,26.428621],[87.480324,26.423401],[87.552051,26.386711],[87.586984,26.378029],[87.623984,26.392912],[87.648745,26.409993],[87.659641,26.41751],[87.68119,26.424228],[87.697572,26.41627],[87.710904,26.405676],[87.727544,26.403764],[87.74222,26.410482],[87.749455,26.425727],[87.756173,26.446914],[87.768988,26.451461],[87.785938,26.445984],[87.804439,26.437354],[87.821595,26.437509],[87.852084,26.46066],[87.869809,26.464639],[87.870688,26.460712],[87.894769,26.442935],[87.897301,26.443452],[87.902004,26.435287],[87.908515,26.41782],[87.914768,26.40826],[87.928979,26.396426],[87.961225,26.378959],[87.975488,26.366557],[88.006648,26.369864],[88.044321,26.405676],[88.074189,26.453942],[88.082251,26.49487],[88.07915,26.507375],[88.079822,26.517556],[88.087136,26.5391],[88.101681,26.581944],[88.14664,26.661216],[88.163383,26.705141],[88.167517,26.725037],[88.169067,26.744002],[88.167827,26.762915],[88.159042,26.802551],[88.155321,26.845598],[88.151394,26.862806],[88.142816,26.878412],[88.12044,26.90885],[88.11181,26.924301],[88.096824,26.959337],[88.076877,26.99179],[88.055948,27.018042],[88.042822,27.028946],[88.027371,27.035353],[88.009491,27.045637],[87.9913,27.081501],[87.975488,27.095143],[87.970733,27.10274],[87.969183,27.110801],[87.970837,27.119224],[87.985461,27.14837],[87.989337,27.218391],[88.004663,27.249163],[88.029024,27.298076],[88.035122,27.322571],[88.032538,27.333888],[88.020136,27.35337],[88.015795,27.364222],[88.014762,27.378072],[88.017242,27.389234],[88.02582,27.412075],[88.029593,27.418741],[88.034812,27.423805],[88.039308,27.42949],[88.041633,27.438068],[88.039773,27.442357],[88.030781,27.450729],[88.028094,27.455121],[88.02334,27.474655],[88.0221,27.484241],[88.02334,27.494912],[88.048765,27.545348],[88.11088,27.639503],[88.134858,27.723167],[88.149327,27.748772],[88.159662,27.77412],[88.154598,27.815151],[88.166587,27.833599],[88.164623,27.845356],[88.156407,27.851273],[88.143023,27.855717],[88.118218,27.860885],[88.104885,27.879721],[88.097496,27.904008],[88.099924,27.928322],[88.115737,27.947262],[88.126693,27.95044],[88.151187,27.94721],[88.16297,27.9469],[88.174855,27.949768],[88.197851,27.958295],[88.37877,27.982634],[88.399751,27.994726],[88.399854,27.994726],[88.399906,27.994881],[88.455768,28.03152],[88.475405,28.036248],[88.50207,28.028885],[88.51716,28.039582],[88.530802,28.059012],[88.552817,28.078055],[88.594003,28.106606],[88.610488,28.105831],[88.631675,28.083352],[88.652035,28.069399],[88.71012,28.061983],[88.735648,28.055265],[88.780141,28.028342],[88.802931,28.011005],[88.817503,27.994881],[88.81771,27.994881],[88.81771,27.994726],[88.819674,27.977337],[88.809752,27.944497],[88.810682,27.927857],[88.818899,27.915196],[88.842773,27.892407],[88.851558,27.877163],[88.855072,27.859179],[88.853884,27.843676],[88.805669,27.655109],[88.783087,27.622036],[88.767377,27.586198],[88.748154,27.560128],[88.741022,27.54571],[88.741642,27.53168],[88.757559,27.511448],[88.757197,27.494964],[88.754355,27.464216],[88.759781,27.435071],[88.773578,27.408509],[88.795386,27.385926],[88.808202,27.378382],[88.819829,27.373627],[88.830836,27.367323],[88.852023,27.342363],[88.864632,27.33239],[88.892331,27.315543],[88.884631,27.286346],[88.876116,27.280486],[88.861428,27.270378],[88.801174,27.256425],[88.775852,27.240871],[88.754355,27.212604],[88.738438,27.179789],[88.730067,27.150954],[88.733082,27.148972],[88.742572,27.142737],[88.805256,27.113023],[88.827632,27.097882],[88.840809,27.075248],[88.845615,27.049565],[88.845615,26.994943],[88.845615,26.994839],[88.851713,26.945437],[88.867113,26.964247],[88.88644,26.978975],[88.906645,26.981093],[88.924474,26.961663],[88.926954,26.949416],[88.925404,26.939029],[88.9253,26.929365],[88.932328,26.919237],[88.942767,26.913707],[88.954549,26.912622],[88.965815,26.915464],[88.975323,26.921717],[88.996614,26.922751],[89.021574,26.912674],[89.04488,26.897119],[89.060693,26.881461],[89.074335,26.856398],[89.082448,26.836037],[89.096504,26.821413],[89.128079,26.813455],[89.184613,26.810561],[89.212828,26.813041],[89.240837,26.819759],[89.252619,26.826787],[89.262954,26.836348],[89.273599,26.843892],[89.286364,26.844978],[89.300161,26.844409],[89.341657,26.854331],[89.368895,26.837359],[89.407338,26.813403],[89.442891,26.797022],[89.50542,26.803688],[89.546503,26.797539],[89.586087,26.784051],[89.611357,26.765964],[89.613475,26.748549],[89.597507,26.720954],[89.609806,26.712221],[89.628307,26.712531],[89.66324,26.725502],[89.685151,26.724571],[89.738739,26.703281],[89.75467,26.700989],[89.760288,26.70018],[89.800079,26.70049],[89.804058,26.699767],[89.81367,26.696149],[89.817287,26.696201],[89.822093,26.701007],[89.825245,26.707673],[89.826796,26.713513],[89.826744,26.715683],[89.827261,26.717905],[89.827674,26.722453],[89.829741,26.72762],[89.834961,26.731548],[89.839043,26.731238],[89.847001,26.72483],[89.850774,26.723176],[89.858701,26.722057],[89.85992,26.721884],[89.880281,26.716252],[89.890409,26.714856],[89.912113,26.716717],[89.975262,26.731858],[90.089157,26.741728],[90.127191,26.751392],[90.152202,26.771752],[90.17742,26.832058],[90.210907,26.851489],[90.229148,26.852884],[90.265994,26.851592],[90.284442,26.85707],[90.300875,26.868284],[90.314208,26.880376],[90.328574,26.890659],[90.348831,26.896654],[90.382627,26.891796],[90.475232,26.83242],[90.587783,26.780072],[90.717077,26.767049],[90.944493,26.77887],[91.007395,26.782139],[91.012781,26.784348],[91.062069,26.804567],[91.091938,26.804773],[91.127078,26.800898],[91.198185,26.802344],[91.232498,26.795161],[91.261954,26.779038],[91.27601,26.774077],[91.296577,26.774594],[91.313217,26.778677],[91.330063,26.785498],[91.345566,26.794696],[91.358382,26.806169],[91.370061,26.824669],[91.378122,26.842807],[91.388457,26.858465],[91.406338,26.869524],[91.420187,26.871539],[91.460598,26.869369],[91.475067,26.865545],[91.484472,26.852729],[91.507417,26.808029],[91.520646,26.79759],[91.539353,26.79883],[91.57563,26.810148],[91.593716,26.810768],[91.637951,26.798985],[91.653764,26.797952],[91.702133,26.803481],[91.731589,26.816194],[91.795254,26.853504],[91.825123,26.858465],[91.843934,26.84937],[91.849515,26.834746],[91.852408,26.818519],[91.863054,26.804773],[91.87866,26.803016],[91.886928,26.814437],[91.885895,26.83087],[91.874009,26.844306],[91.895507,26.853504],[91.895507,26.868284],[91.89313,26.881358],[91.908219,26.885182],[91.925686,26.878671],[91.957415,26.854279],[91.975088,26.846631],[92.03586,26.854848],[92.072757,26.887766],[92.080371,26.921571],[92.083919,26.937323],[92.066969,26.994839],[92.066969,26.994943],[92.049709,27.026827],[91.999893,27.071527],[91.987697,27.104031],[91.987904,27.122273],[91.990798,27.140773],[91.995862,27.158033],[92.002994,27.172606],[92.005788,27.176112],[92.008471,27.179479],[92.021494,27.19183],[92.027075,27.19984],[92.029969,27.20847],[92.033173,27.227435],[92.03679,27.236478],[92.050639,27.251413],[92.081852,27.275132],[92.088776,27.29234],[92.084849,27.304226],[92.023598,27.44678],[91.975088,27.472433],[91.963306,27.468919],[91.900591,27.45973],[91.856578,27.466239],[91.816232,27.461357],[91.779555,27.456475],[91.727092,27.459942],[91.727041,27.460005],[91.704924,27.468764],[91.680223,27.472846],[91.657382,27.479151],[91.641672,27.494964],[91.632887,27.511655],[91.604465,27.532145],[91.59506,27.546382],[91.573252,27.619711],[91.579867,27.657977],[91.626686,27.716423],[91.634957,27.746571],[91.63577,27.782525],[91.605336,27.810658],[91.566023,27.821074],[91.564355,27.851372],[91.628339,27.852694],[91.680131,27.849823],[91.729871,27.804136],[91.826589,27.807627],[91.856373,27.764539],[91.864914,27.729988],[91.908736,27.7319],[91.952247,27.72482],[91.968001,27.746278],[91.988898,27.769398],[92.064878,27.761721],[92.10616,27.786081],[92.126294,27.812722],[92.239568,27.865277],[92.24918,27.862642],[92.258275,27.848198],[92.275225,27.811689],[92.288764,27.793085],[92.303854,27.78616],[92.31729,27.803679],[92.329175,27.832928],[92.334653,27.831274],[92.339821,27.815564],[92.350053,27.802542],[92.367933,27.803834],[92.375581,27.821119],[92.381058,27.842462],[92.392841,27.856027],[92.404416,27.853831],[92.417335,27.828948],[92.427567,27.821171],[92.439039,27.82329],[92.475109,27.846596],[92.518151,27.839468],[92.574977,27.847806],[92.592912,27.868193],[92.636468,27.89537],[92.683674,27.91045],[92.71077,27.949702],[92.736392,27.985909],[92.701349,28.025241],[92.701349,28.037825],[92.689257,28.048315],[92.65422,28.052087],[92.638924,28.057487],[92.63727,28.071983],[92.65484,28.105831],[92.678611,28.133064],[92.70786,28.155414],[92.770079,28.192182],[92.779174,28.195903],[92.782894,28.190942],[92.785375,28.183294],[92.790232,28.178901],[92.805322,28.178023],[92.819895,28.179263],[92.834777,28.183526],[92.85028,28.19195],[92.86537,28.205205],[92.889554,28.235823],[92.903817,28.249698],[92.922007,28.258638],[92.960351,28.270214],[92.974924,28.282306],[93.046399,28.302097],[93.129828,28.325962],[93.207825,28.340539],[93.218073,28.394647],[93.186286,28.431995],[93.218838,28.457436],[93.259068,28.496023],[93.286972,28.520517],[93.302843,28.556921],[93.31717,28.603463],[93.355432,28.624065],[93.446213,28.671894],[93.551736,28.678948],[93.607133,28.672204],[93.62553,28.67236],[93.64341,28.68024],[93.664908,28.690239],[93.705525,28.691893],[93.722475,28.696647],[93.781744,28.680504],[93.86308,28.704871],[93.927786,28.682752],[93.961093,28.729943],[93.981591,28.768131],[93.993136,28.801887],[93.992019,28.844649],[94.01145,28.85302],[94.026849,28.864182],[94.079474,28.883072],[94.135396,28.897788],[94.173658,28.930164],[94.250183,28.933107],[94.291389,28.977256],[94.347311,29.024349],[94.309048,29.059668],[94.270786,29.09793],[94.287505,29.147938],[94.323782,29.146026],[94.335771,29.149617],[94.346313,29.159074],[94.36254,29.185326],[94.372875,29.196307],[94.396439,29.207081],[94.422381,29.210492],[94.474987,29.210802],[94.498242,29.21522],[94.514778,29.22106],[94.528628,29.23124],[94.582681,29.302915],[94.599941,29.316635],[94.63043,29.319452],[94.668464,29.30661],[94.704224,29.284699],[94.756417,29.230517],[94.767683,29.213851],[94.761482,29.174706],[94.776571,29.166696],[94.798792,29.166438],[94.815432,29.168867],[94.854086,29.170004],[94.891293,29.160495],[94.989065,29.153984],[95.047666,29.140806],[95.099032,29.11378],[95.116912,29.108095],[95.191533,29.09683],[95.199698,29.094246],[95.207863,29.089595],[95.212824,29.081869],[95.214064,29.073084],[95.216338,29.064997],[95.224916,29.059364],[95.281553,29.052672],[95.367406,29.036496],[95.429824,29.046525],[95.487577,29.068994],[95.511307,29.131789],[95.521435,29.137861],[95.522675,29.161193],[95.511927,29.197547],[95.515337,29.209433],[95.550167,29.212482],[95.552028,29.22013],[95.550684,29.230284],[95.553785,29.239043],[95.56443,29.245606],[95.572905,29.24726],[95.58169,29.247467],[95.592335,29.249689],[95.646697,29.22835],[95.717165,29.218284],[95.747365,29.273651],[95.744781,29.340432],[95.776407,29.345548],[95.79594,29.352886],[95.863134,29.323985],[95.953735,29.359219],[96.014135,29.364252],[96.074536,29.369286],[96.141966,29.368467],[96.150957,29.354075],[96.166047,29.303174],[96.176279,29.286456],[96.205424,29.256949],[96.235293,29.241214],[96.26785,29.24173],[96.304126,29.261212],[96.323247,29.27501],[96.337096,29.279713],[96.349912,29.274235],[96.366241,29.257233],[96.366862,29.244211],[96.342367,29.210647],[96.327484,29.180442],[96.316425,29.171864],[96.210075,29.145767],[96.193642,29.136931],[96.183514,29.123779],[96.174625,29.108845],[96.175954,29.017354],[96.195323,28.941106],[96.248588,28.945343],[96.294655,28.992324],[96.366568,29.036537],[96.457605,28.994588],[96.451198,28.981385],[96.452128,28.970378],[96.460086,28.96335],[96.474659,28.962058],[96.492229,28.948002],[96.500394,28.929243],[96.510832,28.885525],[96.523751,28.864415],[96.576668,28.808527],[96.592584,28.757884],[96.59801,28.70991],[96.501044,28.687631],[96.502375,28.644476],[96.409019,28.558929],[96.336459,28.479667],[96.301852,28.420711],[96.369644,28.378116],[96.441127,28.395416],[96.495226,28.42147],[96.512382,28.428808],[96.561518,28.447293],[96.604426,28.444534],[96.716924,28.436539],[96.897889,28.354704],[96.933959,28.336618],[96.965791,28.330468],[96.997417,28.337083],[97.032971,28.35703],[97.078446,28.375143],[97.11555,28.366564],[97.182729,28.314991],[97.193271,28.3114],[97.20278,28.311555],[97.210531,28.308092],[97.220763,28.283391],[97.229651,28.274606],[97.285255,28.235668],[97.323496,28.217478],[97.328663,28.190012],[97.298898,28.12924],[97.292903,28.095082],[97.306546,28.069657],[97.355122,28.023045],[97.362253,27.994881],[97.356775,27.980567],[97.340032,27.951809],[97.335691,27.935609],[97.336311,27.913181],[97.338172,27.901554],[97.333521,27.894164],[97.314917,27.884604],[97.292903,27.87755],[97.288666,27.884346],[97.288046,27.897756],[97.276367,27.910339],[97.260657,27.912044],[97.241227,27.907858],[97.222933,27.899719],[97.210944,27.889513],[97.198025,27.873261],[97.182109,27.857267],[97.131776,27.816856],[97.123198,27.812154],[97.112449,27.809208],[97.106041,27.805539],[97.098186,27.791018],[97.092192,27.785489],[97.072348,27.779184],[97.06532,27.773991],[97.062013,27.763345],[97.060359,27.750452],[97.056742,27.746783],[97.050541,27.746783],[97.036175,27.74292],[97.004032,27.734277],[96.990906,27.726629],[96.957006,27.688079],[96.93954,27.674023],[96.899749,27.649476],[96.883523,27.636325],[96.87019,27.61909],[96.862129,27.599298],[96.862025,27.578369],[96.866159,27.568448],[96.877321,27.553074],[96.880319,27.54385],[96.881042,27.534393],[96.884659,27.515841],[96.888484,27.507185],[96.890241,27.492483],[96.877011,27.463079],[96.881352,27.444114],[96.905123,27.408406],[97.067904,27.2171],[97.095499,27.191261],[97.101287,27.183303],[97.1017,27.165268],[97.104388,27.156018],[97.111726,27.148835],[97.120821,27.143926],[97.129296,27.13788],[97.134773,27.127338],[97.133016,27.119586],[97.122888,27.093696],[97.119167,27.087288],[97.106041,27.082586],[97.09798,27.085893],[97.089918,27.092198],[97.077206,27.096487],[97.066974,27.095246],[97.058827,27.092076],[97.047854,27.087805],[97.038035,27.08703],[97.02677,27.091474],[97.018915,27.098709],[97.011887,27.107029],[97.002998,27.114522],[96.865332,27.171624],[96.842698,27.188522],[96.841768,27.204387],[96.851276,27.221182],[96.859648,27.240716],[96.853757,27.248725],[96.821718,27.273065],[96.809935,27.285777],[96.789161,27.317972],[96.776346,27.330633],[96.758879,27.341743],[96.724152,27.356264],[96.705239,27.36076],[96.687255,27.361742],[96.675887,27.357659],[96.659247,27.341433],[96.649015,27.336214],[96.636406,27.335542],[96.629275,27.338694],[96.623177,27.343655],[96.614185,27.348409],[96.5869,27.353577],[96.576048,27.345412],[96.56747,27.328307],[96.547316,27.306448],[96.531813,27.298542],[96.510936,27.292495],[96.490058,27.290738],[96.474659,27.295389],[96.407789,27.29818],[96.142586,27.25751],[96.074166,27.229864],[96.013188,27.190796],[95.974844,27.142892],[95.938361,27.079899],[95.91645,27.051373],[95.888855,27.027034],[95.861466,27.014218],[95.804932,27.004761],[95.777957,26.995149],[95.734962,26.947297],[95.709227,26.907454],[95.699305,26.896189],[95.686076,26.89128],[95.639981,26.886422],[95.624271,26.880738],[95.613316,26.867922],[95.603394,26.844254],[95.591302,26.823739],[95.574765,26.816142],[95.554405,26.816607],[95.531357,26.820276],[95.489809,26.810716],[95.462731,26.777178],[95.439993,26.735372],[95.410641,26.701627],[95.392658,26.691757],[95.31597,26.669071],[95.278969,26.652948],[95.260573,26.647625],[95.246933,26.648904],[95.239075,26.649641],[95.223262,26.670363],[95.204865,26.667572],[95.195564,26.660751],[95.181611,26.641682],[95.173239,26.633828],[95.163421,26.629745],[95.141407,26.624991],[95.132622,26.620805],[95.122803,26.611607],[95.119082,26.604217],[95.115879,26.57564],[95.116189,26.569335],[95.114948,26.562566],[95.109574,26.5513],[95.099239,26.536107],[95.069887,26.506239],[95.054384,26.494921],[95.040638,26.475594],[95.042601,26.459678],[95.061722,26.426605],[95.066062,26.407433],[95.064202,26.392602],[95.050456,26.359064],[95.043635,26.327696],[95.041775,26.287596],[95.046322,26.24796],[95.058724,26.217677],[95.066373,26.211011],[95.074537,26.208324],[95.082806,26.206619],[95.090764,26.202691],[95.094484,26.195043],[95.08973,26.187602],[95.082392,26.179798],[95.078361,26.171324],[95.08818,26.104093],[95.101719,26.093395],[95.137479,26.082957],[95.150088,26.070968],[95.151225,26.049936],[95.139546,26.029937],[95.10823,25.995107],[95.065856,25.953817],[95.049423,25.943741],[95.012009,25.931442],[95.00064,25.922036],[94.994026,25.900436],[94.993199,25.880954],[95.013456,25.777704],[95.015316,25.755122],[95.008805,25.737138],[94.999917,25.731557],[94.978626,25.729077],[94.969014,25.725614],[94.961469,25.717966],[94.871656,25.598025],[94.868038,25.594718],[94.857496,25.589344],[94.853466,25.586036],[94.852949,25.580765],[94.86101,25.571412],[94.860287,25.567174],[94.850778,25.562782],[94.831038,25.562472],[94.822356,25.559113],[94.80799,25.542628],[94.782359,25.504594],[94.764375,25.491675],[94.745772,25.486611],[94.711149,25.482787],[94.692028,25.476327],[94.659472,25.455502],[94.65036,25.44665],[94.630533,25.42739],[94.608003,25.394627],[94.550125,25.245282],[94.553329,25.204147],[94.576893,25.173607],[94.612964,25.161359],[94.653271,25.154125],[94.689135,25.138518],[94.706808,25.109941],[94.713836,25.068264],[94.708565,25.02589],[94.689755,24.99509],[94.673528,24.974807],[94.654821,24.889154],[94.639112,24.862799],[94.599011,24.813474],[94.593223,24.783786],[94.593223,24.765931],[94.589502,24.74725],[94.581544,24.73012],[94.569452,24.716399],[94.555706,24.708855],[94.543407,24.70733],[94.531005,24.707485],[94.516329,24.704953],[94.507957,24.689011],[94.48708,24.620462],[94.474987,24.597389],[94.430236,24.570904],[94.418453,24.560311],[94.410805,24.545945],[94.397059,24.495069],[94.381866,24.48631],[94.370394,24.477732],[94.363676,24.46582],[94.361196,24.425409],[94.352204,24.413937],[94.340009,24.406005],[94.328743,24.394481],[94.32833,24.388487],[94.33174,24.371098],[94.330707,24.362855],[94.323679,24.354664],[94.302802,24.341022],[94.29536,24.332599],[94.289986,24.31676],[94.286885,24.283067],[94.282751,24.266427],[94.233969,24.160335],[94.222186,24.122637],[94.218466,24.08667],[94.214125,24.069178],[94.203686,24.057757],[94.199139,24.048094],[94.193868,24.009673],[94.19025,23.995281],[94.144878,23.938876],[94.13506,23.919006],[94.133613,23.899162],[94.13506,23.877303],[94.131856,23.856969],[94.128859,23.853905],[94.11687,23.841647],[94.099713,23.842628],[94.085347,23.857511],[94.071084,23.876115],[94.055065,23.887949],[93.997911,23.916965],[93.97507,23.920918],[93.94055,23.928876],[93.912334,23.939005],[93.883189,23.94531],[93.803711,23.936059],[93.782833,23.945465],[93.743042,23.995281],[93.711106,24.005461],[93.660464,24.011223],[93.612404,24.009052],[93.588013,23.995229],[93.585636,23.987297],[93.581812,23.979597],[93.576954,23.973008],[93.571063,23.968021],[93.561348,23.965696],[93.55525,23.970993],[93.549979,23.978021],[93.543468,23.980889],[93.526828,23.975385],[93.495719,23.959133],[93.474842,23.957505],[93.456652,23.95996],[93.449004,23.968926],[93.445593,23.981612],[93.439185,23.995229],[93.406526,24.025847],[93.3965,24.037526],[93.368285,24.07848],[93.348545,24.088893],[93.32219,24.080056],[93.309684,24.063984],[93.302966,24.041143],[93.302559,24.035775],[93.301106,24.016571],[93.302966,23.995281],[93.308134,23.977504],[93.316092,23.961097],[93.337589,23.928411],[93.345961,23.918696],[93.351852,23.913916],[93.355986,23.906991],[93.35919,23.890946],[93.35826,23.855263],[93.374796,23.739017],[93.406319,23.719122],[93.412313,23.708709],[93.425956,23.690803],[93.430297,23.680339],[93.432364,23.647317],[93.400221,23.454022],[93.399808,23.426091],[93.405905,23.36767],[93.407766,23.356379],[93.407249,23.347258],[93.403735,23.338757],[93.384201,23.313126],[93.377897,23.296822],[93.37645,23.279485],[93.380791,23.237265],[93.372729,23.169827],[93.373039,23.154221],[93.37521,23.142154],[93.3749,23.129726],[93.333352,23.052289],[93.318262,23.03366],[93.298832,23.01795],[93.272787,23.00591],[93.246535,23.004488],[93.225555,23.020379],[93.212119,23.039887],[93.196512,23.053839],[93.177082,23.058439],[93.152381,23.049938],[93.140082,23.031903],[93.138221,23.005264],[93.143182,22.977513],[93.151141,22.956223],[93.171088,22.920437],[93.177392,22.900205],[93.175532,22.881705],[93.161062,22.860983],[93.125302,22.821554],[93.115897,22.798403],[93.112383,22.799953],[93.079517,22.77272],[93.070835,22.69288],[93.073936,22.671899],[93.081894,22.65283],[93.104425,22.615933],[93.110523,22.596348],[93.109076,22.574696],[93.098224,22.535266],[93.099154,22.51196],[93.109593,22.479042],[93.117861,22.462868],[93.153518,22.427521],[93.16592,22.386593],[93.174292,22.269391],[93.173672,22.259418],[93.169021,22.246912],[93.161269,22.242519],[93.151451,22.240969],[93.129747,22.231616],[93.124786,22.232287],[93.123545,22.230686],[93.123132,22.218387],[93.141735,22.187277],[93.119515,22.180973],[93.104322,22.187174],[93.090576,22.197148],[93.072489,22.20247],[93.045824,22.206863],[93.036419,22.206243],[93.024533,22.201902],[93.022363,22.196217],[93.023913,22.188828],[93.02257,22.120976],[93.025464,22.112915],[93.00748,22.105939],[92.995181,22.103251],[92.985466,22.095965],[92.967172,22.062685],[92.965312,22.04956],[92.968413,22.036175],[92.974924,22.023308],[92.977921,22.016487],[92.979575,22.009355],[92.979885,22.002276],[92.978955,21.995351],[92.977094,21.993026],[92.974924,21.990907],[92.968103,21.987238],[92.961695,21.986876],[92.955597,21.989615],[92.950326,21.995351],[92.937407,22.013024],[92.920974,22.021809],[92.906194,22.017314],[92.89865,21.995403],[92.889244,21.966722],[92.877462,21.957007],[92.867024,21.966516],[92.862063,21.995403],[92.853898,22.024135],[92.836121,22.046511],[92.771629,22.104182],[92.708067,22.147952],[92.683779,22.154308],[92.67396,22.147073],[92.671067,22.133896],[92.674684,22.105577],[92.67396,22.095242],[92.669516,22.092658],[92.664555,22.093846],[92.662075,22.094777],[92.656184,22.075294],[92.65608,22.060567],[92.658354,22.046562],[92.658354,22.032816],[92.650913,22.019174],[92.639854,22.013386],[92.627555,22.012353],[92.615256,22.008787],[92.603887,21.995403],[92.597996,21.989305],[92.591278,21.984241],[92.583837,21.980313],[92.575879,21.977574],[92.575155,21.986566],[92.573088,21.995403],[92.559962,22.061342],[92.537328,22.128625],[92.549317,22.138495],[92.5642,22.13834],[92.575568,22.143301],[92.577015,22.168674],[92.518931,22.495372],[92.517381,22.51258],[92.504565,22.543793],[92.500844,22.560536],[92.502911,22.618621],[92.495883,22.695618],[92.491543,22.71107],[92.480691,22.726159],[92.453715,22.747967],[92.442037,22.762927],[92.435009,22.793287],[92.426327,22.87106],[92.411858,22.887932],[92.378681,22.900438],[92.359871,22.926612],[92.352223,22.960331],[92.35305,23.029913],[92.327625,23.171429],[92.328555,23.211194],[92.332689,23.226258],[92.350673,23.260984],[92.357494,23.278942],[92.356874,23.289122],[92.352223,23.298837],[92.347055,23.315426],[92.346745,23.325296],[92.349536,23.344959],[92.348606,23.354105],[92.344885,23.359118],[92.331656,23.368652],[92.326695,23.375267],[92.325351,23.382166],[92.326901,23.396015],[92.325351,23.403508],[92.31977,23.412164],[92.306748,23.423869],[92.301477,23.431801],[92.296826,23.44658],[92.291038,23.495285],[92.252797,23.609309],[92.250007,23.642615],[92.261686,23.685119],[92.259737,23.702641],[92.259309,23.706487],[92.238741,23.716848],[92.222102,23.707779],[92.209389,23.661606],[92.1943,23.648144],[92.180761,23.665378],[92.170632,23.703645],[92.150788,23.731653],[92.108414,23.718243],[92.092187,23.701345],[92.059631,23.659487],[92.042371,23.64556],[92.019013,23.640057],[92.00351,23.647421],[91.961652,23.691139],[91.949147,23.709768],[91.936641,23.72354],[91.922688,23.722972],[91.916487,23.709872],[91.91442,23.688323],[91.915971,23.65016],[91.942325,23.53443],[91.940775,23.495182],[91.918141,23.459939],[91.905118,23.446632],[91.889099,23.435935],[91.833805,23.413895],[91.817682,23.400924],[91.791637,23.368342],[91.762595,23.321549],[91.743681,23.272327],[91.749159,23.232407],[91.763938,23.200626],[91.779028,23.131767],[91.791947,23.101149],[91.795564,23.089496],[91.791327,23.080375],[91.776237,23.06526],[91.773757,23.064898],[91.764248,23.065647],[91.760941,23.065492],[91.75598,23.061539],[91.755567,23.056837],[91.75629,23.05216],[91.75505,23.048233],[91.738307,23.024668],[91.731279,23.01733],[91.714432,23.003119],[91.706991,22.995368],[91.694692,22.988133],[91.667614,22.982629],[91.654074,22.978056],[91.646943,22.976583],[91.639915,22.978004],[91.632784,22.980304],[91.625756,22.981544],[91.616661,22.978056],[91.61201,22.969839],[91.608289,22.960331],[91.602398,22.952967],[91.586068,22.944466],[91.582968,22.947903],[91.583071,22.957799],[91.576766,22.968806],[91.563124,22.974981],[91.549791,22.977229],[91.536562,22.981854],[91.523643,22.995213],[91.519406,23.005625],[91.518165,23.035081],[91.515582,23.038802],[91.506073,23.041179],[91.503283,23.044408],[91.498115,23.069962],[91.475067,23.143085],[91.470416,23.153291],[91.463595,23.184116],[91.461218,23.184426],[91.446438,23.197887],[91.445405,23.203029],[91.446748,23.208791],[91.446438,23.215535],[91.439927,23.223519],[91.439617,23.22264],[91.436207,23.215716],[91.436517,23.214863],[91.428145,23.229513],[91.413572,23.248634],[91.394349,23.262664],[91.372128,23.261889],[91.360966,23.247523],[91.355695,23.224139],[91.355901,23.179646],[91.374608,23.095723],[91.370887,23.062779],[91.337401,23.071074],[91.313527,23.101046],[91.300504,23.142309],[91.27725,23.303256],[91.272909,23.313488],[91.267535,23.321549],[91.265778,23.329352],[91.272909,23.338499],[91.282934,23.347646],[91.287275,23.355552],[91.283968,23.361443],[91.270945,23.364596],[91.25813,23.373639],[91.247898,23.393767],[91.234462,23.436271],[91.229707,23.461179],[91.22733,23.468775],[91.220819,23.477896],[91.203352,23.487921],[91.195084,23.495182],[91.185886,23.511563],[91.177514,23.544275],[91.169866,23.561974],[91.140824,23.6121],[91.136276,23.629515],[91.139687,23.65357],[91.152296,23.655095],[91.166456,23.654087],[91.175241,23.670313],[91.168936,23.685377],[91.1524,23.69101],[91.136587,23.69889],[91.132349,23.720646],[91.141754,23.739896],[91.157567,23.744986],[91.176584,23.746536],[91.194981,23.755166],[91.205213,23.771573],[91.225263,23.826144],[91.228157,23.84498],[91.224023,23.857485],[91.212758,23.88074],[91.211931,23.89446],[91.216272,23.908387],[91.250378,23.964042],[91.26092,23.977271],[91.274149,23.988227],[91.291616,23.994816],[91.304948,23.99386],[91.308433,23.992501],[91.316214,23.989467],[91.327066,23.987865],[91.339055,23.995229],[91.349287,24.036053],[91.350837,24.074242],[91.363033,24.099848],[91.404581,24.103129],[91.480442,24.088014],[91.517545,24.085198],[91.55868,24.089668],[91.581831,24.096101],[91.596507,24.10499],[91.606015,24.118865],[91.613767,24.140104],[91.624515,24.203459],[91.629063,24.215319],[91.639502,24.211702],[91.657175,24.171368],[91.666167,24.155917],[91.68415,24.145478],[91.703684,24.142946],[91.72115,24.148992],[91.732623,24.164314],[91.732002,24.181678],[91.725801,24.202064],[91.723011,24.220977],[91.732933,24.234284],[91.796598,24.221598],[91.807037,24.221133],[91.809724,24.214544],[91.811377,24.192039],[91.813755,24.183124],[91.844244,24.155323],[91.864501,24.150594],[91.87711,24.158036],[91.884345,24.175554],[91.905945,24.260639],[91.906875,24.280354],[91.896437,24.320119],[91.899847,24.33805],[91.921862,24.34451],[91.930957,24.336965],[91.953074,24.322987],[91.972194,24.316062],[91.971368,24.329679],[91.948837,24.363527],[91.949974,24.375387],[92.033379,24.36885],[92.062732,24.37102],[92.08826,24.38164],[92.107587,24.405979],[92.111204,24.434298],[92.105933,24.49525],[92.110894,24.514293],[92.123193,24.525378],[92.138593,24.533723],[92.14998,24.542183],[92.153165,24.544549],[92.163604,24.5592],[92.168875,24.574315],[92.173422,24.608396],[92.182931,24.647256],[92.233781,24.777533],[92.236468,24.793036],[92.236881,24.80859],[92.235021,24.824765],[92.234928,24.824991],[92.221792,24.856908],[92.221759,24.857047],[92.217658,24.874581],[92.223032,24.891376],[92.252177,24.902977],[92.290245,24.891351],[92.290418,24.891298],[92.358146,24.853749],[92.358321,24.853652],[92.359321,24.846428],[92.359354,24.846185],[92.363507,24.84112],[92.363592,24.841017],[92.37093,24.837917],[92.380748,24.836702],[92.442037,24.855409],[92.477693,24.86391],[92.491543,24.883728],[92.49454,24.894864],[92.491336,24.912279],[92.491267,24.912424],[92.483791,24.928221],[92.474386,24.93667],[92.474272,24.936715],[92.449788,24.946437],[92.450028,24.946636],[92.458056,24.953284],[92.457828,24.953558],[92.454026,24.958116],[92.453769,24.958231],[92.444517,24.962379],[92.444446,24.962427],[92.412478,24.984083],[92.41246,24.984361],[92.412271,24.987391],[92.41214,24.987434],[92.41186,24.987527],[92.394701,24.99323],[92.38695,24.99509],[92.386926,24.995202],[92.386876,24.995444],[92.384937,25.004773],[92.381058,25.023435],[92.356254,25.037],[92.328142,25.048007],[92.312122,25.0686],[92.303544,25.074285],[92.251557,25.080796],[92.233677,25.084956],[92.220138,25.090382],[92.208046,25.098107],[92.194093,25.109166],[92.17921,25.126684],[92.172699,25.131955],[92.164741,25.133557],[92.150995,25.129733],[92.145517,25.131697],[92.138593,25.1364],[92.124123,25.136968],[92.116165,25.139449],[92.110377,25.144875],[92.100455,25.159086],[92.092911,25.164718],[92.066039,25.174537],[92.033999,25.181668],[92.001753,25.18296],[91.975088,25.175364],[91.956278,25.169783],[91.900571,25.177586],[91.793704,25.165338],[91.745335,25.169369],[91.730142,25.167457],[91.723734,25.161928],[91.71774,25.149836],[91.710712,25.144668],[91.701823,25.147148],[91.688904,25.152988],[91.677432,25.152626],[91.672264,25.136503],[91.662033,25.127201],[91.638675,25.124049],[91.613147,25.125134],[91.596197,25.128907],[91.580177,25.140895],[91.573459,25.152264],[91.566121,25.159964],[91.548758,25.161101],[91.540179,25.157639],[91.523436,25.145185],[91.511654,25.142497],[91.500905,25.141154],[91.480752,25.135263],[91.471036,25.133919],[91.431866,25.13795],[91.283968,25.178981],[91.235702,25.201925],[91.224953,25.201615],[91.203146,25.191332],[91.190847,25.189471],[91.135346,25.191228],[90.975149,25.167819],[90.94342,25.157432],[90.934821,25.15636],[90.82198,25.142291],[90.793972,25.145391],[90.779399,25.151954],[90.766893,25.160533],[90.753974,25.167561],[90.737955,25.169421],[90.732684,25.166889],[90.722038,25.156605],[90.716354,25.153556],[90.707672,25.152988],[90.670568,25.158776],[90.648968,25.167819],[90.637599,25.171075],[90.62344,25.171436],[90.583339,25.162031],[90.50138,25.168801],[90.399784,25.149009],[90.364644,25.149991],[90.286923,25.180066],[90.130085,25.211589],[89.908134,25.296907],[89.870204,25.295563],[89.834599,25.282437],[89.819044,25.284969],[89.807365,25.304503],[89.798529,25.340056],[89.795015,25.374163],[89.799234,25.402893],[89.800699,25.412869],[89.808568,25.439507],[89.82323,25.489143],[89.82509,25.564487],[89.834392,25.634767],[89.824212,25.674093],[89.801526,25.724684],[89.783129,25.814446],[89.786953,25.839147],[89.830051,25.90798],[89.834392,25.931752],[89.826434,25.937488],[89.810724,25.93878],[89.792017,25.949115],[89.811551,25.955213],[89.825607,25.965703],[89.828656,25.979397],[89.815272,25.995107],[89.814135,25.99614],[89.812688,25.996347],[89.811034,25.996037],[89.809329,25.99521],[89.809174,25.995107],[89.808864,25.995107],[89.802043,25.988647],[89.795531,25.98596],[89.789434,25.987976],[89.783956,25.995107],[89.776411,26.008233],[89.755844,26.032417],[89.750211,26.041564],[89.748713,26.059031],[89.751141,26.071536],[89.749849,26.083887],[89.736724,26.100579],[89.728766,26.114169],[89.724321,26.130654],[89.718482,26.145537],[89.706545,26.154167],[89.697656,26.154787],[89.677709,26.153133],[89.670371,26.154115],[89.658175,26.159231],[89.655798,26.161298],[89.657245,26.165381],[89.657829,26.187174],[89.658382,26.207859],[89.653008,26.22269],[89.634921,26.225842],[89.61332,26.219383],[89.606396,26.211011],[89.608463,26.180677],[89.615284,26.169101],[89.614406,26.164192],[89.593993,26.169722],[89.586759,26.169205],[89.579937,26.166104],[89.573426,26.16073],[89.562781,26.142591],[89.569395,26.130086],[89.585777,26.122903],[89.604225,26.120732],[89.592546,26.113963],[89.57787,26.107245],[89.566915,26.098977],[89.567018,26.087091],[89.57694,26.082647],[89.590789,26.085024],[89.603864,26.084662],[89.611357,26.072208],[89.602882,26.055258],[89.559163,26.022237],[89.550689,25.995055],[89.551825,25.981516],[89.549087,25.968855],[89.541697,25.959709],[89.528416,25.957125],[89.518184,25.962086],[89.509451,25.972628],[89.495343,25.995055],[89.490641,25.997329],[89.485628,25.998724],[89.480615,25.999241],[89.426407,25.995055],[89.426355,25.994952],[89.421187,25.993195],[89.416123,25.992626],[89.411266,25.993195],[89.406615,25.995055],[89.391422,26.015467],[89.379743,26.015312],[89.367754,26.005442],[89.351476,25.996864],[89.335301,25.998569],[89.315147,26.006786],[89.296906,26.018155],[89.272979,26.043476],[89.237633,26.0581],[89.229261,26.067196],[89.22306,26.086574],[89.212621,26.098977],[89.197842,26.10771],[89.131593,26.133755],[89.11919,26.146622],[89.111697,26.164502],[89.103377,26.22517],[89.095884,26.241035],[89.075885,26.271059],[89.069426,26.287389],[89.068857,26.314261],[89.08033,26.315604],[89.094799,26.309506],[89.103532,26.313692],[89.102912,26.327335],[89.095729,26.334518],[89.071855,26.340616],[89.055215,26.347023],[89.054078,26.353948],[89.057282,26.36263],[89.052631,26.374619],[89.043743,26.381078],[89.02178,26.386246],[89.010877,26.390173],[89.001781,26.39715],[88.986537,26.412704],[88.975323,26.417872],[88.959303,26.428569],[88.950157,26.43694],[88.94101,26.439421],[88.924577,26.432135],[88.911968,26.421231],[88.899462,26.404488],[88.891246,26.385781],[88.891866,26.368779],[88.912433,26.348935],[88.941217,26.340099],[88.966021,26.328472],[88.975323,26.299946],[88.981731,26.291833],[88.989689,26.289404],[88.998629,26.291523],[89.007983,26.297156],[89.004365,26.27571],[89.0116,26.269199],[89.023537,26.268837],[89.034338,26.265788],[89.039712,26.247185],[89.019455,26.234472],[88.975323,26.224344],[88.946849,26.232922],[88.902718,26.272919],[88.875794,26.277364],[88.855641,26.265116],[88.840654,26.232043],[88.824841,26.226566],[88.807995,26.233439],[88.798486,26.24765],[88.792027,26.2646],[88.784017,26.279947],[88.747947,26.292505],[88.663404,26.264444],[88.645834,26.27602],[88.653276,26.2831],[88.690121,26.299843],[88.702988,26.309661],[88.712238,26.328265],[88.709706,26.340616],[88.69627,26.350279],[88.673378,26.360718],[88.667435,26.368159],[88.66852,26.385729],[88.661079,26.388881],[88.652242,26.391517],[88.649865,26.39839],[88.651932,26.407071],[88.656273,26.415133],[88.633018,26.420094],[88.622373,26.424538],[88.611521,26.430843],[88.603563,26.440196],[88.597878,26.451461],[88.591161,26.461228],[88.579172,26.466034],[88.557984,26.465724],[88.549768,26.466654],[88.526823,26.475388],[88.506825,26.487635],[88.49866,26.49487],[88.487911,26.505773],[88.475405,26.514972],[88.462383,26.528821],[88.446467,26.535539],[88.411016,26.545099],[88.397891,26.55869],[88.394997,26.578379],[88.395927,26.599566],[88.394377,26.618015],[88.385282,26.623544],[88.372518,26.611607],[88.36027,26.593107],[88.352829,26.578689],[88.332365,26.514662],[88.319342,26.494921],[88.313865,26.481537],[88.315105,26.465052],[88.322546,26.451772],[88.335621,26.448206],[88.34022,26.454149],[88.34301,26.477196],[88.346524,26.484018],[88.353552,26.484586],[88.37691,26.475336],[88.434581,26.465156],[88.461143,26.45389],[88.475405,26.432031],[88.495456,26.378081],[88.497626,26.352708],[88.475405,26.355808],[88.467912,26.354051],[88.45799,26.353018],[88.448637,26.353431],[88.442022,26.356118],[88.431687,26.362216],[88.426003,26.357927],[88.421197,26.348729],[88.413807,26.340202],[88.366781,26.313434],[88.351692,26.30098],[88.336602,26.281808],[88.332933,26.267235],[88.334535,26.230803],[88.326267,26.21592],[88.308697,26.206102],[88.250303,26.188015],[88.229787,26.184036],[88.218884,26.18016],[88.211959,26.173752],[88.205654,26.166414],[88.196921,26.159645],[88.163796,26.140473],[88.155632,26.128484],[88.144469,26.095876],[88.141369,26.090502],[88.139922,26.085334],[88.141162,26.075464],[88.14478,26.070503],[88.150981,26.066989],[88.156407,26.061408],[88.157905,26.050452],[88.151032,26.031332],[88.125866,26.0134],[88.106539,25.979966],[88.088039,25.923225],[88.082664,25.915939],[88.077393,25.912786],[88.074396,25.908135],[88.082044,25.863849],[88.088969,25.848656],[88.087574,25.839974],[88.087574,25.830983],[88.103335,25.814808],[88.108038,25.806281],[88.114911,25.787264],[88.127726,25.774914],[88.146433,25.77574],[88.166225,25.783647],[88.18271,25.792432],[88.227462,25.804266],[88.259915,25.789021],[88.320273,25.725253],[88.392981,25.680759],[88.41944,25.653784],[88.423781,25.592237],[88.437785,25.579835],[88.475405,25.562575],[88.485586,25.542628],[88.512767,25.523714],[88.520467,25.509297],[88.530286,25.500202],[88.550956,25.496481],[88.593589,25.495086],[88.613175,25.486404],[88.645421,25.467336],[88.66635,25.462891],[88.67808,25.465889],[88.687072,25.473898],[88.69565,25.483614],[88.706192,25.491675],[88.71415,25.492812],[88.723142,25.491417],[88.732651,25.491003],[88.742572,25.495189],[88.741952,25.512759],[88.772338,25.501959],[88.780968,25.495189],[88.793112,25.48196],[88.805824,25.471676],[88.814919,25.458602],[88.816315,25.437208],[88.799313,25.401706],[88.799623,25.395609],[88.810372,25.388426],[88.813266,25.380054],[88.814041,25.370391],[88.81833,25.359642],[88.841998,25.332822],[88.849026,25.327189],[88.859258,25.324709],[88.880187,25.323468],[88.88613,25.319076],[88.902873,25.303418],[88.926489,25.300472],[88.975323,25.302643],[88.982713,25.294478],[88.984935,25.284969],[88.982351,25.274892],[88.975323,25.265229],[88.937754,25.240166],[88.929073,25.229417],[88.927988,25.21593],[88.930778,25.202649],[88.927884,25.192727],[88.909642,25.189161],[88.924163,25.167871],[88.898635,25.169318],[88.830216,25.191332],[88.823601,25.194846],[88.81709,25.196809],[88.809132,25.195259],[88.802517,25.188128],[88.792337,25.166579],[88.784224,25.160946],[88.724537,25.166475],[88.664593,25.186888],[88.634259,25.192262],[88.599119,25.19314],[88.590127,25.190143],[88.577725,25.177482],[88.570697,25.173245],[88.55938,25.170764],[88.554677,25.171126],[88.550026,25.173142],[88.523154,25.179808],[88.491838,25.191125],[88.475405,25.195104],[88.441299,25.18973],[88.43148,25.173038],[88.434168,25.116659],[88.425796,25.051056],[88.414117,25.021523],[88.391018,24.99509],[88.387865,24.968761],[88.37567,24.94561],[88.340892,24.90414],[88.322753,24.874684],[88.313606,24.868302],[88.296812,24.869698],[88.25485,24.879955],[88.242758,24.880601],[88.24188,24.898766],[88.232836,24.918273],[88.21878,24.935146],[88.20245,24.9453],[88.18302,24.94698],[88.16452,24.941114],[88.114911,24.916413],[88.114911,24.912021],[88.120337,24.906775],[88.124936,24.898145],[88.138062,24.863496],[88.140955,24.844583],[88.13124,24.831767],[88.117391,24.819261],[88.107779,24.801097],[88.094808,24.803112],[88.088245,24.796136],[88.085352,24.784018],[88.084008,24.770453],[88.07698,24.761177],[88.064268,24.759162],[88.053209,24.754976],[88.048455,24.711206],[88.035432,24.693817],[88.027164,24.67573],[88.02179,24.645603],[88.04091,24.640435],[88.05724,24.634105],[88.067265,24.613667],[88.081838,24.599869],[88.08499,24.593875],[88.08499,24.541733],[88.086023,24.53672],[88.090002,24.533],[88.098787,24.522484],[88.107934,24.507963],[88.10995,24.500986],[88.138785,24.49525],[88.401301,24.369418],[88.475405,24.315468],[88.49835,24.310972],[88.5631,24.308207],[88.612451,24.292885],[88.634517,24.294125],[88.649503,24.315364],[88.660149,24.338257],[88.681801,24.33389],[88.714564,24.315416],[88.737508,24.287097],[88.743038,24.247539],[88.74495,24.243379],[88.747482,24.226972],[88.749807,24.223251],[88.746397,24.214079],[88.734821,24.198421],[88.731617,24.189842],[88.731456,24.189771],[88.715907,24.182918],[88.69379,24.175321],[88.683765,24.166536],[88.67808,24.154289],[88.678287,24.144651],[88.68299,24.124291],[88.681801,24.112664],[88.675393,24.091838],[88.674101,24.08264],[88.67901,24.071219],[88.697821,24.056259],[88.700921,24.04365],[88.725002,24.038379],[88.725468,24.028896],[88.71384,24.014685],[88.701593,23.995281],[88.708363,23.98355],[88.714357,23.964404],[88.717148,23.943139],[88.71415,23.925156],[88.704435,23.913709],[88.666505,23.8795],[88.653121,23.869784],[88.633949,23.866141],[88.613175,23.867847],[88.593589,23.866916],[88.577621,23.85516],[88.574366,23.845626],[88.575451,23.836556],[88.577621,23.827616],[88.577518,23.818521],[88.57235,23.806894],[88.557674,23.785681],[88.552713,23.774984],[88.552507,23.765424],[88.559741,23.750283],[88.561188,23.741007],[88.540104,23.649953],[88.541551,23.638765],[88.550956,23.634424],[88.56124,23.632486],[88.566356,23.62874],[88.564392,23.616208],[88.561085,23.608612],[88.561705,23.602023],[88.57142,23.592334],[88.581549,23.588329],[88.601289,23.590344],[88.609247,23.588794],[88.624233,23.573859],[88.647643,23.535076],[88.664489,23.518307],[88.69379,23.499807],[88.704642,23.495182],[88.719421,23.468104],[88.731927,23.472625],[88.743709,23.489317],[88.756835,23.498799],[88.770168,23.488826],[88.767894,23.467277],[88.719266,23.348292],[88.69503,23.312609],[88.685935,23.293308],[88.686607,23.271604],[88.69658,23.252354],[88.710016,23.241218],[88.775697,23.221633],[88.786187,23.221529],[88.794197,23.224966],[88.800967,23.230754],[88.809545,23.236051],[88.822671,23.237963],[88.839621,23.23481],[88.909642,23.212434],[88.918066,23.208584],[88.926954,23.206517],[88.954239,23.207422],[88.959975,23.202693],[88.95982,23.194451],[88.954704,23.183806],[88.945868,23.174349],[88.919099,23.153859],[88.864787,23.100271],[88.8513,23.07513],[88.848716,23.023841],[88.839414,22.995368],[88.838794,22.975808],[88.842773,22.964568],[88.861738,22.942399],[88.872177,22.926767],[88.893468,22.879638],[88.905147,22.866435],[88.933103,22.858115],[88.944524,22.848012],[88.946798,22.834525],[88.945144,22.815094],[88.941217,22.795664],[88.936876,22.782331],[88.926231,22.767035],[88.914965,22.7544],[88.908144,22.740784],[88.910573,22.722593],[88.92251,22.693706],[88.92592,22.680839],[88.930003,22.658618],[88.942354,22.637482],[88.952017,22.611903],[88.95641,22.584979],[88.950312,22.561983],[88.927988,22.548134],[88.959045,22.536817],[88.970982,22.527928],[88.979974,22.490928],[88.998371,22.451241],[89.002505,22.427986],[89.000748,22.420131],[88.99217,22.406954],[88.989482,22.39667],[88.989586,22.386903],[89.001523,22.333677],[89.006949,22.321429],[89.023537,22.294816],[89.00912,22.285618],[89.018628,22.264689],[89.062295,22.211565],[89.070718,22.194822],[89.076196,22.17503],[89.078159,22.150845],[89.060693,22.130485],[89.060395,22.129869],[89.060313,22.130601],[89.043712,22.137397],[89.048595,22.122952],[89.045665,22.112047],[89.039887,22.100898],[89.036876,22.085598],[89.04005,22.069525],[89.054047,22.043647],[89.057384,22.031236],[89.065603,21.967108],[89.060883,21.938463],[89.036876,21.925116],[89.023123,21.931098],[89.013031,21.929429],[89.008067,21.920559],[89.009532,21.904608],[88.993012,21.912665],[88.96046,21.934312],[88.944672,21.938788],[88.937836,21.948717],[88.934581,21.969306],[88.928722,21.986558],[88.91391,21.986558],[88.90504,21.969428],[88.910818,21.946479],[88.924083,21.926337],[88.937836,21.91767],[88.951915,21.913886],[88.968272,21.904731],[88.99586,21.884182],[89.01588,21.853339],[89.030935,21.770453],[89.043712,21.733344],[89.047862,21.728013],[89.067882,21.709133],[89.082774,21.678209],[89.085216,21.674709],[89.088227,21.633734],[89.082693,21.617336],[89.06422,21.609198],[89.053233,21.609809],[89.044688,21.613511],[89.038829,21.619452],[89.036876,21.626899],[89.033946,21.633246],[89.027599,21.624579],[89.021658,21.611802],[89.019786,21.606106],[89.000255,21.60342],[88.975759,21.615912],[88.933849,21.643948],[88.896983,21.650133],[88.891612,21.65351],[88.886078,21.661811],[88.881602,21.672024],[88.872081,21.74901],[88.866059,21.766832],[88.858653,21.766832],[88.855724,21.748847],[88.841563,21.716254],[88.838227,21.701972],[88.842947,21.684149],[88.859874,21.652574],[88.858653,21.636542],[88.844249,21.622219],[88.823985,21.617255],[88.805837,21.62287],[88.797862,21.640204],[88.814789,21.653876],[88.81837,21.65762],[88.818533,21.665839],[88.816661,21.675035],[88.810883,21.691718],[88.804942,21.671861],[88.800466,21.661851],[88.7942,21.65762],[88.784028,21.655951],[88.779063,21.65119],[88.77711,21.643541],[88.776866,21.63345],[88.781749,21.614244],[88.791026,21.598863],[88.796641,21.584418],[88.790538,21.568264],[88.762462,21.555854],[88.727875,21.559882],[88.70753,21.578315],[88.722179,21.609198],[88.687999,21.678127],[88.684906,21.697211],[88.703624,21.810614],[88.698009,21.825507],[88.694509,21.83983],[88.714692,21.897854],[88.71697,21.951972],[88.722179,21.966132],[88.733165,21.9772],[88.746837,21.987128],[88.758311,21.999457],[88.763031,22.017279],[88.754649,22.037584],[88.717052,22.058051],[88.708507,22.072211],[88.714854,22.086982],[88.730154,22.103583],[88.763031,22.130561],[88.743907,22.12934],[88.726573,22.121161],[88.712169,22.109036],[88.701671,22.095852],[88.694835,22.081529],[88.692882,22.065863],[88.699474,22.053209],[88.718516,22.048041],[88.730724,22.037177],[88.723318,22.013088],[88.701671,21.97602],[88.698416,21.962592],[88.689952,21.94599],[88.678722,21.936672],[88.667003,21.945014],[88.656261,21.941067],[88.642589,21.940904],[88.63087,21.945461],[88.625987,21.955512],[88.627452,21.970404],[88.631684,21.979804],[88.646332,22.00023],[88.653494,22.018012],[88.652599,22.031806],[88.648774,22.046047],[88.64503,22.075141],[88.639496,22.097235],[88.639496,22.109524],[88.656993,22.151068],[88.674001,22.162055],[88.683116,22.184963],[88.679942,22.204413],[88.660167,22.205024],[88.661143,22.198961],[88.656016,22.183254],[88.649669,22.169094],[88.646332,22.167792],[88.644298,22.162299],[88.634939,22.144965],[88.63087,22.1258],[88.622081,22.116034],[88.619151,22.109524],[88.618337,22.102973],[88.619965,22.078315],[88.625499,22.059272],[88.625987,22.048041],[88.620372,22.029975],[88.60255,22.006415],[88.598643,21.990302],[88.600271,21.947211],[88.598399,21.929348],[88.567068,21.850816],[88.564626,21.832343],[88.56544,21.771186],[88.564626,21.766832],[88.581309,21.769436],[88.604177,21.778754],[88.624034,21.778022],[88.632823,21.750067],[88.630219,21.731757],[88.623383,21.710273],[88.612641,21.697496],[88.598643,21.70539],[88.591807,21.70539],[88.59962,21.637274],[88.595063,21.612128],[88.578136,21.62344],[88.578136,21.571682],[88.572276,21.557929],[88.55893,21.555569],[88.54477,21.561998],[88.536469,21.5751],[88.530284,21.564399],[88.529633,21.553371],[88.534434,21.542914],[88.543956,21.534084],[88.51295,21.524644],[88.493907,21.534817],[88.487966,21.556545],[88.495616,21.581855],[88.502126,21.589342],[88.5088,21.594387],[88.514008,21.600816],[88.516124,21.612616],[88.516612,21.62641],[88.518809,21.639146],[88.52296,21.649888],[88.529633,21.65762],[88.509532,21.712307],[88.504893,21.741523],[88.512706,21.763414],[88.532888,21.795315],[88.531016,21.824123],[88.51588,21.850816],[88.495616,21.876695],[88.514659,21.916205],[88.514985,21.937201],[88.495616,21.951809],[88.499848,21.933661],[88.492361,21.922024],[88.481212,21.909898],[88.474457,21.890326],[88.477061,21.871812],[88.492035,21.837144],[88.495616,21.818671],[88.4935,21.805162],[88.488292,21.803656],[88.481456,21.805162],[88.474457,21.800971],[88.468272,21.777248],[88.457693,21.758857],[88.45338,21.741767],[88.452159,21.722805],[88.454763,21.70539],[88.468598,21.677151],[88.472179,21.663275],[88.468272,21.643948],[88.456309,21.62401],[88.441905,21.616156],[88.426117,21.611029],[88.409679,21.59927],[88.393077,21.600246],[88.383556,21.631415],[88.382823,21.671332],[88.392589,21.698554],[88.380626,21.696194],[88.364513,21.686957],[88.355724,21.684963],[88.346202,21.688625],[88.340668,21.697496],[88.336436,21.708726],[88.331228,21.719062],[88.326345,21.711086],[88.324718,21.701361],[88.327403,21.691107],[88.345714,21.6706],[88.349457,21.660956],[88.348806,21.650295],[88.34547,21.636542],[88.33546,21.61579],[88.321788,21.605658],[88.309744,21.610175],[88.304454,21.63345],[88.302013,21.745185],[88.298188,21.764106],[88.289806,21.780219],[88.273123,21.797919],[88.261567,21.798651],[88.264171,21.775295],[88.295421,21.676581],[88.297048,21.653876],[88.294444,21.642808],[88.28419,21.621243],[88.283376,21.609198],[88.287608,21.600287],[88.300629,21.589342],[88.304454,21.581855],[88.305837,21.571682],[88.303722,21.568793],[88.297862,21.566555],[88.28712,21.558295],[88.278982,21.555162],[88.266124,21.55386],[88.254405,21.554674],[88.249278,21.558295],[88.245942,21.579901],[88.237478,21.601711],[88.224376,21.613023],[88.208263,21.602973],[88.189464,21.641791],[88.181895,21.665229],[88.180919,21.684963],[88.19044,21.704088],[88.203461,21.724351],[88.21046,21.74726],[88.201427,21.774319],[88.209727,21.78856],[88.203787,21.805406],[88.154063,21.888088],[88.156423,21.897854],[88.159434,21.906155],[88.146739,21.959215],[88.149913,21.976386],[88.156261,21.990871],[88.164317,22.003119],[88.206798,22.053371],[88.222423,22.077948],[88.212738,22.100043],[88.20338,22.15176],[88.198009,22.167792],[88.165294,22.185004],[88.118419,22.200181],[88.081309,22.217353],[88.077322,22.240424],[88.059744,22.229478],[88.043468,22.224758],[88.027029,22.227851],[88.009044,22.240424],[87.985118,22.265937],[87.972667,22.283189],[87.967459,22.298489],[87.964203,22.319281],[87.950694,22.356187],[87.94752,22.373847],[87.946137,22.394924],[87.94044,22.413031],[87.927989,22.424221],[87.906586,22.42475],[87.906586,22.418606],[87.922862,22.397773],[87.935802,22.35517],[87.94752,22.277655],[87.95281,22.262437],[87.965343,22.244818],[87.991954,22.215888],[88.008474,22.204901],[88.025401,22.200914],[88.057384,22.198879],[88.09547,22.19123],[88.132579,22.179145],[88.160981,22.156562],[88.173513,22.116889],[88.164317,22.089789],[88.140636,22.060126],[88.111176,22.034857],[88.084727,22.020697],[88.048595,22.020738],[88.043142,22.017279],[88.045177,22.006537],[88.049001,21.995429],[88.050792,21.985012],[88.046886,21.97602],[88.0324,21.95718],[87.983653,21.854193],[87.97047,21.836493],[87.957774,21.828925],[87.948009,21.825385],[87.909028,21.798814],[87.902192,21.79682],[87.899181,21.794827],[87.895681,21.789374],[87.894786,21.778754],[87.892914,21.774319],[87.867198,21.7508],[87.833995,21.729315],[87.755707,21.691718],[87.703787,21.655504],[87.683849,21.650133],[87.6421,21.652086],[87.621349,21.650621],[87.477387,21.613593],[87.468761,21.611396],[87.404959,21.586656],[87.341807,21.562405],[87.293468,21.553656],[87.256114,21.561998],[87.245942,21.556586],[87.235199,21.554511],[87.211436,21.554592],[87.200938,21.551988],[87.113048,21.507961],[87.063731,21.475002],[86.917654,21.327379],[86.866954,21.256049],[86.83725,21.174709],[86.844005,21.082221],[86.952159,20.849107],[86.965668,20.805976],[86.953868,20.780585],[86.93629,20.787502],[86.916515,20.788072],[86.878754,20.780585],[86.889334,20.764472],[86.910655,20.756415],[86.957205,20.753241],[86.979991,20.755561],[86.986583,20.751858],[86.994884,20.738959],[87.000011,20.728217],[87.001801,20.71898],[86.998709,20.711127],[86.988617,20.70425],[86.975759,20.710679],[86.961192,20.712836],[86.948253,20.709052],[86.940196,20.697984],[86.951915,20.697008],[86.961192,20.695054],[86.968516,20.691148],[86.974294,20.684394],[86.9817,20.68537],[86.986501,20.684394],[86.990245,20.679999],[86.994884,20.670722],[87.019379,20.680365],[87.033376,20.690172],[87.043224,20.697984],[87.027517,20.679674],[87.003591,20.65705],[86.976248,20.637885],[86.923188,20.621731],[86.774181,20.511949],[86.751475,20.489163],[86.733897,20.462226],[86.72462,20.431952],[86.72047,20.368476],[86.741954,20.379543],[86.756358,20.393744],[86.769786,20.400702],[86.788748,20.390123],[86.788259,20.402818],[86.789806,20.4147],[86.796153,20.437323],[86.809825,20.415107],[86.7942,20.37816],[86.768321,20.343451],[86.751475,20.32807],[86.739268,20.324205],[86.719737,20.31509],[86.701671,20.303778],[86.693696,20.293931],[86.701671,20.284654],[86.719737,20.291734],[86.754649,20.314439],[86.717459,20.286933],[86.628184,20.235256],[86.583832,20.218207],[86.53419,20.206122],[86.511485,20.197455],[86.495128,20.184068],[86.490408,20.174058],[86.478852,20.12934],[86.468516,20.10928],[86.467133,20.094672],[86.41505,20.036322],[86.391449,20.020209],[86.396739,20.009955],[86.404145,20.002631],[86.414073,19.998847],[86.42628,19.999172],[86.397227,19.982856],[86.348399,20.008857],[86.275401,20.067369],[86.231293,20.064887],[86.209158,20.066636],[86.199718,20.077948],[86.195974,20.080308],[86.173025,20.1022],[86.168468,20.113186],[86.163097,20.134833],[86.158702,20.143134],[86.152517,20.143134],[86.14503,20.122016],[86.154307,20.089993],[86.158702,20.081041],[86.167735,20.072943],[86.187755,20.063666],[86.213715,20.042426],[86.230235,20.035305],[86.268565,20.026435],[86.273448,20.02619],[86.284679,20.027493],[86.289073,20.026435],[86.293224,20.02143],[86.294119,20.015692],[86.2942,20.010403],[86.295909,20.006578],[86.302908,19.999091],[86.308116,19.992092],[86.314952,19.986884],[86.326671,19.984849],[86.341563,19.979885],[86.356456,19.970404],[86.372406,19.964993],[86.268565,19.910346],[86.111583,19.855699],[86.089041,19.844224],[86.07838,19.843573],[86.066742,19.851996],[86.056651,19.856879],[86.04656,19.852525],[86.037934,19.845282],[86.032074,19.841498],[86.01352,19.839057],[85.888845,19.802965],[85.846365,19.795844],[85.808604,19.773383],[85.788829,19.765692],[85.778087,19.764635],[85.744395,19.765692],[85.734386,19.763617],[85.714854,19.754218],[85.684581,19.747748],[85.624278,19.718573],[85.625987,19.722886],[85.635997,19.72663],[85.63795,19.731635],[85.614268,19.727932],[85.549164,19.690619],[85.480479,19.666327],[85.456798,19.663316],[85.44988,19.666693],[85.44752,19.674628],[85.446788,19.690619],[85.443126,19.69245],[85.43686,19.691352],[85.430431,19.691718],[85.42628,19.697455],[85.427013,19.704088],[85.431651,19.704901],[85.43686,19.704657],[85.439301,19.707994],[85.450857,19.716295],[85.47755,19.723863],[85.521983,19.739081],[85.525564,19.734036],[85.523448,19.728705],[85.518891,19.721584],[85.514985,19.711127],[85.558849,19.738105],[85.576508,19.745836],[85.567638,19.7508],[85.563243,19.756903],[85.564138,19.76439],[85.570323,19.773179],[85.567149,19.791653],[85.570323,19.875637],[85.55714,19.881781],[85.514985,19.889309],[85.476817,19.901028],[85.463552,19.902899],[85.440115,19.896226],[85.41627,19.879788],[85.374522,19.837795],[85.319591,19.793647],[85.30421,19.79267],[85.290294,19.789944],[85.278087,19.78559],[85.268077,19.780015],[85.246837,19.762641],[85.220958,19.736029],[85.20338,19.707261],[85.206554,19.683783],[85.189952,19.670966],[85.175141,19.636908],[85.165538,19.6258],[85.150157,19.613471],[85.140147,19.596584],[85.139334,19.579779],[85.151378,19.567776],[85.151378,19.560289],[85.139171,19.557074],[85.122895,19.549018],[85.108897,19.538967],[85.102875,19.529608],[85.104503,19.514879],[85.108735,19.506781],[85.115489,19.507473],[85.124034,19.519355],[85.128754,19.509508],[85.130219,19.498725],[85.128673,19.487982],[85.124034,19.478339],[85.135753,19.481594],[85.141775,19.487128],[85.145763,19.493476],[85.151378,19.498847],[85.162446,19.503485],[85.171153,19.504462],[85.178559,19.504299],[85.185557,19.505683],[85.202891,19.517157],[85.201915,19.527086],[85.1963,19.538479],[85.199229,19.554104],[85.206309,19.548],[85.214529,19.547268],[85.223643,19.549954],[85.233246,19.554104],[85.203787,19.570502],[85.193044,19.57392],[85.193044,19.580797],[85.212901,19.581122],[85.223643,19.590237],[85.232595,19.601549],[85.247569,19.60871],[85.247569,19.614936],[85.241873,19.617011],[85.237315,19.620551],[85.234386,19.625678],[85.233246,19.632554],[85.236339,19.635321],[85.247813,19.653144],[85.247569,19.65648],[85.260753,19.656073],[85.309093,19.642239],[85.350597,19.677639],[85.36378,19.678046],[85.37436,19.674709],[85.383067,19.676093],[85.391449,19.690619],[85.399181,19.679145],[85.403168,19.671291],[85.404959,19.661933],[85.405284,19.645941],[85.402192,19.643988],[85.388682,19.638251],[85.384613,19.635972],[85.382172,19.63109],[85.380382,19.619615],[85.37794,19.614936],[85.368419,19.6081],[85.352306,19.599433],[85.336762,19.596096],[85.330089,19.604967],[85.326427,19.618801],[85.31837,19.619534],[85.311046,19.6105],[85.309093,19.595038],[85.303477,19.59748],[85.293793,19.599555],[85.288422,19.601264],[85.302501,19.586656],[85.305837,19.580146],[85.302908,19.57392],[85.330577,19.576402],[85.576508,19.690619],[85.540294,19.669582],[85.46339,19.631049],[85.380219,19.593817],[85.336681,19.575181],[85.285411,19.536282],[85.240571,19.518052],[85.180431,19.475002],[85.069509,19.372138],[84.99586,19.32331],[84.872081,19.219875],[84.791026,19.120592],[84.777761,19.116197],[84.775157,19.115302],[84.764415,19.12344],[84.750662,19.138373],[84.73878,19.14765],[84.733653,19.139146],[84.731212,19.128811],[84.720958,19.114244],[84.719981,19.10163],[84.72283,19.096015],[84.735362,19.083197],[84.740489,19.073676],[84.756847,19.097642],[84.760997,19.10163],[84.767833,19.101793],[84.775238,19.100491],[84.78004,19.097073],[84.778331,19.09101],[84.75115,19.0539],[84.741059,19.028144],[84.699474,18.977484],[84.679535,18.945705],[84.66505,18.930121],[84.63087,18.915717],[84.547862,18.796088],[84.54184,18.775784],[84.448253,18.68065],[84.437185,18.662787],[84.432628,18.645697],[84.423676,18.636461],[84.370453,18.601304],[84.349457,18.56981],[84.332856,18.553697],[84.312266,18.546698],[84.306326,18.543687],[84.288585,18.529771],[84.281749,18.52558],[84.272716,18.524319],[84.250011,18.524237],[84.246918,18.52558],[84.237641,18.510932],[84.24936,18.501654],[84.271007,18.50019],[84.297699,18.516303],[84.326182,18.537421],[84.349946,18.552924],[84.331228,18.538642],[84.287934,18.505764],[84.240082,18.460761],[84.230479,18.446234],[84.188324,18.418036],[84.17449,18.399848],[84.152843,18.383612],[84.143891,18.374823],[84.138927,18.364163],[84.136485,18.353583],[84.132823,18.343411],[84.124034,18.333808],[84.113129,18.298285],[84.077403,18.271552],[83.775157,18.139594],[83.613943,18.045152],[83.582286,18.01911],[83.576182,18.009752],[83.562836,17.9831],[83.55836,17.977525],[83.556651,17.973456],[83.53891,17.956285],[83.534434,17.953315],[83.526134,17.942532],[83.486583,17.916897],[83.472911,17.902493],[83.465587,17.902493],[83.462901,17.908515],[83.451915,17.922919],[83.448985,17.906887],[83.452403,17.886217],[83.452973,17.868476],[83.431163,17.854234],[83.425304,17.838609],[83.417735,17.80622],[83.402354,17.784491],[83.341319,17.717434],[83.319102,17.703192],[83.313243,17.701158],[83.304373,17.692206],[83.298595,17.690131],[83.292735,17.691148],[83.289561,17.693264],[83.287446,17.69538],[83.284679,17.696357],[83.282237,17.699286],[83.280284,17.705959],[83.276378,17.71308],[83.26824,17.717475],[83.246918,17.716254],[83.242035,17.706529],[83.249278,17.69538],[83.271983,17.688137],[83.292491,17.677476],[83.298595,17.672797],[83.299083,17.664293],[83.289236,17.65762],[83.26824,17.648586],[83.255138,17.638129],[83.246918,17.634223],[83.212901,17.634914],[83.233897,17.607733],[83.238943,17.592963],[83.222911,17.586493],[83.209239,17.583686],[83.196137,17.576809],[83.171397,17.559801],[83.088227,17.530707],[83.053233,17.506496],[83.019867,17.490912],[82.99643,17.473456],[82.975841,17.453681],[82.969574,17.4501],[82.95281,17.44595],[82.945486,17.443101],[82.896821,17.409329],[82.888682,17.410142],[82.883311,17.422065],[82.869151,17.414008],[82.854259,17.402818],[82.837657,17.392768],[82.796397,17.383043],[82.758149,17.359198],[82.718516,17.348619],[82.474864,17.205959],[82.451915,17.18244],[82.435069,17.153795],[82.422862,17.13996],[82.387706,17.126939],[82.370372,17.110093],[82.342052,17.073188],[82.311697,17.046617],[82.299327,17.030341],[82.291677,16.99844],[82.252696,16.929185],[82.250743,16.907864],[82.255138,16.885321],[82.267914,16.867499],[82.29835,16.858466],[82.303559,16.854193],[82.308116,16.849555],[82.31422,16.846625],[82.319591,16.847235],[82.327159,16.849433],[82.333344,16.852118],[82.334646,16.854071],[82.352061,16.845404],[82.362478,16.859076],[82.361176,16.891343],[82.357432,16.924872],[82.348888,16.956488],[82.361176,16.936021],[82.366547,16.908637],[82.367442,16.860297],[82.365571,16.811591],[82.352061,16.761298],[82.345958,16.706122],[82.338145,16.678412],[82.31422,16.62816],[82.312348,16.619859],[82.313813,16.612982],[82.312836,16.60814],[82.303966,16.606431],[82.299327,16.610093],[82.293793,16.625637],[82.286876,16.62816],[82.280935,16.620836],[82.285492,16.606513],[82.296072,16.59101],[82.307384,16.579779],[82.259044,16.565497],[82.203461,16.512681],[82.188243,16.504055],[82.173025,16.500922],[82.122895,16.477362],[82.090668,16.454779],[82.068614,16.444281],[82.037364,16.447659],[82.022716,16.435736],[82.007823,16.419582],[81.992686,16.408433],[81.9817,16.407864],[81.967947,16.408922],[81.956228,16.407172],[81.94809,16.391547],[81.940766,16.388373],[81.899913,16.38581],[81.880544,16.381659],[81.861664,16.375393],[81.783214,16.338568],[81.76295,16.322577],[81.717621,16.312201],[81.711599,16.312201],[81.696056,16.314927],[81.676931,16.327379],[81.656261,16.337348],[81.636404,16.332709],[81.620942,16.339504],[81.584972,16.342108],[81.568126,16.346381],[81.573904,16.358344],[81.569184,16.36758],[81.556977,16.373033],[81.540212,16.373684],[81.549083,16.352362],[81.535981,16.350043],[81.49586,16.360663],[81.475352,16.358629],[81.416677,16.340155],[81.421153,16.350979],[81.426117,16.35871],[81.428233,16.365668],[81.424083,16.373684],[81.411388,16.382514],[81.398936,16.382636],[81.386974,16.376776],[81.375743,16.367499],[81.35963,16.374335],[81.345225,16.373603],[81.331554,16.369778],[81.317393,16.367499],[81.259613,16.332709],[81.248546,16.320136],[81.249848,16.311021],[81.256033,16.301825],[81.259613,16.288642],[81.254161,16.271308],[81.230317,16.243598],[81.218516,16.199449],[81.190278,16.138861],[81.180024,16.086737],[81.161957,16.057074],[81.156016,16.03852],[81.155447,15.9855],[81.14975,15.969631],[81.135102,15.966498],[81.088227,15.92121],[81.043305,15.89411],[81.026866,15.880845],[80.998871,15.846747],[80.998383,15.834703],[81.00294,15.825263],[81.0088,15.817816],[81.012543,15.811957],[81.019216,15.792385],[81.019054,15.784166],[81.012543,15.777818],[81.004731,15.77851],[80.99586,15.784329],[80.988292,15.791205],[80.979015,15.803412],[80.949474,15.827867],[80.940684,15.832994],[80.921641,15.838609],[80.910004,15.852688],[80.904307,15.871283],[80.90268,15.890815],[80.910167,15.965888],[80.908946,15.983466],[80.906016,15.999823],[80.896495,16.031073],[80.892263,16.020941],[80.896495,16.010565],[80.889008,16.00373],[80.885753,16.008694],[80.882823,16.011461],[80.875336,16.017401],[80.891287,15.978258],[80.895763,15.936021],[80.890147,15.89525],[80.855724,15.822699],[80.830251,15.747626],[80.820079,15.726874],[80.80714,15.716376],[80.80836,15.803941],[80.802745,15.842434],[80.776134,15.884263],[80.760102,15.892971],[80.736339,15.89761],[80.69044,15.900702],[80.682465,15.903266],[80.67628,15.907172],[80.670177,15.907701],[80.663097,15.900702],[80.660411,15.893948],[80.662852,15.88935],[80.618419,15.887681],[80.600108,15.882229],[80.584321,15.872545],[80.571137,15.86872],[80.56072,15.880845],[80.553884,15.880845],[80.541677,15.868069],[80.52589,15.85692],[80.491873,15.83926],[80.482677,15.836412],[80.475597,15.835924],[80.469086,15.834662],[80.461436,15.829657],[80.445486,15.814399],[80.43629,15.808295],[80.393321,15.797024],[80.35963,15.775824],[80.279633,15.70067],[80.263194,15.674547],[80.219493,15.56745],[80.217459,15.548163],[80.201345,15.518297],[80.197602,15.503079],[80.211192,15.496649],[80.20045,15.482164],[80.183849,15.452297],[80.172862,15.4383],[80.14031,15.406399],[80.126801,15.388129],[80.121267,15.370022],[80.090587,15.304877],[80.09254,15.296576],[80.082367,15.204088],[80.052989,15.092597],[80.054535,15.014146],[80.061534,14.974677],[80.073416,14.942043],[80.073009,14.920559],[80.105154,14.763861],[80.108165,14.714342],[80.110688,14.704779],[80.116954,14.698147],[80.128184,14.688463],[80.151866,14.672797],[80.159841,14.662665],[80.166352,14.62816],[80.173595,14.616523],[80.178477,14.60578],[80.175955,14.592963],[80.169688,14.585842],[80.160899,14.57982],[80.141856,14.571234],[80.149181,14.565009],[80.159353,14.565741],[80.183279,14.571112],[80.190196,14.571234],[80.196951,14.565009],[80.196056,14.559027],[80.192393,14.553209],[80.190196,14.547593],[80.188243,14.525702],[80.175955,14.468736],[80.178722,14.38939],[80.174978,14.34455],[80.159434,14.324774],[80.137055,14.269924],[80.128184,14.256537],[80.097911,14.254299],[80.087169,14.250312],[80.071788,14.232245],[80.070079,14.229193],[80.055024,14.221584],[80.046641,14.20661],[80.050629,14.196112],[80.073497,14.20185],[80.090994,14.216742],[80.106619,14.234036],[80.121104,14.242011],[80.13559,14.229193],[80.123383,14.193508],[80.125824,14.148505],[80.149669,14.027737],[80.16391,13.987982],[80.237153,13.839667],[80.249278,13.800279],[80.245453,13.755601],[80.227387,13.720526],[80.220958,13.696967],[80.227712,13.677069],[80.238048,13.660224],[80.259044,13.591742],[80.288097,13.527086],[80.309581,13.479315],[80.313731,13.440904],[80.306895,13.440904],[80.277761,13.512519],[80.245453,13.591742],[80.197276,13.643622],[80.183604,13.679185],[80.152517,13.71894],[80.141856,13.728949],[80.141775,13.649115],[80.13559,13.619086],[80.121267,13.627265],[80.117686,13.638861],[80.121267,13.663764],[80.117849,13.674506],[80.109874,13.680732],[80.100841,13.686265],[80.094005,13.69477],[80.093598,13.671332],[80.091319,13.659125],[80.075531,13.648383],[80.052989,13.619086],[80.056488,13.59516],[80.069509,13.574408],[80.101329,13.537095],[80.112071,13.511542],[80.119395,13.500678],[80.131847,13.496161],[80.153087,13.494208],[80.175955,13.489325],[80.219737,13.487779],[80.227712,13.485582],[80.235118,13.478095],[80.243419,13.472154],[80.253429,13.468655],[80.260183,13.468451],[80.26588,13.468248],[80.26238,13.451239],[80.27475,13.440009],[80.293142,13.429145],[80.306895,13.413031],[80.312266,13.423163],[80.313731,13.427232],[80.326996,13.430365],[80.333995,13.413031],[80.344005,13.375434],[80.34783,13.349066],[80.345551,13.321234],[80.336274,13.270941],[80.334158,13.242906],[80.323741,13.246894],[80.319835,13.249172],[80.318044,13.230902],[80.313731,13.215033],[80.318207,13.216986],[80.334158,13.221177],[80.332774,13.198147],[80.324229,13.180365],[80.313813,13.164293],[80.306895,13.146064],[80.30714,13.135647],[80.313731,13.10578],[80.307953,13.096015],[80.289724,13.076728],[80.285818,13.067572],[80.282725,13.029364],[80.269054,12.957261],[80.263194,12.835354],[80.25172,12.762519],[80.233653,12.711005],[80.228689,12.674994],[80.222179,12.65998],[80.203868,12.632148],[80.196462,12.613715],[80.185069,12.567125],[80.18336,12.54682],[80.179698,12.53262],[80.156016,12.474514],[80.121267,12.416815],[80.117035,12.400946],[80.095958,12.36225],[80.087169,12.35102],[80.063731,12.33747],[80.059825,12.334215],[80.057465,12.331244],[80.025727,12.276516],[80.005138,12.256049],[79.952159,12.229926],[79.943858,12.217841],[79.953136,12.213568],[79.973806,12.222398],[80.005138,12.241767],[79.947602,12.153632],[79.933604,12.138739],[79.927501,12.129869],[79.896983,12.068752],[79.870128,12.037421],[79.861827,12.02204],[79.860525,12.011542],[79.861827,11.977973],[79.85963,11.972724],[79.850352,11.959133],[79.849539,11.955064],[79.844981,11.933254],[79.820323,11.878648],[79.803233,11.796088],[79.792735,11.788072],[79.785899,11.769192],[79.7671,11.673651],[79.763438,11.634263],[79.754161,11.596991],[79.751964,11.576972],[79.757335,11.536078],[79.780772,11.465074],[79.785981,11.426174],[79.792979,11.426174],[79.797374,11.434882],[79.799164,11.442206],[79.797618,11.44831],[79.792979,11.453518],[79.809337,11.451361],[79.816661,11.443061],[79.821951,11.391059],[79.819347,11.381496],[79.810313,11.378892],[79.782725,11.378892],[79.776052,11.380357],[79.769298,11.380927],[79.7588,11.378363],[79.749848,11.373684],[79.740408,11.366441],[79.684337,11.312201],[79.67628,11.296454],[79.683116,11.296454],[79.6963,11.303412],[79.742035,11.335598],[79.751964,11.340522],[79.759288,11.358344],[79.776378,11.362982],[79.796886,11.359036],[79.823741,11.346666],[79.829926,11.346096],[79.833018,11.341986],[79.834972,11.263861],[79.855317,11.159857],[79.852224,11.006985],[79.84669,10.979844],[79.840668,10.950141],[79.847341,10.809638],[79.849864,10.755194],[79.850271,10.592108],[79.85963,10.551459],[79.86378,10.37873],[79.8567,10.29328],[79.851329,10.282213],[79.834321,10.278754],[79.814626,10.272406],[79.795095,10.269232],[79.778575,10.275377],[79.78004,10.296617],[79.757091,10.309068],[79.633149,10.328599],[79.621267,10.324164],[79.614106,10.309556],[79.630382,10.310492],[79.646495,10.309638],[79.661794,10.307074],[79.67628,10.30272],[79.684581,10.298733],[79.694672,10.291653],[79.703624,10.289049],[79.730805,10.289049],[79.758962,10.282213],[79.773692,10.273668],[79.772472,10.261705],[79.759776,10.258246],[79.580089,10.295885],[79.563487,10.297105],[79.556651,10.298651],[79.552745,10.30272],[79.551768,10.3133],[79.556895,10.316067],[79.565196,10.315741],[79.573904,10.316962],[79.604015,10.329088],[79.607107,10.336005],[79.586925,10.343695],[79.567719,10.335883],[79.528575,10.338324],[79.532237,10.330024],[79.532237,10.323188],[79.511485,10.316596],[79.459727,10.308295],[79.437266,10.309556],[79.411957,10.32099],[79.398123,10.324652],[79.385509,10.320136],[79.36378,10.301907],[79.304942,10.268134],[79.286143,10.252834],[79.272227,10.234442],[79.270274,10.223334],[79.270681,10.20954],[79.269216,10.197821],[79.261974,10.192857],[79.248302,10.189195],[79.240001,10.179755],[79.236339,10.166571],[79.237478,10.151923],[79.244314,10.084947],[79.254161,10.054267],[79.279063,10.035834],[79.240733,10.010565],[79.200369,9.970282],[79.141856,9.891181],[79.121349,9.850246],[79.103526,9.830146],[79.100841,9.826077],[79.094086,9.802314],[79.07781,9.782172],[79.038829,9.747219],[78.980805,9.667182],[78.979828,9.658637],[78.980235,9.649115],[78.977306,9.637926],[78.97283,9.631293],[78.962087,9.622707],[78.956798,9.617499],[78.94752,9.602851],[78.938324,9.583686],[78.931488,9.561672],[78.925304,9.513617],[78.913259,9.47427],[78.915294,9.45303],[78.933442,9.416449],[78.959727,9.384955],[79.039887,9.314683],[79.074718,9.299872],[79.115571,9.291246],[79.25172,9.28852],[79.273774,9.296698],[79.29713,9.312649],[79.320079,9.32331],[79.341075,9.315863],[79.345714,9.306545],[79.34254,9.299018],[79.336681,9.290473],[79.333669,9.278266],[79.335704,9.267646],[79.340587,9.260932],[79.345225,9.255927],[79.347341,9.250312],[79.353526,9.240912],[79.367931,9.227607],[79.438243,9.176337],[79.453624,9.159003],[79.440278,9.151353],[79.424001,9.159084],[79.361013,9.213446],[79.292735,9.250312],[79.232432,9.25788],[79.21697,9.267401],[79.20102,9.266506],[79.184093,9.271796],[79.165375,9.274237],[79.129405,9.256334],[79.098643,9.257229],[79.087169,9.253811],[79.060802,9.264594],[79.025727,9.273749],[78.988943,9.278266],[78.956798,9.274848],[78.948985,9.270494],[78.928966,9.253811],[78.918468,9.251614],[78.911306,9.252143],[78.90447,9.253567],[78.895518,9.253811],[78.861013,9.248969],[78.843761,9.243964],[78.815196,9.22842],[78.77711,9.219387],[78.761567,9.209703],[78.751964,9.200588],[78.740733,9.192816],[78.727794,9.187445],[78.67628,9.184149],[78.661306,9.177191],[78.655121,9.161566],[78.648936,9.151435],[78.634776,9.144599],[78.618826,9.14053],[78.48585,9.124823],[78.44988,9.116604],[78.41212,9.09984],[78.377452,9.07746],[78.239757,8.965562],[78.217621,8.938951],[78.182791,8.877102],[78.177908,8.86107],[78.17449,8.79442],[78.170421,8.771877],[78.162364,8.753485],[78.175792,8.763902],[78.188731,8.765448],[78.20045,8.76968],[78.210216,8.788275],[78.21518,8.765448],[78.2046,8.753323],[78.186534,8.74494],[78.1692,8.733629],[78.164806,8.726508],[78.154959,8.698879],[78.140473,8.680609],[78.136729,8.669867],[78.142589,8.657904],[78.114594,8.657904],[78.135509,8.6258],[78.142345,8.593085],[78.128266,8.488023],[78.123302,8.477525],[78.114594,8.466132],[78.087169,8.440497],[78.079845,8.431952],[78.062755,8.373196],[78.055919,8.363715],[78.038829,8.360907],[77.999766,8.344916],[77.806163,8.228664],[77.793468,8.215318],[77.768321,8.181545],[77.752452,8.173814],[77.643809,8.155707],[77.595225,8.138983],[77.561046,8.114569],[77.565278,8.082506],[77.510916,8.075995],[77.449718,8.08747],[77.315603,8.127753],[77.308604,8.130927],[77.294688,8.14704],[77.286794,8.15351],[77.26295,8.168402],[77.238943,8.175116],[77.225271,8.184394],[77.128754,8.271796],[77.110362,8.285183],[76.99586,8.368109],[76.962576,8.40469],[76.880138,8.520697],[76.826508,8.56981],[76.813731,8.601264],[76.74171,8.684516],[76.731293,8.707953],[76.695649,8.739814],[76.66033,8.79975],[76.644542,8.818996],[76.558604,8.890692],[76.543956,8.912502],[76.548106,8.924221],[76.559093,8.925238],[76.573253,8.904446],[76.591156,8.908149],[76.609874,8.917955],[76.620616,8.925442],[76.60727,8.925767],[76.593761,8.921047],[76.581554,8.919908],[76.572276,8.931627],[76.573985,8.942572],[76.582286,8.956366],[76.593272,8.968207],[76.603282,8.973212],[76.657563,8.966376],[76.660818,8.969875],[76.65211,8.977281],[76.640391,8.984442],[76.634288,8.986884],[76.641938,8.99136],[76.656505,8.995063],[76.668468,8.999823],[76.668468,9.007392],[76.657888,9.010688],[76.644054,9.00788],[76.632091,9.002346],[76.62672,8.997463],[76.620616,8.987128],[76.606456,8.989407],[76.582774,9.000556],[76.576834,8.994127],[76.565929,8.963284],[76.558604,8.952094],[76.551117,8.966376],[76.558116,8.973049],[76.561534,8.97899],[76.56544,8.99433],[76.549653,8.984442],[76.538829,8.972602],[76.534434,8.957831],[76.538097,8.939114],[76.528087,8.946967],[76.521495,8.96133],[76.517914,8.977444],[76.516856,8.990627],[76.513845,9.002143],[76.500173,9.022284],[76.489268,9.055569],[76.46046,9.114936],[76.462413,9.138332],[76.464529,9.132514],[76.466645,9.128974],[76.468272,9.124579],[76.469086,9.116604],[76.476573,9.116604],[76.476248,9.131252],[76.482758,9.17182],[76.473318,9.164252],[76.470958,9.160142],[76.469086,9.151353],[76.462413,9.151353],[76.44337,9.212144],[76.428233,9.245347],[76.414561,9.246975],[76.416026,9.236314],[76.446788,9.159613],[76.448741,9.145168],[76.442556,9.145168],[76.362966,9.325181],[76.311778,9.492987],[76.291026,9.633205],[76.29713,9.658433],[76.277354,9.809272],[76.253184,9.883734],[76.246755,9.893744],[76.240245,9.939399],[76.236339,9.952704],[76.251475,9.963121],[76.269542,9.950995],[76.284679,9.928534],[76.291026,9.908596],[76.285655,9.904364],[76.262218,9.911566],[76.256847,9.908596],[76.25766,9.895819],[76.26059,9.884711],[76.266856,9.876044],[76.277354,9.870754],[76.278575,9.876899],[76.28419,9.891181],[76.289073,9.877143],[76.288259,9.861233],[76.284434,9.848212],[76.280772,9.842841],[76.289806,9.843817],[76.299978,9.847805],[76.304698,9.856269],[76.29713,9.870754],[76.308604,9.879625],[76.313813,9.861314],[76.338878,9.699408],[76.346202,9.699408],[76.347341,9.726874],[76.337576,9.789252],[76.346202,9.816107],[76.323985,9.846177],[76.320079,9.86164],[76.332693,9.870754],[76.337413,9.856187],[76.353038,9.82982],[76.359223,9.816107],[76.361095,9.80386],[76.358653,9.781806],[76.359223,9.768297],[76.368012,9.715562],[76.377126,9.695502],[76.394054,9.678941],[76.392426,9.662828],[76.386567,9.649848],[76.379161,9.637763],[76.372895,9.624335],[76.353282,9.535346],[76.357432,9.520697],[76.37672,9.514472],[76.425792,9.505276],[76.435069,9.507636],[76.458995,9.497301],[76.477061,9.50373],[76.503266,9.53498],[76.484386,9.543769],[76.466563,9.556383],[76.448497,9.563422],[76.428233,9.555406],[76.417247,9.561428],[76.406993,9.569078],[76.419688,9.594184],[76.419607,9.614488],[76.41505,9.636176],[76.414561,9.682685],[76.410004,9.700263],[76.402599,9.710598],[76.394054,9.706244],[76.3921,9.716946],[76.394786,9.735175],[76.394054,9.747219],[76.390798,9.756985],[76.382091,9.774726],[76.380382,9.785102],[76.384044,9.802639],[76.391287,9.812201],[76.396495,9.822659],[76.394054,9.842841],[76.38559,9.861518],[76.36378,9.899237],[76.359223,9.915432],[76.320811,9.953315],[76.311534,9.966946],[76.294281,9.951321],[76.278168,9.977932],[76.269298,10.016262],[76.273936,10.035834],[76.255056,10.047675],[76.245128,10.1022],[76.236339,10.103461],[76.227712,10.109565],[76.222911,10.117621],[76.215343,10.138251],[76.20753,10.117133],[76.213552,10.098822],[76.223481,10.082099],[76.229015,10.065904],[76.230968,10.025824],[76.235037,10.005072],[76.242686,9.987454],[76.228201,9.999945],[76.21461,10.024482],[76.182384,10.105658],[76.181163,10.121161],[76.184906,10.13581],[76.184581,10.144924],[76.177745,10.155341],[76.177501,10.17064],[76.224132,10.196926],[76.236339,10.210273],[76.237315,10.216986],[76.24171,10.223944],[76.242686,10.231024],[76.240245,10.238959],[76.234386,10.237942],[76.227794,10.23428],[76.22283,10.234442],[76.21339,10.253241],[76.206309,10.262885],[76.194835,10.268622],[76.207856,10.234565],[76.209483,10.21601],[76.201671,10.199693],[76.184093,10.189358],[76.170584,10.193752],[76.160492,10.206244],[76.153168,10.22016],[76.138194,10.261054],[76.120616,10.343573],[76.10613,10.38467],[76.070079,10.432807],[76.065115,10.449856],[76.063324,10.47016],[76.052419,10.513983],[76.044607,10.529283],[76.018728,10.553412],[76.008067,10.567084],[75.999685,10.605536],[75.939138,10.72606],[75.934744,10.74433],[75.93214,10.750963],[75.926931,10.757717],[75.922048,10.76557],[75.921072,10.775702],[75.924083,10.780707],[75.936534,10.790717],[75.94158,10.79621],[75.911143,10.809231],[75.894542,10.849758],[75.880138,10.932685],[75.832774,11.097846],[75.742931,11.310126],[75.737804,11.319485],[75.733653,11.325181],[75.730805,11.331732],[75.729259,11.343655],[75.739513,11.350735],[75.742442,11.35871],[75.735525,11.371527],[75.722179,11.367499],[75.711192,11.381781],[75.69516,11.419989],[75.677094,11.4501],[75.664806,11.462633],[75.650157,11.46776],[75.630138,11.468736],[75.616547,11.473619],[75.608897,11.484931],[75.606293,11.505316],[75.600841,11.523383],[75.581879,11.549791],[75.585297,11.563381],[75.530772,11.693671],[75.506114,11.72724],[75.379731,11.864976],[75.372569,11.864732],[75.355805,11.857652],[75.35255,11.861558],[75.349376,11.871975],[75.324555,11.899115],[75.307628,11.932196],[75.326508,11.935858],[75.400238,11.920233],[75.400238,11.926459],[75.386567,11.935126],[75.382823,11.945502],[75.385997,11.958319],[75.393403,11.97484],[75.380219,11.968695],[75.361339,11.951239],[75.349132,11.947577],[75.331716,11.94953],[75.316091,11.955634],[75.302257,11.966051],[75.290375,11.981106],[75.278819,12.003241],[75.281098,12.010647],[75.314708,12.008368],[75.329763,12.012641],[75.324962,12.02265],[75.305593,12.041775],[75.30421,12.043158],[75.264334,12.013332],[75.260509,11.997789],[75.276703,11.967434],[75.245616,12.002916],[75.239268,12.008368],[75.233246,12.010484],[75.228201,12.015082],[75.224457,12.019355],[75.222179,12.02204],[75.216482,12.021064],[75.210623,12.016995],[75.207042,12.01203],[75.208507,12.008368],[75.193696,12.022284],[75.18629,12.041571],[75.180512,12.077297],[75.143809,12.161322],[75.13087,12.207831],[75.139659,12.241767],[75.139659,12.248603],[75.12672,12.245836],[75.11964,12.239],[75.113943,12.23017],[75.105479,12.221259],[75.10613,12.23371],[75.104747,12.24608],[75.098643,12.269029],[75.082856,12.305894],[75.018403,12.41474],[75.010997,12.435777],[75.009939,12.443793],[75.006602,12.449449],[74.99936,12.454901],[74.992035,12.461737],[74.98878,12.471381],[74.985362,12.49136],[74.976736,12.507025],[74.955251,12.537258],[74.879649,12.725491],[74.870128,12.742865],[74.855724,12.759426],[74.854259,12.765286],[74.854747,12.787014],[74.852306,12.797309],[74.844005,12.80801],[74.834972,12.815823],[74.827647,12.824652],[74.824962,12.838202],[74.85141,12.825507],[74.859141,12.824612],[74.866954,12.830024],[74.881114,12.848049],[74.889822,12.851874],[74.901134,12.85342],[74.917491,12.85814],[74.932872,12.866441],[74.940929,12.878607],[74.894786,12.871161],[74.850597,12.857164],[74.817556,12.861762],[74.770274,13.052436],[74.783376,13.084662],[74.774099,13.093411],[74.769216,13.099555],[74.76295,13.118801],[74.761892,13.143134],[74.759776,13.155219],[74.75294,13.160386],[74.74879,13.170844],[74.737804,13.221381],[74.733409,13.262763],[74.715099,13.331041],[74.707205,13.348375],[74.696137,13.365953],[74.689464,13.381578],[74.694591,13.393134],[74.687511,13.410346],[74.68336,13.442816],[74.680919,13.468248],[74.690766,13.439114],[74.693696,13.415269],[74.708263,13.413031],[74.701915,13.420356],[74.702403,13.442613],[74.701427,13.461371],[74.677094,13.52676],[74.677989,13.54914],[74.671397,13.603949],[74.673513,13.619086],[74.669932,13.622016],[74.667979,13.625149],[74.667166,13.628607],[74.666677,13.632758],[74.672862,13.628892],[74.677094,13.630316],[74.679698,13.636461],[74.680919,13.646959],[74.687185,13.646959],[74.696788,13.640448],[74.709972,13.64057],[74.723806,13.645575],[74.735606,13.653795],[74.720551,13.652289],[74.712901,13.656195],[74.701427,13.673733],[74.688324,13.68594],[74.688975,13.690863],[74.701427,13.69477],[74.687755,13.711819],[74.676036,13.701077],[74.660492,13.660061],[74.646983,13.692084],[74.623057,13.774156],[74.614594,13.835517],[74.595958,13.871487],[74.583995,13.903876],[74.550792,13.945502],[74.536388,13.969875],[74.504731,14.01024],[74.495372,14.030585],[74.494802,14.040717],[74.496267,14.06151],[74.495372,14.071519],[74.491384,14.080634],[74.479177,14.095649],[74.474864,14.105699],[74.473155,14.161689],[74.467459,14.181383],[74.438731,14.22012],[74.429047,14.240424],[74.43336,14.263373],[74.447032,14.253974],[74.471039,14.248684],[74.494965,14.247463],[74.508962,14.250312],[74.500011,14.257961],[74.436371,14.27969],[74.427745,14.28384],[74.415375,14.301093],[74.412608,14.344794],[74.403575,14.362982],[74.396983,14.372748],[74.394379,14.384914],[74.394216,14.410793],[74.391856,14.419013],[74.386729,14.424221],[74.381602,14.43122],[74.374278,14.467271],[74.353852,14.505072],[74.351899,14.530219],[74.367035,14.512356],[74.377452,14.484605],[74.388845,14.462714],[74.407237,14.461982],[74.397634,14.475409],[74.401134,14.479722],[74.427745,14.476264],[74.385427,14.524115],[74.372406,14.530219],[74.374685,14.533759],[74.377126,14.541002],[74.379242,14.544582],[74.368337,14.549709],[74.364106,14.54914],[74.358735,14.544582],[74.355479,14.557074],[74.355805,14.562405],[74.358735,14.571234],[74.342947,14.563666],[74.340994,14.551174],[74.342947,14.536851],[74.339041,14.523993],[74.32488,14.517239],[74.309825,14.519436],[74.300548,14.527411],[74.303559,14.537665],[74.295909,14.565009],[74.295177,14.587307],[74.307384,14.601874],[74.339041,14.605943],[74.339041,14.612779],[74.323904,14.618598],[74.312266,14.615465],[74.301117,14.60932],[74.28712,14.605943],[74.27589,14.610175],[74.268077,14.61994],[74.266856,14.631293],[74.276215,14.640082],[74.269216,14.658922],[74.263194,14.701606],[74.25294,14.71894],[74.23406,14.734076],[74.22047,14.738105],[74.208751,14.731838],[74.194347,14.715806],[74.180675,14.742174],[74.173839,14.749945],[74.169444,14.750881],[74.157725,14.748969],[74.153331,14.749945],[74.146495,14.761868],[74.145844,14.763617],[74.111339,14.780341],[74.096446,14.793362],[74.091319,14.811428],[74.109141,14.802639],[74.114024,14.808417],[74.114268,14.82095],[74.118663,14.831855],[74.128754,14.83747],[74.140473,14.838772],[74.151541,14.83511],[74.159516,14.82567],[74.169688,14.844468],[74.178966,14.856269],[74.190684,14.863105],[74.208018,14.866645],[74.21811,14.865383],[74.226899,14.862738],[74.233084,14.864569],[74.235199,14.876532],[74.230724,14.880113],[74.220876,14.882066],[74.211192,14.887356],[74.208018,14.900824],[74.19752,14.890855],[74.166189,14.876532],[74.159516,14.869778],[74.154063,14.862128],[74.14088,14.852688],[74.125011,14.845852],[74.111827,14.846177],[74.103038,14.85692],[74.091156,14.8876],[74.081065,14.893988],[74.077159,14.898383],[74.035981,14.921291],[74.030284,14.935207],[74.031016,14.949774],[74.035981,14.979641],[74.031261,14.995307],[74.020193,15.001776],[74.006847,15.004869],[73.995779,15.010688],[73.972992,15.056871],[73.964366,15.064643],[73.913097,15.078925],[73.922537,15.107856],[73.928966,15.120592],[73.937022,15.130439],[73.958263,15.143134],[73.962169,15.152045],[73.954112,15.16828],[73.947276,15.160834],[73.891287,15.343207],[73.882579,15.355292],[73.869477,15.359565],[73.848399,15.360093],[73.827403,15.36518],[73.810395,15.37759],[73.782888,15.407904],[73.839366,15.404039],[73.848399,15.404486],[73.860118,15.407864],[73.871918,15.401842],[73.884939,15.398017],[73.899587,15.407904],[73.93336,15.395413],[73.945323,15.385688],[73.954112,15.366278],[73.958507,15.367174],[73.961681,15.368232],[73.964203,15.370185],[73.967784,15.373765],[73.959972,15.380683],[73.937022,15.411322],[73.927582,15.417385],[73.885916,15.435207],[73.879161,15.435777],[73.865082,15.434312],[73.858572,15.435207],[73.854177,15.4383],[73.846853,15.447089],[73.841563,15.448879],[73.806163,15.452216],[73.796397,15.448879],[73.795177,15.460761],[73.800466,15.475002],[73.808849,15.488023],[73.817556,15.496649],[73.828136,15.50141],[73.872244,15.510932],[73.863129,15.516343],[73.859548,15.521145],[73.860525,15.525865],[73.865977,15.531399],[73.865977,15.537584],[73.796397,15.500393],[73.786388,15.492174],[73.766287,15.49726],[73.751231,15.513129],[73.756114,15.537584],[73.741222,15.559963],[73.736827,15.571723],[73.735118,15.586005],[73.737071,15.598538],[73.74171,15.604193],[73.746593,15.608385],[73.748709,15.616767],[73.760427,15.632025],[73.787364,15.641791],[73.838145,15.654283],[73.838145,15.661119],[73.801036,15.661851],[73.783865,15.659125],[73.776622,15.650865],[73.76824,15.646918],[73.733246,15.625067],[73.728282,15.619574],[73.718272,15.627143],[73.707042,15.643704],[73.697927,15.662828],[73.690766,15.693793],[73.685883,15.704291],[73.686778,15.713121],[73.700857,15.723212],[73.689871,15.724473],[73.672374,15.726508],[73.656016,15.730292],[73.646251,15.736884],[73.643565,15.749091],[73.646251,15.792141],[73.638845,15.817206],[73.604666,15.880845],[73.587576,15.902899],[73.528982,15.949164],[73.510102,15.967597],[73.490977,15.993476],[73.487315,16.014228],[73.515961,16.017401],[73.515961,16.024848],[73.499278,16.024319],[73.483897,16.028225],[73.472504,16.036363],[73.46811,16.048489],[73.464854,16.051663],[73.45753,16.054185],[73.450369,16.058905],[73.447032,16.068915],[73.452973,16.074164],[73.45753,16.079535],[73.460704,16.08633],[73.460704,16.14468],[73.46339,16.159573],[73.470225,16.168891],[73.479259,16.177232],[73.487966,16.189358],[73.465017,16.182278],[73.45281,16.166571],[73.448009,16.143297],[73.447032,16.113593],[73.440196,16.162014],[73.440196,16.202338],[73.435232,16.217841],[73.430837,16.218736],[73.425955,16.215155],[73.419688,16.216702],[73.413585,16.223944],[73.410411,16.230455],[73.406098,16.2508],[73.378673,16.332709],[73.377778,16.337958],[73.378673,16.35692],[73.375662,16.360256],[73.358246,16.367499],[73.359386,16.380601],[73.364431,16.389309],[73.373057,16.395657],[73.384939,16.401597],[73.367442,16.408637],[73.352061,16.418118],[73.341319,16.432074],[73.333995,16.468166],[73.319184,16.509752],[73.313813,16.518297],[73.305837,16.52265],[73.302989,16.533026],[73.303722,16.555569],[73.307302,16.563178],[73.314952,16.557603],[73.321951,16.548489],[73.323497,16.544989],[73.344005,16.523586],[73.355724,16.519436],[73.378673,16.518297],[73.369477,16.52147],[73.362315,16.525458],[73.356212,16.530748],[73.350841,16.538153],[73.35434,16.543158],[73.365001,16.554389],[73.371267,16.559272],[73.354015,16.559638],[73.336436,16.565619],[73.322765,16.576158],[73.317231,16.590277],[73.316091,16.598293],[73.314626,16.599433],[73.316091,16.600043],[73.323497,16.606431],[73.326996,16.607123],[73.358246,16.620673],[73.358409,16.603949],[73.363048,16.596829],[73.368663,16.599026],[73.371267,16.610175],[73.366466,16.628079],[73.354259,16.63467],[73.338878,16.631659],[73.323497,16.620673],[73.312185,16.644721],[73.310557,16.651435],[73.312511,16.658393],[73.321462,16.670844],[73.323497,16.679104],[73.321625,16.69245],[73.31658,16.699897],[73.300304,16.713202],[73.289561,16.74022],[73.295258,16.768052],[73.304454,16.793524],[73.303722,16.813137],[73.296886,16.80565],[73.286632,16.820868],[73.274669,16.848822],[73.269379,16.875637],[73.279552,16.887641],[73.279063,16.891913],[73.269379,16.929185],[73.270518,16.945014],[73.274913,16.958645],[73.289399,16.983832],[73.26238,16.996975],[73.254568,17.006741],[73.262706,17.018541],[73.251231,17.032172],[73.251475,17.042426],[73.258962,17.044094],[73.269379,17.031643],[73.277354,17.054674],[73.275727,17.078599],[73.267426,17.101386],[73.255138,17.120998],[73.261974,17.134955],[73.26059,17.150539],[73.255138,17.165188],[73.236176,17.199205],[73.236013,17.220608],[73.218028,17.253241],[73.214854,17.268744],[73.211192,17.275092],[73.193126,17.294013],[73.187022,17.305976],[73.203461,17.298733],[73.217133,17.286851],[73.231212,17.279283],[73.249034,17.284857],[73.234711,17.302314],[73.207367,17.353746],[73.195974,17.369371],[73.170584,17.389716],[73.166515,17.402167],[73.165294,17.413031],[73.177094,17.426663],[73.185395,17.441881],[73.17335,17.457424],[73.180675,17.477688],[73.165538,17.503404],[73.131684,17.539374],[73.125987,17.556545],[73.12794,17.564683],[73.136404,17.567206],[73.149425,17.567288],[73.163422,17.569485],[73.200694,17.586493],[73.185883,17.592515],[73.154063,17.595608],[73.139171,17.600775],[73.128184,17.611558],[73.121349,17.62641],[73.120291,17.642035],[73.12615,17.655422],[73.118907,17.663479],[73.110525,17.675727],[73.105479,17.68891],[73.108165,17.699774],[73.117361,17.711249],[73.12322,17.723334],[73.123302,17.735785],[73.115001,17.748196],[73.109874,17.758287],[73.106619,17.785549],[73.101329,17.796332],[73.08546,17.813666],[73.079438,17.824612],[73.073741,17.857123],[73.065196,17.878363],[73.018565,17.951728],[73.0171,17.972113],[73.035411,17.991848],[73.018891,17.992499],[73.008637,18.00023],[73.005219,18.012356],[73.0088,18.025946],[73.019542,18.035875],[73.032481,18.041083],[73.042247,18.048977],[73.043468,18.066962],[73.031993,18.06391],[73.022716,18.057685],[73.015147,18.04914],[73.0088,18.039008],[73.00115,18.052069],[72.987315,18.066555],[72.980968,18.080552],[72.983165,18.081732],[72.986664,18.087714],[72.988129,18.096015],[72.98463,18.104193],[72.978363,18.111884],[72.976085,18.118638],[72.967296,18.19599],[72.954845,18.217515],[72.926931,18.223944],[72.935232,18.244778],[72.939952,18.251288],[72.934825,18.25788],[72.933279,18.266588],[72.935069,18.276313],[72.939952,18.286038],[72.953136,18.281317],[72.95753,18.274604],[72.959239,18.265855],[72.964529,18.25495],[72.972667,18.244696],[72.976736,18.24258],[72.98227,18.244208],[72.995128,18.245063],[73.012462,18.24315],[73.0324,18.23786],[73.050955,18.227484],[73.063487,18.210354],[73.047618,18.201158],[73.047618,18.188788],[73.057465,18.185614],[73.071544,18.204088],[73.073985,18.224189],[73.065278,18.257554],[73.071544,18.273017],[73.056977,18.280951],[73.042979,18.282375],[73.012462,18.279202],[72.994884,18.283596],[72.977387,18.295071],[72.968028,18.310614],[72.974783,18.327582],[72.958751,18.328111],[72.950857,18.332953],[72.933604,18.354926],[72.927908,18.357571],[72.922537,18.356635],[72.917328,18.356391],[72.912608,18.361151],[72.909841,18.368069],[72.910167,18.372504],[72.911632,18.377346],[72.912608,18.385647],[72.910167,18.399237],[72.904307,18.408515],[72.897227,18.417304],[72.891449,18.429389],[72.889659,18.441311],[72.891449,18.480902],[72.895763,18.502997],[72.907237,18.523586],[72.924653,18.535631],[72.946788,18.532416],[72.961111,18.517727],[72.990245,18.469957],[73.0088,18.450507],[73.014985,18.469957],[73.004405,18.480048],[72.98878,18.489936],[72.980968,18.508857],[72.977875,18.524115],[72.970388,18.541002],[72.960297,18.554674],[72.950206,18.56037],[72.921153,18.554877],[72.910167,18.558987],[72.905772,18.577135],[72.882172,18.635484],[72.864513,18.648912],[72.855317,18.681138],[72.851736,18.719672],[72.852387,18.769924],[72.856944,18.7862],[72.865571,18.799384],[72.879161,18.807359],[72.887055,18.807034],[72.902029,18.799506],[72.912608,18.799994],[72.926931,18.826646],[72.938975,18.816962],[72.974783,18.779486],[72.966319,18.76142],[72.969574,18.746975],[72.980642,18.736762],[72.995128,18.731024],[72.988048,18.753852],[72.99171,18.779364],[73.002452,18.801459],[73.016287,18.813625],[72.987966,18.824937],[72.981293,18.832709],[72.974783,18.848334],[72.976085,18.854397],[72.979747,18.863349],[72.9817,18.871487],[72.977794,18.874986],[72.972179,18.874254],[72.96697,18.872138],[72.963145,18.868964],[72.961681,18.865139],[72.946137,18.858303],[72.91627,18.87051],[72.896821,18.894477],[72.912608,18.923489],[72.928071,18.911363],[72.934581,18.920803],[72.936778,18.947414],[72.949229,18.951483],[72.96339,18.947984],[72.977224,18.948432],[72.988292,18.964423],[72.953624,18.964423],[72.953624,18.971259],[72.968272,18.972602],[72.992035,18.982489],[73.042166,18.995754],[73.046641,18.995185],[73.056814,19.015326],[73.039806,19.017524],[73.011892,19.009426],[72.988292,18.998603],[72.983572,19.010443],[72.987804,19.036933],[72.980968,19.046373],[72.991873,19.067206],[72.985688,19.074286],[72.973806,19.078559],[72.967296,19.09101],[72.974783,19.163072],[72.967296,19.163072],[72.950043,19.127916],[72.935557,19.115058],[72.93393,19.080308],[72.926931,19.06684],[72.94337,19.055121],[72.934255,19.034084],[72.891449,18.991767],[72.891449,19.00137],[72.885265,19.025865],[72.869314,19.01142],[72.851085,18.987128],[72.836274,18.959133],[72.827647,18.918362],[72.8213,18.903306],[72.812511,18.897447],[72.802745,18.909817],[72.802013,18.920478],[72.805349,18.930976],[72.807384,18.942816],[72.802745,18.957587],[72.795909,18.957587],[72.792328,18.951239],[72.788259,18.946519],[72.775401,18.93651],[72.770356,18.948188],[72.776052,18.959703],[72.795909,18.984931],[72.802419,18.999661],[72.804942,19.011054],[72.802745,19.040188],[72.812999,19.035549],[72.817068,19.032701],[72.821788,19.041978],[72.824229,19.053534],[72.8213,19.063178],[72.809581,19.06684],[72.821951,19.097113],[72.82309,19.108466],[72.821056,19.119208],[72.811778,19.137356],[72.809581,19.146308],[72.812185,19.153713],[72.822439,19.163764],[72.82309,19.169257],[72.818044,19.17536],[72.811209,19.175523],[72.805186,19.17182],[72.799571,19.156887],[72.792166,19.150458],[72.784923,19.150377],[72.781586,19.159654],[72.783376,19.168647],[72.802501,19.211615],[72.819835,19.240627],[72.830089,19.252427],[72.815115,19.253648],[72.802094,19.23786],[72.789399,19.217353],[72.775401,19.204657],[72.772227,19.265123],[72.775645,19.299018],[72.785411,19.31391],[72.839366,19.319078],[72.867035,19.316799],[72.885509,19.296047],[72.900564,19.290758],[72.930349,19.286566],[72.946544,19.289862],[72.959727,19.294827],[72.972667,19.293687],[72.988292,19.27912],[73.010509,19.224311],[73.026622,19.205512],[73.049653,19.217719],[73.03004,19.227729],[73.028005,19.244086],[73.029145,19.259345],[73.019298,19.266059],[73.012462,19.272447],[73.001801,19.286566],[72.987804,19.300686],[72.970958,19.307034],[72.916759,19.303371],[72.898936,19.307034],[72.883556,19.316392],[72.855317,19.339504],[72.836925,19.348049],[72.818533,19.330268],[72.802094,19.331936],[72.787608,19.345201],[72.763438,19.380194],[72.759776,19.388983],[72.74822,19.444241],[72.746837,19.467963],[72.754405,19.481757],[72.769216,19.490465],[72.879161,19.532375],[72.8567,19.541327],[72.835948,19.536689],[72.815929,19.52851],[72.795909,19.526801],[72.787852,19.53026],[72.781261,19.536566],[72.777029,19.545559],[72.775401,19.557196],[72.770681,19.566148],[72.76002,19.573065],[72.741954,19.580797],[72.734548,19.580797],[72.738292,19.570258],[72.740733,19.560736],[72.739757,19.55268],[72.734548,19.546617],[72.749278,19.534247],[72.754893,19.527045],[72.755626,19.519355],[72.749197,19.5126],[72.741547,19.516018],[72.722504,19.536282],[72.710785,19.587592],[72.718028,19.606676],[72.709646,19.64997],[72.686697,19.724799],[72.694102,19.720201],[72.699962,19.714179],[72.7046,19.706529],[72.707774,19.697455],[72.72641,19.705797],[72.72641,19.715237],[72.718598,19.727932],[72.714041,19.745836],[72.717296,19.751532],[72.724376,19.752672],[72.731293,19.754584],[72.734548,19.762641],[72.73406,19.771918],[72.732758,19.779731],[72.728282,19.793647],[72.690115,19.748969],[72.677908,19.746568],[72.675792,19.764146],[72.679861,19.800482],[72.672862,19.812812],[72.650076,19.841986],[72.649181,19.851996],[72.65919,19.866441],[72.664236,19.881578],[72.666189,19.916571],[72.662771,19.941799],[72.665212,19.952948],[72.676443,19.957506],[72.684337,19.964016],[72.694509,19.979315],[72.70338,19.997626],[72.707774,20.012763],[72.707774,20.071112],[72.710297,20.082913],[72.728282,20.129462],[72.734548,20.173529],[72.737641,20.184272],[72.752289,20.203762],[72.755626,20.215155],[72.753591,20.218207],[72.749034,20.218329],[72.744395,20.219387],[72.741954,20.225043],[72.741954,20.245551],[72.743012,20.247748],[72.74822,20.280341],[72.756602,20.295966],[72.767833,20.311957],[72.777517,20.330064],[72.781586,20.352281],[72.786794,20.35224],[72.798188,20.35932],[72.810313,20.368842],[72.817068,20.375922],[72.820811,20.386135],[72.82309,20.416815],[72.829438,20.437934],[72.840017,20.458726],[72.879161,20.512437],[72.886485,20.531562],[72.890391,20.55268],[72.891449,20.575141],[72.890636,20.587063],[72.886241,20.608466],[72.885265,20.619208],[72.888438,20.628485],[72.902599,20.641913],[72.905772,20.653306],[72.909434,20.698676],[72.90797,20.718329],[72.898936,20.732164],[72.940278,20.759426],[72.946788,20.759467],[72.944998,20.770006],[72.936371,20.776272],[72.926443,20.780992],[72.919444,20.787421],[72.919119,20.7956],[72.922862,20.80268],[72.924978,20.810614],[72.919444,20.821519],[72.900238,20.79914],[72.885753,20.807115],[72.880138,20.829901],[72.888438,20.851955],[72.900401,20.868109],[72.893809,20.870063],[72.881196,20.865668],[72.875336,20.862494],[72.836925,20.835842],[72.845876,20.851793],[72.854259,20.887152],[72.864919,20.897284],[72.836681,20.929918],[72.856456,20.947984],[72.886485,20.962104],[72.888438,20.982611],[72.875987,20.98135],[72.85377,20.974921],[72.832693,20.972357],[72.82309,20.982611],[72.8213,20.991604],[72.816091,20.99901],[72.80836,21.003974],[72.799327,21.005845],[72.787608,21.006903],[72.781993,21.010159],[72.771983,21.023871],[72.766856,21.03856],[72.783946,21.040432],[72.82309,21.03384],[72.844981,21.038316],[72.849864,21.048],[72.815929,21.121487],[72.809581,21.130032],[72.799571,21.128811],[72.755626,21.109565],[72.752778,21.113715],[72.746349,21.118354],[72.741954,21.123236],[72.737641,21.117377],[72.735606,21.110745],[72.734548,21.092475],[72.730154,21.087836],[72.700369,21.074774],[72.705821,21.10635],[72.720551,21.129706],[72.728689,21.148098],[72.714041,21.16413],[72.706554,21.157701],[72.686697,21.158149],[72.676443,21.153632],[72.672699,21.145738],[72.671886,21.134426],[72.673025,21.112616],[72.671235,21.099799],[72.666352,21.097398],[72.658702,21.097602],[72.637869,21.085395],[72.629649,21.087958],[72.615001,21.105862],[72.615489,21.119818],[72.630382,21.135972],[72.693533,21.178453],[72.711762,21.194037],[72.721039,21.198798],[72.734548,21.19892],[72.723643,21.209133],[72.687673,21.220445],[72.679861,21.22899],[72.673188,21.239081],[72.659353,21.244696],[72.646983,21.253607],[72.645763,21.273383],[72.625173,21.259345],[72.618419,21.252916],[72.60613,21.266588],[72.602061,21.277655],[72.597911,21.307563],[72.588634,21.331977],[72.586762,21.341213],[72.590505,21.348538],[72.603201,21.352729],[72.63852,21.357164],[72.645763,21.362779],[72.638682,21.371243],[72.623383,21.370266],[72.594086,21.362779],[72.578868,21.367011],[72.567638,21.37641],[72.564626,21.38581],[72.573741,21.390082],[72.635102,21.407457],[72.672862,21.428127],[72.676443,21.431627],[72.728282,21.465806],[72.747081,21.452867],[72.752615,21.463568],[72.748546,21.479641],[72.738292,21.482856],[72.683279,21.465806],[72.66505,21.457221],[72.612478,21.421861],[72.583669,21.417426],[72.589854,21.432766],[72.61964,21.487372],[72.635102,21.499335],[72.651052,21.507025],[72.690115,21.540676],[72.703949,21.548407],[72.726817,21.553168],[72.75115,21.565131],[72.773204,21.580512],[72.789073,21.595526],[72.810395,21.635077],[72.82309,21.643948],[72.833995,21.644477],[72.858735,21.6376],[72.871593,21.636542],[72.889659,21.64053],[72.935557,21.658352],[72.965343,21.678778],[73.022472,21.698554],[73.084972,21.729682],[73.108165,21.733344],[73.116954,21.73725],[73.126964,21.746772],[73.132009,21.757799],[73.12615,21.766832],[73.118826,21.764716],[73.083995,21.746405],[73.046641,21.733344],[73.041026,21.73017],[73.022472,21.71601],[73.012462,21.712836],[72.991466,21.708441],[72.950206,21.689154],[72.926931,21.684963],[72.882823,21.69302],[72.858165,21.694973],[72.840343,21.688381],[72.819184,21.675035],[72.798106,21.673529],[72.755626,21.684963],[72.733246,21.687486],[72.676443,21.678127],[72.653005,21.680569],[72.634939,21.684638],[72.616059,21.685452],[72.570486,21.670478],[72.550304,21.666693],[72.534679,21.672919],[72.528494,21.695136],[72.532074,21.713853],[72.550141,21.751939],[72.556326,21.774319],[72.562755,21.839423],[72.566905,21.849351],[72.58546,21.858873],[72.598806,21.881008],[72.618419,21.925116],[72.634044,21.937486],[72.65211,21.941067],[72.690115,21.938788],[72.702322,21.947577],[72.706798,21.966132],[72.714041,21.982978],[72.734548,21.986558],[72.734548,21.994045],[72.72641,21.995754],[72.7199,21.996324],[72.713715,21.995795],[72.707774,21.994045],[72.700938,21.988918],[72.69752,21.982123],[72.695649,21.975898],[72.693533,21.972317],[72.623057,21.96662],[72.611583,21.955512],[72.602712,21.94359],[72.581798,21.928168],[72.558604,21.915269],[72.542735,21.910834],[72.533376,21.920315],[72.507091,21.962307],[72.50172,21.97602],[72.504568,21.994208],[72.517751,22.032131],[72.522227,22.054267],[72.521495,22.066148],[72.519542,22.077541],[72.519542,22.088446],[72.53004,22.107489],[72.533376,22.118557],[72.535899,22.14053],[72.542166,22.156724],[72.557384,22.176663],[72.57545,22.194525],[72.590505,22.205024],[72.614106,22.211737],[72.634451,22.210395],[72.652354,22.202338],[72.669607,22.18891],[72.681895,22.181586],[72.691661,22.181952],[72.699718,22.184963],[72.707774,22.185777],[72.719412,22.182196],[72.729259,22.177436],[72.74822,22.164049],[72.790212,22.217231],[72.812266,22.234117],[72.847423,22.240424],[72.865082,22.233466],[72.881114,22.220404],[72.897227,22.213039],[72.916026,22.22309],[72.92213,22.236518],[72.922699,22.254584],[72.917491,22.27143],[72.905772,22.281399],[72.899669,22.269192],[72.886078,22.262397],[72.869477,22.262397],[72.854259,22.270819],[72.838634,22.276557],[72.818207,22.273424],[72.798676,22.26557],[72.785411,22.256903],[72.756602,22.24372],[72.726573,22.248928],[72.659434,22.273912],[72.646495,22.273912],[72.635265,22.271633],[72.625011,22.271389],[72.606619,22.28384],[72.596365,22.286933],[72.573741,22.288235],[72.553071,22.282457],[72.521169,22.253119],[72.50172,22.240424],[72.479015,22.233385],[72.466156,22.232571],[72.457042,22.236721],[72.454845,22.245307],[72.46697,22.255845],[72.463878,22.263983],[72.448741,22.266832],[72.432302,22.255845],[72.413748,22.246324],[72.391856,22.253485],[72.386241,22.266506],[72.381033,22.289944],[72.380382,22.312405],[72.388194,22.322333],[72.404959,22.332953],[72.408051,22.353461],[72.397227,22.366767],[72.371349,22.355902],[72.361013,22.343451],[72.34962,22.324368],[72.340505,22.303209],[72.336599,22.284817],[72.328298,22.260728],[72.309093,22.257229],[72.288341,22.261298],[72.275157,22.260321],[72.263194,22.276353],[72.265961,22.28734],[72.264659,22.295233],[72.240408,22.301907],[72.223399,22.303168],[72.208507,22.300442],[72.200938,22.291449],[72.206309,22.273912],[72.161794,22.280951],[72.148774,22.277899],[72.166026,22.260321],[72.190684,22.251288],[72.209239,22.259426],[72.240408,22.288235],[72.246104,22.27558],[72.243175,22.265937],[72.237315,22.256293],[72.234141,22.243557],[72.239106,22.238918],[72.268321,22.226752],[72.306488,22.22956],[72.317231,22.184882],[72.307628,22.079006],[72.298025,22.061672],[72.295665,22.051174],[72.291759,22.053412],[72.283458,22.043606],[72.276134,22.031643],[72.275157,22.027533],[72.25766,22.012152],[72.24936,22.008287],[72.237315,22.007025],[72.220958,22.010972],[72.216482,22.007799],[72.214366,21.994045],[72.206309,21.994045],[72.19988,22.006985],[72.19516,22.003648],[72.191173,21.993638],[72.186371,21.986558],[72.182465,21.982733],[72.173106,21.975653],[72.163422,21.973212],[72.15919,21.98314],[72.151703,21.993883],[72.134288,22.004584],[72.11378,22.010565],[72.097016,22.007025],[72.119314,21.993638],[72.128103,21.983547],[72.124848,21.972317],[72.114919,21.969387],[72.076508,21.979722],[72.08253,21.973375],[72.104503,21.959215],[72.104828,21.951483],[72.102061,21.945054],[72.096202,21.94302],[72.087413,21.948432],[72.073253,21.954495],[72.055186,21.953518],[72.038422,21.947577],[72.028656,21.938788],[72.087576,21.919664],[72.104503,21.91767],[72.1421,21.924994],[72.156505,21.925849],[72.145356,21.91767],[72.145356,21.910834],[72.15919,21.904608],[72.152354,21.897854],[72.16977,21.890448],[72.167328,21.879136],[72.160004,21.865912],[72.162608,21.852851],[72.169444,21.841376],[72.161876,21.839179],[72.13087,21.846259],[72.123302,21.853746],[72.111339,21.869859],[72.098481,21.88052],[72.077647,21.894436],[72.057953,21.898749],[72.049327,21.880439],[72.052908,21.876532],[72.061534,21.873114],[72.071788,21.870795],[72.080333,21.869859],[72.086436,21.865627],[72.104503,21.835761],[72.086762,21.830268],[72.062836,21.834377],[72.004161,21.857733],[71.997325,21.854926],[71.99464,21.839504],[71.994151,21.812201],[71.996104,21.799506],[72.001475,21.787909],[72.005382,21.792955],[72.009613,21.7956],[72.021821,21.800971],[72.021495,21.79442],[72.022309,21.780911],[72.021821,21.774319],[72.054942,21.78559],[72.073904,21.788723],[72.087413,21.784491],[72.103201,21.775214],[72.117442,21.776597],[72.166026,21.793931],[72.171072,21.790961],[72.172699,21.777737],[72.177013,21.766669],[72.195811,21.757799],[72.200043,21.750067],[72.202403,21.748114],[72.214366,21.712836],[72.219005,21.706],[72.223806,21.700588],[72.230235,21.69599],[72.240408,21.691718],[72.251801,21.690904],[72.263031,21.692328],[72.271739,21.690904],[72.278331,21.671942],[72.285411,21.665025],[72.292491,21.659491],[72.295665,21.653876],[72.296641,21.642157],[72.298513,21.633979],[72.298839,21.626288],[72.295665,21.616034],[72.292003,21.611762],[72.279145,21.600531],[72.275157,21.595526],[72.242198,21.48078],[72.2199,21.444729],[72.16684,21.392076],[72.15919,21.373277],[72.151622,21.360175],[72.116059,21.32274],[72.104503,21.315009],[72.110037,21.304836],[72.111501,21.296088],[72.107758,21.289984],[72.097016,21.287665],[72.10255,21.2744],[72.099376,21.26496],[72.093598,21.258205],[72.090831,21.252916],[72.093516,21.243557],[72.104503,21.222154],[72.104747,21.205064],[72.090831,21.191474],[72.084809,21.188707],[72.07545,21.185696],[72.066661,21.181342],[72.062836,21.174709],[72.055024,21.168362],[71.990733,21.136379],[71.972423,21.13227],[71.92628,21.130032],[71.806163,21.062079],[71.788585,21.047512],[71.76295,21.032294],[71.743663,21.027574],[71.730235,21.030707],[71.717621,21.03205],[71.699743,21.021306],[71.68336,21.011461],[71.639985,20.996812],[71.583507,20.958238],[71.549571,20.951239],[71.557302,20.96601],[71.562348,20.972968],[71.569347,20.979193],[71.551117,20.973578],[71.536794,20.964301],[71.493419,20.929145],[71.484386,20.917141],[71.480724,20.900377],[71.46225,20.885321],[71.378103,20.859442],[71.318614,20.849311],[71.140636,20.765692],[71.116954,20.766913],[71.110118,20.759467],[71.09547,20.763739],[71.083263,20.756537],[71.072602,20.745673],[71.062348,20.738959],[71.044444,20.740546],[71.024181,20.744534],[71.00766,20.741604],[71.005951,20.736558],[71.000824,20.722154],[70.982432,20.71015],[70.972992,20.709621],[70.902531,20.70552],[70.84018,20.70189],[70.819672,20.702948],[70.801606,20.709052],[70.785167,20.722154],[70.774587,20.727362],[70.763194,20.724555],[70.751638,20.719631],[70.740245,20.718492],[70.730805,20.723212],[70.698578,20.746405],[70.562174,20.799767],[70.541515,20.807847],[70.484141,20.84394],[70.463064,20.848863],[70.451427,20.855902],[70.417003,20.890448],[70.398774,20.90351],[70.336681,20.927069],[70.299978,20.958564],[70.26352,20.980414],[70.152192,21.078518],[70.054445,21.153155],[69.988332,21.2334],[69.968019,21.258055],[69.966156,21.263414],[69.958263,21.273342],[69.911632,21.315009],[69.844981,21.389594],[69.814708,21.433661],[69.808604,21.465806],[69.788748,21.469306],[69.771495,21.47842],[69.756358,21.490424],[69.629731,21.616034],[69.568207,21.650133],[69.552745,21.665188],[69.519786,21.704779],[69.49936,21.720201],[69.478526,21.752631],[69.4463,21.766303],[69.427419,21.781236],[69.397716,21.815253],[69.391775,21.83218],[69.395193,21.861314],[69.39088,21.876695],[69.367849,21.856106],[69.355479,21.853176],[69.336192,21.862454],[69.243907,21.94595],[69.21225,21.967475],[69.198416,21.979722],[69.150645,22.041205],[69.119314,22.062079],[69.103038,22.076361],[69.092052,22.099595],[69.048188,22.157904],[69.012543,22.185614],[68.994151,22.203925],[68.980479,22.235541],[68.953298,22.276028],[68.944591,22.295071],[68.944021,22.318264],[68.951427,22.334866],[68.960623,22.349514],[68.965017,22.366767],[68.967621,22.387193],[68.974376,22.404731],[68.983246,22.419379],[68.992931,22.431586],[69.007498,22.443183],[69.047537,22.464016],[69.073578,22.481879],[69.081391,22.480536],[69.085216,22.472886],[69.082286,22.45954],[69.074474,22.449449],[69.056,22.44184],[69.048188,22.431586],[69.062266,22.407701],[69.071788,22.399482],[69.088552,22.396877],[69.097423,22.398871],[69.11378,22.407864],[69.122732,22.411078],[69.132009,22.410468],[69.139822,22.407131],[69.146983,22.404853],[69.154633,22.407701],[69.168793,22.42064],[69.178559,22.427639],[69.188243,22.426418],[69.202159,22.414862],[69.20574,22.398668],[69.18214,22.366441],[69.185313,22.349677],[69.169688,22.327948],[69.173839,22.308295],[69.19044,22.292304],[69.212087,22.281399],[69.212087,22.273912],[69.286469,22.284613],[69.335704,22.306138],[69.346446,22.324897],[69.359874,22.329169],[69.435395,22.33039],[69.468923,22.337836],[69.479666,22.342231],[69.485362,22.347561],[69.500011,22.366767],[69.502696,22.37226],[69.508556,22.374254],[69.515147,22.37519],[69.519867,22.377631],[69.525645,22.392076],[69.522797,22.403876],[69.516938,22.416083],[69.513682,22.431586],[69.515961,22.448147],[69.521983,22.44892],[69.530772,22.446112],[69.541026,22.452094],[69.547862,22.452094],[69.559825,22.411526],[69.561697,22.391588],[69.554698,22.377631],[69.569021,22.370551],[69.601085,22.363837],[69.616059,22.355902],[69.617442,22.365058],[69.619884,22.371039],[69.629731,22.383775],[69.640391,22.375963],[69.647227,22.380439],[69.652354,22.389879],[69.657725,22.396877],[69.661306,22.400214],[69.665212,22.404975],[69.669444,22.409247],[69.674653,22.411078],[69.680837,22.409613],[69.694509,22.403957],[69.699392,22.404283],[69.708995,22.418891],[69.725352,22.464545],[69.733409,22.480048],[69.742198,22.472968],[69.788748,22.423163],[69.794932,22.418606],[69.806977,22.420966],[69.812999,22.429511],[69.816905,22.440985],[69.822276,22.452094],[69.833263,22.463813],[69.841807,22.466376],[69.851085,22.465237],[69.86378,22.465766],[69.884776,22.473578],[69.905284,22.486396],[69.962087,22.535346],[69.972992,22.541449],[69.973888,22.539984],[69.996267,22.541449],[70.002696,22.543158],[70.020844,22.555121],[70.059093,22.558417],[70.144705,22.547797],[70.178477,22.561957],[70.189708,22.577786],[70.207286,22.614976],[70.234874,22.648871],[70.267263,22.705959],[70.319102,22.778266],[70.323253,22.787665],[70.321544,22.811713],[70.32252,22.822659],[70.32545,22.826321],[70.342947,22.843166],[70.375255,22.902655],[70.387706,22.912014],[70.404633,22.919501],[70.43686,22.954901],[70.45338,22.96662],[70.462738,22.966539],[70.474294,22.964057],[70.486339,22.96369],[70.497569,22.970038],[70.504731,22.97956],[70.51238,22.995347],[70.517914,23.003892],[70.527192,23.023586],[70.528494,23.047065],[70.523692,23.07038],[70.514903,23.089545],[70.50294,23.104397],[70.484223,23.122138],[70.467133,23.129706],[70.459646,23.114],[70.450938,23.105658],[70.410655,23.086005],[70.398774,23.069037],[70.398936,23.059068],[70.401052,23.045396],[70.40447,23.033352],[70.410981,23.023179],[70.401866,22.999254],[70.402029,22.99022],[70.403819,22.981879],[70.403494,22.967841],[70.401622,22.953843],[70.398774,22.945502],[70.392426,22.940863],[70.384532,22.93887],[70.363536,22.938707],[70.357677,22.936713],[70.352387,22.933051],[70.34669,22.931301],[70.339529,22.935289],[70.334483,22.940131],[70.330414,22.943305],[70.325694,22.945014],[70.319102,22.945502],[70.314626,22.943508],[70.308767,22.939765],[70.303477,22.938137],[70.300059,22.944281],[70.29363,22.951402],[70.291759,22.95303],[70.269298,22.958564],[70.258311,22.971869],[70.249685,22.987454],[70.233084,23.000149],[70.231944,22.974921],[70.222016,22.959174],[70.204112,22.952216],[70.178477,22.95303],[70.171723,22.951972],[70.167735,22.949123],[70.163097,22.948961],[70.154307,22.956041],[70.150727,22.961005],[70.149669,22.964301],[70.147472,22.966051],[70.140636,22.96662],[70.12908,22.969306],[70.125011,22.975979],[70.126231,22.984809],[70.130626,22.993964],[70.109548,22.959174],[70.120453,22.952582],[70.132335,22.941067],[70.135427,22.929999],[70.120128,22.925035],[70.061778,22.918199],[69.996918,22.893785],[69.940684,22.886135],[69.884288,22.867825],[69.852875,22.863593],[69.833181,22.858466],[69.806814,22.845282],[69.780121,22.82746],[69.760102,22.808336],[69.728852,22.754828],[69.715831,22.746894],[69.694347,22.749701],[69.653819,22.760484],[69.585704,22.761176],[69.575694,22.76435],[69.556977,22.77851],[69.544444,22.781684],[69.510753,22.780504],[69.500011,22.781684],[69.489431,22.784735],[69.482595,22.788479],[69.477306,22.79206],[69.472179,22.794664],[69.424653,22.804267],[69.405935,22.813666],[69.372569,22.818996],[69.338145,22.833075],[69.23878,22.841946],[69.201915,22.85224],[69.13559,22.888373],[69.039887,22.950507],[68.866222,23.019965],[68.691254,23.13052],[68.660655,23.154242],[68.654063,23.157782],[68.650645,23.162055],[68.651134,23.171454],[68.649669,23.180854],[68.622569,23.191555],[68.609141,23.206773],[68.599946,23.225043],[68.595714,23.240383],[68.598318,23.236965],[68.609386,23.226711],[68.620128,23.245429],[68.62322,23.256171],[68.623057,23.267646],[68.605317,23.259589],[68.57781,23.255276],[68.552257,23.259711],[68.541026,23.278225],[68.561046,23.316107],[68.568533,23.318427],[68.599132,23.322252],[68.606944,23.325588],[68.603038,23.332831],[68.592052,23.340074],[68.57838,23.343411],[68.571056,23.346381],[68.566661,23.352973],[68.563731,23.359931],[68.561046,23.363918],[68.555186,23.363959],[68.548513,23.361518],[68.543142,23.358588],[68.541026,23.357001],[68.52947,23.363105],[68.520681,23.369208],[68.515147,23.377021],[68.513194,23.388088],[68.515147,23.399319],[68.520763,23.407538],[68.529552,23.411933],[68.541026,23.411689],[68.536388,23.421332],[68.530121,23.425686],[68.522146,23.42475],[68.513194,23.418524],[68.501475,23.423285],[68.49643,23.417873],[68.490489,23.409329],[68.475352,23.404853],[68.462576,23.409125],[68.458832,23.419827],[68.461111,23.433173],[68.465505,23.445787],[68.451915,23.43773],[68.44044,23.434272],[68.430919,23.436591],[68.423676,23.445787],[68.432953,23.465888],[68.447439,23.487454],[68.465587,23.505276],[68.48585,23.514106],[68.481293,23.525133],[68.475597,23.524115],[68.468028,23.519843],[68.458669,23.52147],[68.454112,23.526272],[68.444021,23.541205],[68.437348,23.548814],[68.441417,23.53205],[68.447439,23.516343],[68.446951,23.502997],[68.431163,23.493598],[68.411632,23.494696],[68.406098,23.508734],[68.410818,23.548814],[68.404959,23.597602],[68.408865,23.621324],[68.427501,23.631415],[68.471528,23.618638],[68.491466,23.618842],[68.492686,23.6376],[68.486176,23.641425],[68.476899,23.63935],[68.468761,23.640815],[68.465505,23.65526],[68.469412,23.659247],[68.488943,23.664781],[68.504731,23.674221],[68.523936,23.67593],[68.533539,23.679185],[68.538829,23.684027],[68.554698,23.706488],[68.583507,23.735297],[68.601736,23.748684],[68.637869,23.761542],[68.654552,23.799058],[68.670746,23.815741],[68.680186,23.817776],[68.715587,23.815741],[68.725597,23.818915],[68.745128,23.833075],[68.756521,23.836249],[68.768809,23.841132],[68.821625,23.878404],[68.805675,23.884426],[68.78004,23.874091],[68.766938,23.878404],[68.740245,23.853461],[68.717784,23.84101],[68.691905,23.836656],[68.654063,23.836249],[68.633474,23.833075],[68.623057,23.824408],[68.609386,23.795233],[68.598888,23.781887],[68.587738,23.775702],[68.554698,23.768541],[68.538341,23.761298],[68.52475,23.752021],[68.51002,23.744086],[68.47283,23.737494],[68.449718,23.723334],[68.427745,23.714301],[68.410818,23.700507],[68.34197,23.623969],[68.351573,23.617825],[68.353038,23.610663],[68.348888,23.60342],[68.34197,23.596625],[68.327322,23.5869],[68.317638,23.586127],[68.308116,23.589057],[68.294119,23.590399],[68.230805,23.58808],[68.181407,23.594062],[68.1574,23.600816],[68.143403,23.612698],[68.150156,23.631372],[68.157069,23.632131],[68.167229,23.63173],[68.174327,23.631415],[68.17437,23.631448],[68.17543,23.631406],[68.178674,23.633718],[68.181895,23.647854],[68.184753,23.652181],[68.192673,23.65628],[68.199663,23.659597],[68.209321,23.662746],[68.220787,23.65843],[68.220789,23.658427],[68.232578,23.644912],[68.232669,23.645015],[68.232677,23.645006],[68.245128,23.659125],[68.258931,23.660481],[68.27589,23.665839],[68.280447,23.685981],[68.258962,23.674709],[68.240977,23.674018],[68.237165,23.675876],[68.224864,23.681871],[68.208751,23.696234],[68.19752,23.714545],[68.195811,23.733466],[68.197927,23.753404],[68.197765,23.774807],[68.187723,23.764264],[68.177736,23.753962],[68.169275,23.748231],[68.163748,23.757717],[68.166026,23.773179],[68.175629,23.798245],[68.179857,23.827937],[68.182465,23.835761],[68.183035,23.842108],[68.183517,23.8433],[68.207288,23.877019],[68.21504,23.881748],[68.23292,23.889111],[68.239948,23.893116],[68.243049,23.893426],[68.252867,23.891695],[68.256794,23.891928],[68.26036,23.895545],[68.257931,23.899473],[68.253746,23.90278],[68.251937,23.904821],[68.253074,23.911229],[68.25266,23.920091],[68.254934,23.929109],[68.263926,23.93593],[68.274003,23.937687],[68.277672,23.933501],[68.280049,23.925724],[68.286198,23.916371],[68.300409,23.910505],[68.314052,23.915906],[68.325989,23.927791],[68.335033,23.940995],[68.333689,23.948048],[68.329865,23.958151],[68.330433,23.966574],[68.342629,23.968564],[68.348882,23.964611],[68.352396,23.956549],[68.353843,23.94717],[68.353636,23.939289],[68.385469,23.960425],[68.431564,23.967143],[68.547836,23.966316],[68.646435,23.965696],[68.724466,23.965179],[68.725086,24.10406],[68.725551,24.208911],[68.725913,24.289216],[68.747307,24.331177],[68.79919,24.329085],[68.813815,24.30844],[68.819654,24.250304],[68.838774,24.236455],[68.848903,24.244025],[68.880116,24.297355],[68.883268,24.305365],[68.885077,24.313556],[68.890296,24.319473],[68.904197,24.320584],[68.913189,24.317251],[68.921974,24.310507],[68.929415,24.302368],[68.94869,24.270277],[68.962643,24.257228],[68.980781,24.255394],[69.007808,24.264567],[69.048477,24.285237],[69.067701,24.288441],[69.091886,24.281904],[69.148213,24.25666],[69.166713,24.253172],[69.206246,24.258572],[69.280815,24.283739],[69.563071,24.276762],[69.59232,24.264618],[69.670558,24.188706],[69.714587,24.168578],[69.769054,24.162557],[69.972039,24.165219],[70.015964,24.174055],[70.052137,24.202064],[70.062989,24.220306],[70.087174,24.28255],[70.097871,24.298828],[70.109705,24.3049],[70.144586,24.307897],[70.202205,24.325571],[70.222773,24.326707],[70.242565,24.330609],[70.2791,24.355078],[70.29853,24.363424],[70.353204,24.366266],[70.370774,24.372364],[70.416353,24.401948],[70.520946,24.424919],[70.562907,24.424092],[70.575206,24.400036],[70.569211,24.389882],[70.551952,24.379366],[70.546474,24.373139],[70.545647,24.362183],[70.555362,24.327018],[70.56022,24.287253],[70.567661,24.272809],[70.584714,24.2579],[70.621508,24.241157],[70.755453,24.231442],[70.776021,24.236687],[70.813589,24.254464],[70.834105,24.261285],[70.851468,24.264877],[70.857566,24.271672],[70.844543,24.288286],[70.840926,24.30583],[70.856532,24.323814],[70.917717,24.361718],[70.936321,24.367196],[70.955338,24.365904],[70.977145,24.357248],[70.996679,24.356602],[71.007118,24.363966],[71.014352,24.375206],[71.025101,24.38629],[71.073057,24.402103],[71.082772,24.411508],[71.07502,24.436417],[71.040087,24.446778],[71.00009,24.452901],[70.977145,24.464942],[70.974355,24.472202],[70.973114,24.479644],[70.973218,24.48724],[70.974768,24.494966],[70.977145,24.515068],[70.980504,24.521889],[70.981899,24.52853],[70.980866,24.534731],[70.977145,24.54039],[70.957767,24.556022],[70.954821,24.584521],[70.962779,24.615785],[70.977145,24.639686],[71.043343,24.669064],[71.063858,24.682577],[71.056632,24.69282],[71.036935,24.72074],[71.00319,24.808203],[70.943039,24.894063],[70.915237,24.946618],[70.893326,25.001886],[70.859891,25.139449],[70.848574,25.163323],[70.831418,25.183322],[70.768372,25.233086],[70.734886,25.267348],[70.723104,25.287295],[70.718556,25.310808],[70.710495,25.335871],[70.670394,25.375558],[70.654478,25.39659],[70.646623,25.431369],[70.652824,25.545884],[70.657475,25.63363],[70.653857,25.674455],[70.632308,25.701378],[70.592259,25.708819],[70.554432,25.698794],[70.516657,25.68386],[70.477227,25.676315],[70.360129,25.673473],[70.303698,25.684583],[70.264579,25.697296],[70.249231,25.707683],[70.234452,25.730989],[70.213988,25.786334],[70.195591,25.806953],[70.15425,25.839406],[70.114976,25.881729],[70.083246,25.929943],[70.064643,25.980327],[70.064281,25.99552],[70.072911,26.047455],[70.073893,26.083112],[70.078285,26.099648],[70.132029,26.18047],[70.146912,26.217419],[70.151614,26.254058],[70.144018,26.294313],[70.142467,26.313692],[70.147945,26.333226],[70.157144,26.354],[70.160503,26.371311],[70.156989,26.410947],[70.162931,26.493319],[70.158074,26.530113],[70.1296,26.562514],[70.093685,26.580394],[70.056064,26.589076],[69.815562,26.580291],[69.772258,26.59507],[69.700221,26.653],[69.659396,26.677701],[69.50416,26.735165],[69.472844,26.766584],[69.465093,26.80777],[69.48597,26.926833],[69.507571,27.050081],[69.534443,27.125581],[69.575577,27.188419],[69.666114,27.270016],[69.730606,27.310324],[69.848015,27.410369],[69.908063,27.497289],[69.993536,27.571083],[70.016894,27.60059],[70.090688,27.79355],[70.101953,27.81174],[70.189028,27.89179],[70.199002,27.90096],[70.267731,27.945272],[70.323852,28.000437],[70.341939,28.01147],[70.359509,28.016327],[70.398266,28.02165],[70.43692,28.035344],[70.456247,28.039788],[70.477227,28.037256],[70.506786,28.028962],[70.534898,28.015965],[70.559806,27.998447],[70.592879,27.964496],[70.621198,27.944135],[70.633187,27.93163],[70.64161,27.911269],[70.637631,27.874217],[70.640732,27.854787],[70.671738,27.791095],[70.710391,27.74115],[70.761758,27.709783],[70.831573,27.701463],[70.91379,27.717818],[71.027581,27.768048],[71.150675,27.822411],[71.226329,27.845356],[71.31144,27.861711],[71.397791,27.868378],[71.477115,27.862435],[71.560727,27.868533],[71.70139,27.906773],[71.860864,27.950207],[71.874403,27.95969],[71.879984,27.974909],[71.89156,28.097097],[71.896934,28.115546],[71.908303,28.135571],[71.988195,28.228097],[72.110978,28.317627],[72.149942,28.353774],[72.17764,28.397053],[72.197794,28.44488],[72.256499,28.645591],[72.28027,28.687165],[72.354581,28.767186],[72.382176,28.784006],[72.52563,28.84992],[72.658541,28.911001],[72.77254,28.96335],[72.901524,29.022622],[72.918164,29.032854],[72.930359,29.047685],[72.962915,29.116829],[72.98865,29.15463],[73.050869,29.228217],[73.1289,29.360302],[73.177993,29.443449],[73.232873,29.536596],[73.284756,29.683745],[73.327441,29.80521],[73.370332,29.927322],[73.385215,29.942308],[73.557815,30.012536],[73.739716,30.048451],[73.778266,30.067313],[73.944354,30.188288],[73.946831,30.204077],[73.948902,30.217278],[73.934639,30.261048],[73.911901,30.303784],[73.891644,30.329778],[73.842345,30.35298],[73.845239,30.35696],[73.85175,30.372669],[73.867666,30.387449],[73.887614,30.396544],[73.906114,30.394838],[73.904253,30.401453],[73.902083,30.415612],[73.899913,30.422124],[73.916656,30.417163],[73.929265,30.419075],[73.939083,30.426051],[73.98983,30.487804],[73.996031,30.500982],[74.004402,30.50894],[74.04409,30.518655],[74.057526,30.531367],[74.061453,30.555604],[74.058249,30.574466],[74.057112,30.591571],[74.067448,30.610536],[74.082227,30.625884],[74.09587,30.637149],[74.111476,30.646244],[74.132663,30.655494],[74.155711,30.659577],[74.163669,30.664899],[74.16677,30.67911],[74.170077,30.687172],[74.18465,30.696835],[74.191161,30.717041],[74.198809,30.724999],[74.215139,30.737453],[74.235706,30.764118],[74.244078,30.771249],[74.259167,30.781016],[74.266712,30.788354],[74.265782,30.795434],[74.256687,30.815278],[74.260201,30.819412],[74.279941,30.824683],[74.300198,30.83817],[74.31136,30.855947],[74.304022,30.874034],[74.31074,30.884473],[74.319215,30.893413],[74.329757,30.899614],[74.34247,30.901939],[74.353632,30.901112],[74.379677,30.894498],[74.401277,30.893103],[74.409132,30.901009],[74.41337,30.915065],[74.424325,30.932325],[74.441585,30.946174],[74.458535,30.953409],[74.477242,30.956096],[74.499463,30.95651],[74.519306,30.962452],[74.534809,30.97625],[74.548762,30.992166],[74.564058,31.004362],[74.564265,31.025032],[74.579458,31.042706],[74.600955,31.056607],[74.658833,31.083789],[74.650254,31.093142],[74.631961,31.107508],[74.616975,31.11526],[74.596924,31.115776],[74.553103,31.108955],[74.536773,31.115156],[74.523544,31.129315],[74.514862,31.141821],[74.509591,31.156084],[74.506387,31.175411],[74.509074,31.195668],[74.525094,31.235407],[74.525301,31.280211],[74.532225,31.303207],[74.571603,31.389248],[74.583695,31.40656],[74.600025,31.42413],[74.61191,31.440201],[74.617181,31.458908],[74.614598,31.477821],[74.584522,31.517509],[74.555583,31.612232],[74.499463,31.699875],[74.489437,31.711192],[74.492641,31.714551],[74.503287,31.730571],[74.505457,31.732018],[74.513312,31.735118],[74.516206,31.737392],[74.518273,31.741836],[74.521167,31.753773],[74.523027,31.758476],[74.530778,31.767829],[74.535119,31.771137],[74.53698,31.775736],[74.537393,31.788913],[74.540804,31.810876],[74.550415,31.826999],[74.565608,31.840538],[74.641056,31.890561],[74.657179,31.895677],[74.669995,31.904152],[74.698417,31.950247],[74.763012,31.938982],[74.783683,31.942858],[74.802493,31.968851],[74.811278,32.003732],[74.828641,32.025437],[74.873186,32.011691],[74.889103,32.028899],[74.908843,32.031896],[74.931374,32.029829],[74.955662,32.032206],[74.967858,32.037891],[74.974059,32.04497],[74.978503,32.053393],[74.986151,32.063212],[74.995556,32.067398],[75.020154,32.065847],[75.030179,32.066416],[75.022635,32.094683],[75.040825,32.09799],[75.102113,32.078095],[75.110278,32.07763],[75.11896,32.08104],[75.129812,32.090239],[75.13839,32.093494],[75.161334,32.087965],[75.17415,32.086828],[75.173116,32.109721],[75.195751,32.128634],[75.226447,32.14207],[75.249908,32.148892],[75.263344,32.150907],[75.294659,32.148892],[75.29807,32.159795],[75.308405,32.193902],[75.31657,32.210748],[75.34861,32.242012],[75.359048,32.261675],[75.35295,32.284387],[75.326906,32.312473],[75.298403,32.332427],[75.230167,32.380195],[75.196164,32.3973],[75.125988,32.411744],[75.092191,32.429339],[75.054881,32.455539],[75.023668,32.466262],[74.990699,32.463368],[74.948427,32.44877],[74.906983,32.445178],[74.83815,32.474866],[74.799393,32.47267],[74.763529,32.462671],[74.724978,32.46081],[74.689322,32.471352],[74.662553,32.498379],[74.632581,32.568168],[74.629584,32.588089],[74.636922,32.606254],[74.647981,32.623617],[74.656042,32.64067],[74.657282,32.660592],[74.650151,32.701235],[74.649738,32.723146],[74.656972,32.745341],[74.682294,32.787328],[74.689115,32.808825],[74.685291,32.831227],[74.671752,32.840581],[74.653562,32.837428],[74.635888,32.82208],[74.626276,32.80265],[74.622039,32.785416],[74.614081,32.770404],[74.59341,32.757872],[74.573773,32.75255],[74.52096,32.745289],[74.500909,32.746013],[74.484476,32.753532],[74.455331,32.778595],[74.438691,32.785984],[74.418951,32.784615],[74.386394,32.767768],[74.367688,32.763531],[74.34619,32.76689],[74.329344,32.776424],[74.316321,32.791075],[74.306503,32.809911],[74.315939,32.82175],[74.316989,32.823067],[74.322936,32.830529],[74.333788,32.849262],[74.336682,32.870139],[74.324486,32.921402],[74.322006,32.972045],[74.311257,32.994292],[74.283972,33.008813],[74.190851,33.022094],[74.153851,33.040181],[74.098453,33.104828],[74.065794,33.132604],[74.029414,33.154153],[74.002335,33.177692],[73.988486,33.20862],[73.991793,33.252571],[74.001715,33.270167],[74.017838,33.279494],[74.055355,33.292026],[74.071995,33.302284],[74.085121,33.314324],[74.095973,33.328484],[74.105481,33.345201],[74.136281,33.418013],[74.157778,33.494236],[74.141552,33.549374],[74.088118,33.58529],[74.024246,33.614254],[73.976704,33.648387],[73.968332,33.662081],[73.963061,33.676757],[73.960787,33.692286],[73.963061,33.72156],[73.966162,33.734531],[73.970709,33.747063],[73.976704,33.758922],[74.011327,33.81047],[74.034581,33.828608],[74.142275,33.84424],[74.177518,33.857547],[74.212555,33.878424],[74.23953,33.901007],[74.262474,33.929946],[74.272293,33.96214],[74.259684,33.994386],[74.228368,34.012886],[74.192091,34.011853],[74.154264,34.004101],[74.118401,34.002525],[74.065277,34.018338],[74.04502,34.019423],[73.976704,34.004592],[73.945801,34.009786],[73.916242,34.02795],[73.893711,34.054305],[73.88441,34.0842],[73.893298,34.11474],[73.916862,34.135256],[73.976704,34.161559],[73.995411,34.176442],[73.998304,34.196803],[73.990553,34.218507],[73.976704,34.23755],[73.95438,34.287185],[73.93774,34.304212],[73.907457,34.306796],[73.879035,34.30429],[73.8533,34.307416],[73.829116,34.315348],[73.804208,34.327492],[73.78271,34.346819],[73.774856,34.370952],[73.779817,34.396067],[73.79625,34.418546],[73.806792,34.425161],[73.831596,34.4364],[73.840381,34.44441],[73.845549,34.456477],[73.846996,34.494175],[73.846996,34.49433],[73.863119,34.517067],[73.910971,34.544973],[73.925957,34.564971],[73.925441,34.593393],[73.917483,34.619283],[73.919343,34.642538],[73.948592,34.662743],[73.962234,34.668169],[74.120881,34.690855],[74.146823,34.701862],[74.221753,34.747751],[74.285832,34.768887],[74.348877,34.773434],[74.412129,34.764494],[74.66493,34.688323],[75.017777,34.629722],[75.111001,34.633649],[75.17632,34.64538],[75.212907,34.644967],[75.224544,34.638622],[75.236885,34.631892],[75.251355,34.613082],[75.267478,34.598303],[75.306958,34.574015],[75.348093,34.55722],[75.611643,34.49836],[75.655568,34.496965],[75.713652,34.508515],[75.734839,34.508618],[75.777111,34.503812],[75.795818,34.507921],[75.816178,34.521667],[75.873952,34.571379],[75.939271,34.612049],[75.966246,34.619077],[75.973378,34.622332],[75.98671,34.636027],[76.007484,34.66512],[76.023401,34.677161],[76.058334,34.683414],[76.121792,34.660883],[76.154969,34.661658],[76.262042,34.684654],[76.399915,34.750748],[76.438156,34.762892],[76.476499,34.757776],[76.519908,34.731111],[76.535824,34.726202],[76.553187,34.72584],[76.63959,34.741136],[76.652613,34.746976],[76.743873,34.819271],[76.753278,34.83834],[76.749558,34.892083],[76.757619,34.915131],[76.782011,34.930892],[76.817047,34.940762],[76.852601,34.943346],[76.879576,34.937093],[76.905931,34.923141],[76.921123,34.920712],[76.933836,34.928877],[76.952956,34.94655],[77.013108,34.986393],[77.02861,35.003394],[77.035225,35.034503],[77.02706,35.062099],[77.023133,35.086335],[77.042426,35.107014],[77.048971,35.110442],[77.424659,35.302924],[77.800346,35.495406]]],[[[80.968272,15.795233],[80.983165,15.780748],[80.988536,15.770738],[80.984874,15.761786],[80.97169,15.750474],[80.942638,15.741034],[80.942556,15.741075],[80.917979,15.755113],[80.8685,15.811957],[80.879161,15.840074],[80.888357,15.846747],[80.937266,15.818915],[80.968272,15.795233]]],[[[73.646332,10.084703],[73.644054,10.076972],[73.640961,10.069322],[73.637055,10.062567],[73.632579,10.057278],[73.631684,10.067776],[73.633311,10.077867],[73.637462,10.087063],[73.643891,10.09455],[73.643972,10.094468],[73.645193,10.09219],[73.646332,10.084703]]],[[[73.662283,10.144599],[73.662201,10.144517],[73.66033,10.142524],[73.659353,10.13996],[73.657888,10.139065],[73.654633,10.141506],[73.65561,10.144761],[73.657481,10.145087],[73.659679,10.144355],[73.662283,10.144599]]],[[[72.64975,10.56684],[72.63852,10.559394],[72.633067,10.556545],[72.627533,10.554796],[72.627452,10.554755],[72.632091,10.560004],[72.648611,10.573961],[72.648692,10.57392],[72.650564,10.572577],[72.650401,10.571194],[72.649587,10.569322],[72.64975,10.56684]]],[[[72.548839,10.779446],[72.548757,10.779324],[72.541189,10.772895],[72.540863,10.776516],[72.542491,10.777899],[72.545421,10.778306],[72.548839,10.779446]]],[[[73.671397,10.829739],[73.681244,10.82807],[73.684418,10.827541],[73.67628,10.824368],[73.672862,10.824693],[73.671886,10.827094],[73.671397,10.829657],[73.671397,10.829739]]],[[[72.750011,11.119086],[72.747569,11.115424],[72.746755,11.111965],[72.744965,11.109524],[72.739513,11.108832],[72.739513,11.113959],[72.742035,11.115953],[72.745779,11.116889],[72.750011,11.119086]]],[[[73.013194,11.502183],[73.010916,11.490139],[73.0088,11.484687],[73.005626,11.479641],[73.004405,11.488837],[73.004405,11.496487],[73.007091,11.501288],[73.013194,11.502183]]],[[[72.716156,11.694159],[72.716075,11.694078],[72.708669,11.689154],[72.705251,11.687323],[72.701101,11.686428],[72.700938,11.686428],[72.705089,11.692328],[72.709239,11.694159],[72.716156,11.694159]]],[[[93.872813,12.268866],[93.85377,12.260565],[93.851899,12.271552],[93.860606,12.281195],[93.872813,12.268866]]],[[[94.280935,13.443549],[94.290782,13.422919],[94.274913,13.420315],[94.261892,13.429267],[94.280935,13.443549]]],[[[93.920258,7.024319],[93.928722,7.012356],[93.929861,6.959052],[93.921072,6.933824],[93.893565,6.876776],[93.889415,6.841783],[93.892833,6.834052],[93.899262,6.827135],[93.904145,6.819241],[93.903087,6.808295],[93.898448,6.804185],[93.889903,6.800971],[93.880056,6.800442],[93.871755,6.804511],[93.859386,6.804267],[93.847911,6.785305],[93.834239,6.745551],[93.812673,6.753974],[93.809337,6.769029],[93.813243,6.788031],[93.813731,6.808295],[93.805431,6.816718],[93.792166,6.825873],[93.784434,6.836412],[93.793224,6.849189],[93.783702,6.857978],[93.775727,6.867377],[93.773123,6.877997],[93.779552,6.890204],[93.770763,6.893866],[93.766124,6.901109],[93.764496,6.911526],[93.76531,6.924302],[93.748057,6.92357],[93.737478,6.943264],[93.72877,6.970526],[93.71754,6.992621],[93.703624,7.006293],[93.684337,7.020901],[93.664561,7.026516],[93.649181,7.013088],[93.649669,7.119615],[93.653575,7.131496],[93.676443,7.181871],[93.685395,7.184516],[93.70753,7.184394],[93.717296,7.18769],[93.72462,7.194973],[93.730154,7.202216],[93.73463,7.205512],[93.739919,7.207099],[93.76531,7.219143],[93.772146,7.211737],[93.797618,7.234605],[93.813975,7.241848],[93.830821,7.235907],[93.855317,7.214179],[93.865001,7.20067],[93.870372,7.180569],[93.87672,7.16356],[93.880626,7.144273],[93.883149,7.104722],[93.887055,7.089301],[93.903087,7.060858],[93.912934,7.035102],[93.920258,7.024319]]],[[[93.731212,7.369371],[93.734386,7.350816],[93.728526,7.337104],[93.715505,7.325832],[93.696951,7.314765],[93.67921,7.298326],[93.644216,7.257514],[93.628184,7.253323],[93.617931,7.259955],[93.616384,7.267279],[93.617442,7.276068],[93.615082,7.287421],[93.61085,7.294501],[93.594005,7.314765],[93.606944,7.326402],[93.610362,7.347317],[93.61671,7.367255],[93.638682,7.376166],[93.667247,7.382758],[93.677989,7.3994],[93.683767,7.421698],[93.696951,7.445054],[93.696951,7.417792],[93.699474,7.398749],[93.709483,7.388739],[93.72169,7.381171],[93.731212,7.369371]]],[[[93.429454,7.955268],[93.433116,7.954291],[93.459809,7.910793],[93.46046,7.899848],[93.457367,7.880194],[93.454438,7.869289],[93.447927,7.871405],[93.43686,7.883287],[93.421235,7.891791],[93.41505,7.892239],[93.40211,7.890082],[93.389171,7.88581],[93.378429,7.880764],[93.367849,7.878607],[93.354259,7.883287],[93.344981,7.891343],[93.340343,7.901272],[93.341075,7.912584],[93.348155,7.924872],[93.340668,7.931708],[93.332693,7.924954],[93.323009,7.924384],[93.31365,7.929185],[93.306651,7.938544],[93.305024,7.949937],[93.313324,7.989732],[93.322602,8.002102],[93.344412,8.012112],[93.370291,8.01732],[93.391368,8.01557],[93.394786,8.006741],[93.396169,7.997219],[93.396007,7.976386],[93.401215,7.967963],[93.424164,7.959866],[93.429454,7.955268]]],[[[93.565929,7.999335],[93.570323,7.989],[93.574229,7.968817],[93.573985,7.924872],[93.518321,7.965806],[93.510753,7.98017],[93.511485,7.99551],[93.520763,8.004381],[93.539317,7.999335],[93.540294,8.016181],[93.54835,8.020087],[93.558604,8.013617],[93.565929,7.999335]]],[[[93.531912,8.034735],[93.528005,8.032416],[93.514903,8.027655],[93.511974,8.024156],[93.509776,8.018541],[93.494965,7.996283],[93.484386,7.991889],[93.479259,8.002916],[93.477306,8.030992],[93.480805,8.040513],[93.488536,8.044379],[93.495616,8.049384],[93.497813,8.061998],[93.505219,8.061998],[93.514822,8.05622],[93.516938,8.0633],[93.511485,8.074856],[93.497813,8.082506],[93.492198,8.063625],[93.479747,8.063218],[93.466319,8.074408],[93.457367,8.089993],[93.446625,8.154364],[93.446544,8.164496],[93.454845,8.170111],[93.465099,8.183295],[93.473643,8.198188],[93.477306,8.209133],[93.48585,8.22012],[93.504649,8.226996],[93.523448,8.225816],[93.531668,8.213202],[93.531016,8.193752],[93.521495,8.179104],[93.510509,8.166571],[93.505219,8.14704],[93.508556,8.128811],[93.525157,8.095038],[93.537608,8.057318],[93.537364,8.047797],[93.531912,8.034735]]],[[[73.077159,8.315253],[73.081798,8.315823],[73.083018,8.314358],[73.083018,8.311672],[73.083995,8.308498],[73.066091,8.270453],[73.056651,8.259996],[73.044688,8.252427],[73.032725,8.249498],[73.024099,8.255439],[73.022472,8.274359],[73.029307,8.274319],[73.029307,8.274115],[73.028982,8.263414],[73.029307,8.259996],[73.04835,8.267564],[73.063162,8.279486],[73.073009,8.295396],[73.077159,8.315253]]],[[[93.134532,8.24018],[93.160818,8.228746],[93.173025,8.221259],[93.17628,8.212877],[93.167328,8.204535],[93.153494,8.205512],[93.124685,8.212877],[93.10255,8.221503],[93.081554,8.242377],[93.065766,8.268134],[93.059581,8.291409],[93.06129,8.320746],[93.064301,8.336127],[93.069835,8.346625],[93.083751,8.355902],[93.095063,8.35517],[93.10141,8.345771],[93.100759,8.299262],[93.104015,8.27558],[93.114106,8.256415],[93.134532,8.24018]]],[[[93.607677,8.548041],[93.621755,8.520087],[93.626801,8.505845],[93.628184,8.486558],[93.625173,8.473619],[93.618337,8.453925],[93.609711,8.438422],[93.60141,8.438178],[93.600352,8.450344],[93.607107,8.49079],[93.607677,8.507066],[93.595551,8.541734],[93.594981,8.55801],[93.607677,8.569159],[93.607677,8.548041]]],[[[92.811373,9.23117],[92.833849,9.202359],[92.831981,9.145025],[92.799565,9.110154],[92.731212,9.130845],[92.720225,9.147121],[92.711681,9.175116],[92.708507,9.201606],[92.713878,9.213446],[92.729259,9.217841],[92.745128,9.229071],[92.754405,9.244452],[92.750987,9.261217],[92.763031,9.264146],[92.772716,9.259223],[92.795272,9.240818],[92.811373,9.23117]]],[[[92.585092,10.771269],[92.586986,10.736294],[92.598059,10.709302],[92.595908,10.678364],[92.574492,10.655484],[92.56124,10.642555],[92.551056,10.634603],[92.539835,10.620669],[92.54176,10.59172],[92.555964,10.588675],[92.574213,10.580624],[92.546675,10.547781],[92.535423,10.524861],[92.513027,10.507969],[92.479558,10.516073],[92.463372,10.531103],[92.444139,10.545143],[92.421788,10.546203],[92.406466,10.529266],[92.384111,10.529328],[92.378057,10.541329],[92.402557,10.575206],[92.413855,10.606117],[92.417003,10.629059],[92.408917,10.647055],[92.390674,10.663085],[92.379486,10.672122],[92.378586,10.718071],[92.378671,10.750037],[92.37568,10.775031],[92.376721,10.78402],[92.385878,10.781981],[92.407265,10.789891],[92.41542,10.798863],[92.422598,10.822836],[92.428966,10.850816],[92.482796,10.885622],[92.527592,10.895466],[92.54888,10.874373],[92.56506,10.849308],[92.567981,10.815301],[92.582116,10.790261],[92.585092,10.771269]]],[[[92.676524,11.412543],[92.685069,11.399359],[92.696788,11.391791],[92.69988,11.384426],[92.682791,11.371527],[92.673188,11.367336],[92.646007,11.359076],[92.63502,11.357896],[92.61964,11.360745],[92.61085,11.366156],[92.60377,11.372504],[92.593516,11.378363],[92.598969,11.401313],[92.600841,11.406317],[92.608165,11.411322],[92.623871,11.412502],[92.631196,11.416246],[92.637218,11.430162],[92.635265,11.447008],[92.627615,11.477362],[92.63559,11.508043],[92.654145,11.508124],[92.675059,11.490424],[92.689708,11.46776],[92.6963,11.454413],[92.689708,11.442532],[92.679698,11.429389],[92.676524,11.412543]]],[[[92.266775,11.589545],[92.278087,11.583808],[92.286876,11.563178],[92.285004,11.544013],[92.273204,11.531073],[92.252126,11.529242],[92.234548,11.540351],[92.230235,11.577338],[92.217296,11.591254],[92.217296,11.59809],[92.228689,11.597724],[92.254893,11.593817],[92.266775,11.589545]]],[[[93.042491,11.961168],[93.048676,11.952786],[93.066417,11.899115],[93.049327,11.896145],[93.035411,11.911933],[93.026541,11.931627],[93.024913,11.940131],[93.015391,11.94599],[93.001313,11.949205],[92.990571,11.954413],[92.980235,11.96369],[92.974457,11.972235],[92.96754,11.978583],[92.953136,11.981106],[92.947032,11.989691],[92.957205,12.008694],[92.972179,12.027737],[92.980724,12.036322],[93.014659,12.037177],[93.025401,12.031562],[93.018565,12.015815],[93.040375,11.969062],[93.042491,11.961168]]],[[[93.103282,12.190497],[93.10377,12.187934],[93.103852,12.185289],[93.103282,12.18008],[93.096202,12.158759],[93.094981,12.15176],[93.102306,12.119534],[93.103282,12.102037],[93.094249,12.090969],[93.08546,12.095852],[93.074229,12.110338],[93.064301,12.127143],[93.059581,12.138739],[93.059337,12.153551],[93.061534,12.172309],[93.066254,12.189846],[93.073253,12.200832],[93.082042,12.204779],[93.091075,12.20425],[93.098481,12.199408],[93.103282,12.190497]]],[[[92.733084,12.97248],[92.737478,12.961737],[92.732188,12.945705],[92.729991,12.895209],[92.724376,12.872382],[92.717621,12.862209],[92.701508,12.844428],[92.697113,12.838202],[92.695079,12.8251],[92.696544,12.8133],[92.694672,12.803778],[92.682791,12.797309],[92.670258,12.867662],[92.672862,12.878607],[92.677745,12.890367],[92.684906,12.945054],[92.682791,12.961737],[92.695079,12.973456],[92.702403,12.983059],[92.708344,12.988674],[92.71697,12.988471],[92.722504,12.985785],[92.727061,12.982001],[92.730724,12.977484],[92.733084,12.97248]]],[[[93.052745,13.283881],[93.075694,13.26911],[93.079438,13.259833],[93.056895,13.224799],[93.052582,13.196967],[93.052745,13.133043],[93.048106,13.103705],[93.036794,13.062161],[93.019542,13.033637],[92.998057,13.043687],[92.990571,13.043687],[92.986827,13.033677],[92.97934,13.029527],[92.970876,13.030748],[92.964041,13.036851],[92.961436,13.048163],[92.966563,13.07217],[92.964041,13.084662],[92.956554,13.084662],[92.956554,13.064154],[92.937022,13.067084],[92.928884,13.050198],[92.928396,13.027493],[92.932628,13.013007],[92.950694,12.993638],[92.956228,12.981676],[92.952647,12.970771],[92.942882,12.954291],[92.936046,12.954291],[92.934744,12.973049],[92.927419,12.981024],[92.916515,12.982652],[92.905284,12.982245],[92.902599,12.974026],[92.880707,12.930406],[92.87908,12.921942],[92.876313,12.916653],[92.876801,12.911526],[92.884532,12.903469],[92.896332,12.899726],[92.905528,12.906073],[92.915538,12.919582],[92.92449,12.914374],[92.928233,12.905341],[92.929861,12.896674],[92.932628,12.89289],[92.940684,12.889309],[92.964041,12.864936],[92.960704,12.847154],[92.965831,12.825629],[92.968028,12.803168],[92.956554,12.783026],[92.973155,12.76435],[92.984386,12.745103],[92.990489,12.724311],[92.990571,12.701117],[92.976817,12.654934],[92.972911,12.628119],[92.989024,12.592108],[92.991547,12.567084],[92.990571,12.519232],[92.9817,12.506049],[92.964854,12.491034],[92.955903,12.477444],[92.970225,12.468329],[92.962413,12.454413],[92.949718,12.446967],[92.93865,12.438137],[92.936046,12.419908],[92.92921,12.419908],[92.923839,12.430976],[92.915863,12.440863],[92.906016,12.448961],[92.89503,12.454657],[92.897146,12.449937],[92.901866,12.433539],[92.873302,12.431383],[92.84669,12.433539],[92.84669,12.427395],[92.853526,12.416815],[92.863617,12.385484],[92.871104,12.378892],[92.881847,12.375922],[92.894054,12.368109],[92.902517,12.357123],[92.901866,12.344794],[92.91505,12.338365],[92.912771,12.333645],[92.903168,12.329088],[92.89503,12.323676],[92.886404,12.315741],[92.881114,12.314602],[92.879242,12.312974],[92.880707,12.30386],[92.885753,12.295559],[92.893403,12.290351],[92.900157,12.283189],[92.901866,12.269029],[92.896251,12.261705],[92.886404,12.253363],[92.879893,12.243598],[92.884532,12.231838],[92.888682,12.225002],[92.892589,12.214545],[92.894216,12.205024],[92.891612,12.200832],[92.872569,12.201483],[92.874522,12.183743],[92.864024,12.171536],[92.842947,12.156195],[92.827403,12.140123],[92.833669,12.125678],[92.833669,12.118232],[92.825938,12.115668],[92.806407,12.10456],[92.80893,12.095771],[92.799327,12.089545],[92.783946,12.085883],[92.768809,12.084703],[92.757498,12.07746],[92.767263,12.061225],[92.792654,12.036322],[92.781016,12.037787],[92.771251,12.036078],[92.763682,12.030951],[92.758556,12.02204],[92.765391,12.02204],[92.745616,11.996649],[92.740571,11.983629],[92.737478,11.961168],[92.737478,11.878648],[92.744884,11.878648],[92.749034,11.912258],[92.753754,11.931586],[92.761974,11.940131],[92.776378,11.939276],[92.787934,11.934516],[92.795909,11.922187],[92.79949,11.899115],[92.796886,11.865139],[92.76002,11.708686],[92.754731,11.701117],[92.734548,11.699286],[92.722911,11.693793],[92.689952,11.660061],[92.68393,11.649888],[92.682628,11.636949],[92.682791,11.61518],[92.687022,11.611558],[92.696788,11.611233],[92.706391,11.614488],[92.710704,11.621731],[92.710704,11.659573],[92.715343,11.65762],[92.726736,11.65469],[92.731212,11.652737],[92.730235,11.671454],[92.736013,11.68244],[92.746104,11.683743],[92.758556,11.673245],[92.761485,11.663642],[92.765636,11.629584],[92.765391,11.618598],[92.760509,11.610338],[92.747569,11.597846],[92.744884,11.587592],[92.744884,11.557115],[92.735118,11.523871],[92.726736,11.506171],[92.71697,11.494452],[92.713145,11.50731],[92.707042,11.511054],[92.698985,11.511786],[92.689708,11.51557],[92.658946,11.546291],[92.654796,11.555894],[92.65561,11.565985],[92.654633,11.573798],[92.645274,11.576972],[92.633556,11.582587],[92.625662,11.595404],[92.621593,11.609361],[92.621349,11.618598],[92.62794,11.625149],[92.63738,11.627143],[92.645681,11.629828],[92.648692,11.638495],[92.642833,11.64525],[92.631114,11.647447],[92.61964,11.651313],[92.614513,11.662991],[92.613455,11.674221],[92.608165,11.693264],[92.607107,11.704535],[92.60377,11.718899],[92.595958,11.72016],[92.586762,11.71601],[92.579845,11.714179],[92.563243,11.725572],[92.560313,11.74136],[92.566661,11.7862],[92.566661,11.827135],[92.563243,11.83393],[92.554942,11.837836],[92.545665,11.840806],[92.534353,11.846869],[92.530935,11.845893],[92.528087,11.845893],[92.525157,11.851304],[92.524913,11.857489],[92.527354,11.862006],[92.530528,11.864651],[92.531993,11.864976],[92.539724,11.894436],[92.562999,11.930162],[92.570567,11.932603],[92.577159,11.927395],[92.592133,11.905748],[92.594737,11.898749],[92.600271,11.895494],[92.614513,11.899115],[92.607677,11.882799],[92.61085,11.87051],[92.617686,11.8664],[92.621349,11.874945],[92.624522,11.930162],[92.629405,11.943752],[92.627289,11.95893],[92.623057,11.97427],[92.621349,11.987942],[92.625011,12.003119],[92.63738,12.025295],[92.641856,12.036322],[92.640147,12.136135],[92.645274,12.156073],[92.668224,12.200995],[92.681814,12.219631],[92.689708,12.207668],[92.697113,12.207668],[92.703868,12.225165],[92.713064,12.232571],[92.720958,12.226549],[92.724376,12.20425],[92.719086,12.184516],[92.719493,12.176256],[92.727794,12.172838],[92.733735,12.174018],[92.736339,12.176581],[92.737804,12.179145],[92.741059,12.180325],[92.760997,12.179877],[92.765391,12.180325],[92.784028,12.189358],[92.788829,12.195543],[92.792654,12.207668],[92.7824,12.248603],[92.775564,12.250637],[92.767751,12.255439],[92.761241,12.261176],[92.758556,12.265937],[92.7588,12.276557],[92.760427,12.276842],[92.764496,12.274319],[92.781016,12.279242],[92.789399,12.279486],[92.7942,12.283189],[92.792654,12.296373],[92.786957,12.306301],[92.778494,12.310126],[92.754731,12.310045],[92.733653,12.318061],[92.722341,12.337795],[92.717784,12.362494],[92.72169,12.599433],[92.726817,12.612982],[92.744802,12.63349],[92.750173,12.644273],[92.754731,12.649563],[92.76002,12.651109],[92.775238,12.65176],[92.778982,12.652655],[92.783214,12.664984],[92.777354,12.669338],[92.766287,12.671536],[92.754731,12.677191],[92.747732,12.692694],[92.744884,12.762519],[92.737478,12.807196],[92.740896,12.819648],[92.748871,12.828111],[92.758149,12.835679],[92.765391,12.84512],[92.785655,12.840033],[92.800304,12.857815],[92.809337,12.884508],[92.813243,12.90648],[92.813243,12.958075],[92.828136,12.985175],[92.834727,13.002021],[92.830251,13.009508],[92.807953,13.020087],[92.809255,13.044745],[92.8296,13.103461],[92.848399,13.136705],[92.853038,13.142727],[92.854177,13.146064],[92.851085,13.152045],[92.837657,13.16706],[92.833669,13.174018],[92.844737,13.186998],[92.842052,13.20775],[92.842784,13.226996],[92.864024,13.2355],[92.863943,13.244696],[92.849864,13.289008],[92.854177,13.304389],[92.854177,13.310614],[92.841156,13.324897],[92.847423,13.344916],[92.886892,13.393459],[92.891368,13.400946],[92.89503,13.413031],[92.895681,13.422838],[92.894542,13.447252],[92.89503,13.454576],[92.901866,13.468248],[92.903331,13.46776],[92.915538,13.475735],[92.937999,13.50137],[92.942882,13.509223],[92.945486,13.519721],[92.945486,13.536933],[92.949718,13.544623],[92.958507,13.550238],[92.977224,13.553778],[92.984386,13.557603],[92.99171,13.550035],[92.997325,13.546698],[93.003184,13.547065],[93.011729,13.550767],[93.006114,13.556627],[93.004568,13.562201],[93.006521,13.568793],[93.011729,13.578111],[93.016287,13.567369],[93.022797,13.566107],[93.031586,13.569078],[93.042491,13.571234],[93.049978,13.566392],[93.066417,13.537095],[93.055024,13.503079],[93.053722,13.471422],[93.059581,13.406806],[93.064138,13.408637],[93.07545,13.411119],[93.080089,13.413031],[93.07838,13.397121],[93.057872,13.38288],[93.052745,13.368883],[93.046886,13.357408],[93.033458,13.348578],[93.017345,13.340481],[93.004242,13.331041],[93.003673,13.348619],[92.995128,13.357367],[92.984386,13.356431],[92.977061,13.345364],[92.97934,13.329779],[92.990489,13.317816],[93.004568,13.311835],[93.025564,13.316148],[93.035655,13.306952],[93.052745,13.283881]]],[[[93.039073,13.667467],[93.042817,13.662055],[93.052745,13.640204],[93.019542,13.6494],[93.000499,13.657701],[92.990571,13.667467],[93.019542,13.680121],[93.033214,13.680243],[93.039073,13.667467]]],[[[88.872895,21.595526],[88.88852,21.589545],[88.902029,21.580268],[88.911306,21.566881],[88.91391,21.548407],[88.90797,21.530707],[88.895763,21.528469],[88.879731,21.529975],[88.862478,21.523586],[88.838715,21.531928],[88.830821,21.577379],[88.841319,21.614],[88.872895,21.595526]]],[[[88.050548,21.70539],[88.090017,21.808661],[88.119314,21.859524],[88.146739,21.869859],[88.167003,21.765448],[88.163422,21.705471],[88.132579,21.684963],[88.144379,21.657782],[88.146007,21.643744],[88.139415,21.630316],[88.130056,21.625922],[88.1185,21.627672],[88.091563,21.636542],[88.063487,21.636664],[88.051768,21.641588],[88.043142,21.65762],[88.042247,21.668158],[88.043956,21.680854],[88.050548,21.70539]]],[[[88.636241,21.921373],[88.650157,21.927436],[88.663259,21.921291],[88.670584,21.907416],[88.667003,21.890326],[88.655284,21.866604],[88.649181,21.842353],[88.646332,21.787909],[88.636241,21.79267],[88.59962,21.803656],[88.591807,21.804389],[88.590505,21.812893],[88.584972,21.826606],[88.584321,21.835761],[88.586274,21.843004],[88.598643,21.869859],[88.616466,21.897935],[88.636241,21.921373]]],[[[88.080903,21.849351],[88.072276,21.856757],[88.071056,21.873603],[88.073904,21.892157],[88.077322,21.904608],[88.084727,21.921576],[88.094249,21.937893],[88.105724,21.947577],[88.118907,21.945014],[88.132579,21.920478],[88.125011,21.888658],[88.104991,21.861151],[88.080903,21.849351]]],[[[72.172699,10.809231],[72.172618,10.829983],[72.179047,10.8487],[72.185151,10.858303],[72.189301,10.864936],[72.195649,10.872707],[72.200043,10.878079],[72.200043,10.864447],[72.188162,10.836127],[72.172699,10.809231]]],[[[72.789073,11.261664],[72.789236,11.261664],[72.795909,11.261664],[72.795584,11.257229],[72.793956,11.254299],[72.791515,11.251654],[72.789073,11.248033],[72.787934,11.232245],[72.784923,11.216376],[72.775483,11.186754],[72.775401,11.186591],[72.771169,11.201117],[72.770356,11.20364],[72.774181,11.222886],[72.789073,11.261664]]]]}},{"type":"Feature","properties":{"country_code":"AUS","name":"Australia"},"geometry":{"type":"MultiPolygon","coordinates":[[[[131.535899,-31.605564],[131.345551,-31.530938],[131.177501,-31.477634],[131.135427,-31.474786],[131.092296,-31.491957],[130.9935,-31.554295],[130.833751,-31.601739],[130.79005,-31.608087],[130.696788,-31.605564],[130.547699,-31.585626],[130.31186,-31.585545],[130.267426,-31.574477],[130.156912,-31.573907],[130.136729,-31.576837],[130.078787,-31.594334],[129.943614,-31.589288],[129.753184,-31.615492],[129.536876,-31.622247],[129.471039,-31.640802],[129.451182,-31.643324],[129.365489,-31.643324],[129.30836,-31.654718],[129.286632,-31.656427],[129.221365,-31.654392],[129.20045,-31.656427],[129.138357,-31.677504],[129.123709,-31.678888],[129.09311,-31.677423],[129.000092,-31.689223],[128.990001,-31.690525],[128.931651,-31.708103],[128.770681,-31.778253],[128.755382,-31.793634],[128.723888,-31.803643],[128.655284,-31.845798],[128.218923,-32.017673],[128.017345,-32.084242],[127.766287,-32.123142],[127.585948,-32.182387],[127.566091,-32.184666],[127.555431,-32.188897],[127.537852,-32.207127],[127.531993,-32.211358],[127.288748,-32.27337],[127.110118,-32.29339],[127.090099,-32.300714],[127.083263,-32.293878],[127.052989,-32.303806],[126.935802,-32.300714],[126.820649,-32.310805],[126.78891,-32.300714],[126.760265,-32.310968],[126.677745,-32.316583],[126.372325,-32.28281],[126.277599,-32.25628],[126.24879,-32.241632],[126.203624,-32.238539],[126.18572,-32.232517],[126.174083,-32.236912],[126.137869,-32.245375],[126.126964,-32.25213],[126.11085,-32.268162],[126.10377,-32.27337],[126.078787,-32.280532],[126.007579,-32.27337],[125.977449,-32.28434],[125.926769,-32.306943],[125.87,-32.332983],[125.803119,-32.374478],[125.673335,-32.458971],[125.537275,-32.548379],[125.474228,-32.56386],[125.337827,-32.601515],[125.256265,-32.63912],[125.096446,-32.712172],[125.036306,-32.729913],[125.017589,-32.73211],[125.000255,-32.737237],[124.901914,-32.833659],[124.833991,-32.867698],[124.74586,-32.892185],[124.708832,-32.903904],[124.518477,-32.927807],[124.356944,-32.952813],[124.314952,-32.966078],[124.29656,-32.978123],[124.254893,-33.01336],[124.242931,-33.020685],[124.222667,-33.025649],[124.201182,-33.038018],[124.164806,-33.067966],[124.116547,-33.121515],[124.094737,-33.155694],[124.081554,-33.190851],[124.075531,-33.233087],[124.069672,-33.253595],[124.05836,-33.270196],[124.045665,-33.284601],[124.008311,-33.354181],[124.007091,-33.361993],[124.007498,-33.368422],[124.007091,-33.377048],[124.003917,-33.388279],[123.99464,-33.410903],[123.98878,-33.435642],[123.970714,-33.47975],[123.965505,-33.49977],[123.961111,-33.547133],[123.952485,-33.567315],[123.934418,-33.575616],[123.910899,-33.579034],[123.891612,-33.588149],[123.875743,-33.601251],[123.863048,-33.616469],[123.863455,-33.618259],[123.864513,-33.621515],[123.864757,-33.625584],[123.863048,-33.629571],[123.858165,-33.633966],[123.815196,-33.65838],[123.756847,-33.714125],[123.743175,-33.738051],[123.734874,-33.757989],[123.732677,-33.766778],[123.73463,-33.780694],[123.738617,-33.788018],[123.73878,-33.794041],[123.729015,-33.804946],[123.710785,-33.816339],[123.666677,-33.83294],[123.649587,-33.842462],[123.641612,-33.851251],[123.627696,-33.871515],[123.622813,-33.876642],[123.612071,-33.877374],[123.581065,-33.876235],[123.566661,-33.884373],[123.526622,-33.938653],[123.511241,-33.93963],[123.493337,-33.931248],[123.478363,-33.918878],[123.472016,-33.907647],[123.459727,-33.90016],[123.383311,-33.890883],[123.343598,-33.903497],[123.314138,-33.930597],[123.266612,-33.986505],[123.231944,-34.000746],[123.22877,-33.999282],[123.223888,-33.996026],[123.217784,-33.993259],[123.211274,-33.993341],[123.20574,-33.996677],[123.194102,-34.005304],[123.187511,-34.007013],[123.154633,-34.009454],[123.146983,-34.00213],[123.132823,-33.93906],[123.113617,-33.904474],[123.084972,-33.878351],[123.046886,-33.86297],[123.023123,-33.86061],[123.007579,-33.863539],[122.993419,-33.868097],[122.954112,-33.872817],[122.877126,-33.897149],[122.840831,-33.903741],[122.817882,-33.904555],[122.807628,-33.90016],[122.787852,-33.881036],[122.776622,-33.876642],[122.763438,-33.879002],[122.735606,-33.890883],[122.648285,-33.889418],[122.607432,-33.894789],[122.574555,-33.910821],[122.584239,-33.923923],[122.583018,-33.936944],[122.573985,-33.948989],[122.560313,-33.959161],[122.540863,-33.941176],[122.536632,-33.938653],[122.530772,-33.936619],[122.526378,-33.932875],[122.521821,-33.931085],[122.501964,-33.945489],[122.488943,-33.943536],[122.390147,-33.915785],[122.349864,-33.915297],[122.312266,-33.9249],[122.279633,-33.945489],[122.267751,-33.959242],[122.264008,-33.970961],[122.266124,-34.003839],[122.257823,-34.022068],[122.240245,-34.016209],[122.223399,-34.00156],[122.217621,-33.993341],[122.207286,-33.997491],[122.199229,-34.006931],[122.192719,-34.016371],[122.187266,-34.020685],[122.094737,-34.019138],[122.073578,-34.014418],[122.073578,-34.007013],[122.102794,-33.980157],[122.105805,-33.964044],[122.082367,-33.927179],[122.074229,-33.891534],[122.067393,-33.876642],[122.061046,-33.870782],[122.039561,-33.856134],[122.015636,-33.825372],[122.005707,-33.820733],[121.995453,-33.822442],[121.981456,-33.82879],[121.937022,-33.82879],[121.913748,-33.838556],[121.879242,-33.869887],[121.864757,-33.876642],[121.848481,-33.880141],[121.812999,-33.895115],[121.793712,-33.897149],[121.775727,-33.890558],[121.743826,-33.867934],[121.728282,-33.86297],[121.71697,-33.861912],[121.697276,-33.857192],[121.687266,-33.856134],[121.675141,-33.858982],[121.665212,-33.865167],[121.656912,-33.872166],[121.649669,-33.876642],[121.628429,-33.876397],[121.614757,-33.864028],[121.602224,-33.849542],[121.584239,-33.842462],[121.576427,-33.840427],[121.550629,-33.829767],[121.532888,-33.819513],[121.521495,-33.819106],[121.498302,-33.822035],[121.333751,-33.815199],[121.31422,-33.819513],[121.278494,-33.832778],[121.228526,-33.83766],[121.211681,-33.843438],[121.166352,-33.867934],[121.16212,-33.868259],[121.156749,-33.86419],[121.132579,-33.851739],[121.108572,-33.843845],[121.097667,-33.842462],[121.0796,-33.845392],[121.039561,-33.858657],[121.019054,-33.86297],[120.993419,-33.86297],[120.9817,-33.864516],[120.970551,-33.870375],[120.949718,-33.861749],[120.920177,-33.85711],[120.867686,-33.856134],[120.842296,-33.863865],[120.816254,-33.876642],[120.790375,-33.886],[120.76531,-33.883477],[120.747081,-33.890883],[120.572276,-33.891534],[120.562185,-33.892999],[120.552989,-33.897149],[120.545177,-33.905938],[120.544281,-33.914239],[120.545177,-33.921808],[120.542735,-33.928155],[120.527354,-33.936782],[120.422699,-33.969903],[120.394298,-33.97381],[120.381602,-33.962579],[120.278575,-33.938653],[120.178966,-33.931248],[120.158458,-33.934991],[120.122569,-33.950372],[120.100434,-33.952325],[120.084483,-33.947849],[120.055431,-33.930922],[120.039073,-33.925063],[120.020274,-33.923517],[120.002208,-33.926039],[119.985362,-33.93141],[119.970225,-33.938653],[119.94337,-33.955987],[119.928477,-33.962823],[119.908702,-33.965997],[119.858897,-33.96795],[119.806163,-33.984959],[119.79363,-33.993097],[119.730479,-34.048517],[119.702647,-34.063409],[119.640636,-34.085219],[119.613129,-34.103204],[119.623383,-34.111098],[119.618175,-34.12005],[119.606212,-34.127537],[119.582042,-34.133722],[119.572032,-34.142022],[119.538829,-34.20908],[119.532725,-34.216485],[119.497081,-34.239028],[119.484874,-34.259454],[119.474946,-34.285903],[119.469493,-34.313409],[119.4699,-34.336033],[119.483897,-34.358575],[119.507823,-34.366795],[119.535004,-34.371515],[119.559255,-34.383722],[119.54656,-34.38836],[119.533214,-34.390313],[119.511404,-34.398045],[119.479503,-34.404555],[119.442393,-34.374444],[119.408458,-34.37005],[119.38502,-34.384861],[119.376475,-34.411716],[119.382091,-34.440118],[119.401541,-34.458754],[119.39088,-34.463311],[119.367442,-34.479913],[119.365489,-34.484552],[119.366222,-34.490818],[119.364024,-34.49505],[119.353201,-34.493585],[119.349376,-34.489679],[119.341156,-34.474054],[119.333669,-34.451918],[119.319184,-34.44492],[119.301443,-34.445896],[119.284841,-34.452569],[119.274181,-34.460382],[119.269542,-34.466485],[119.264415,-34.486749],[119.264985,-34.509454],[119.26059,-34.522149],[119.247081,-34.527765],[119.229991,-34.532159],[119.220714,-34.531834],[119.216563,-34.524672],[119.214854,-34.511651],[119.209483,-34.503351],[119.200938,-34.497979],[119.189301,-34.493585],[119.178396,-34.491957],[119.159679,-34.49505],[119.147716,-34.493585],[119.138927,-34.488865],[119.123546,-34.475274],[119.116954,-34.472426],[118.931977,-34.445896],[118.92213,-34.447849],[118.904063,-34.456801],[118.89796,-34.458754],[118.845958,-34.452569],[118.839854,-34.452569],[118.882009,-34.490655],[118.887706,-34.500421],[118.875499,-34.506443],[118.808849,-34.513442],[118.789887,-34.518813],[118.753673,-34.542739],[118.740001,-34.548272],[118.727306,-34.558038],[118.723806,-34.578871],[118.732432,-34.598321],[118.757335,-34.603448],[118.724946,-34.635837],[118.705903,-34.647719],[118.66627,-34.656834],[118.632498,-34.677911],[118.613292,-34.685968],[118.523448,-34.703383],[118.479828,-34.717055],[118.442638,-34.740004],[118.430186,-34.754571],[118.409923,-34.788832],[118.397716,-34.805271],[118.38738,-34.825942],[118.389334,-34.846287],[118.401134,-34.877211],[118.398448,-34.900974],[118.385102,-34.90838],[118.342621,-34.905043],[118.264415,-34.91131],[118.244477,-34.916762],[118.202403,-34.939223],[118.167735,-34.94256],[118.160818,-34.945489],[118.158865,-34.956638],[118.165538,-34.961521],[118.175059,-34.963556],[118.181407,-34.965916],[118.192882,-34.983575],[118.20102,-35.002374],[118.199392,-35.016778],[118.181407,-35.021173],[118.1692,-35.016697],[118.119884,-34.987074],[118.113048,-34.993829],[118.106212,-34.987074],[118.092133,-34.993829],[118.044688,-35.007501],[118.03419,-35.011977],[118.026703,-35.01393],[118.016856,-35.014907],[118.008311,-35.01393],[117.988455,-35.008722],[117.979015,-35.007501],[117.97169,-35.008722],[117.954438,-35.013849],[117.944835,-35.014907],[117.938813,-35.01336],[117.934255,-35.010349],[117.928722,-35.007582],[117.920584,-35.007501],[117.91684,-35.009942],[117.908865,-35.019138],[117.907563,-35.021173],[117.849294,-35.025567],[117.83546,-35.031427],[117.832042,-35.045831],[117.843761,-35.060235],[117.860037,-35.071384],[117.888927,-35.08172],[117.897716,-35.081476],[117.901378,-35.072686],[117.898692,-35.064223],[117.894054,-35.054783],[117.89324,-35.046563],[117.901378,-35.041681],[117.917654,-35.047052],[117.934825,-35.081313],[117.951996,-35.089532],[117.988617,-35.084731],[118.001475,-35.088149],[117.996349,-35.103692],[117.982758,-35.099542],[117.97047,-35.103936],[117.948578,-35.117364],[117.932872,-35.120375],[117.890473,-35.117364],[117.860362,-35.108819],[117.809825,-35.071384],[117.747244,-35.051365],[117.684337,-35.046319],[117.667328,-35.049086],[117.641287,-35.061293],[117.626801,-35.080255],[117.62086,-35.10589],[117.61964,-35.137872],[117.589041,-35.125584],[117.538585,-35.092218],[117.503591,-35.083266],[117.471039,-35.079685],[117.459972,-35.076104],[117.402354,-35.046645],[117.389903,-35.038263],[117.359548,-35.024184],[117.340587,-35.017836],[117.332205,-35.018162],[117.323985,-35.032973],[117.304942,-35.030206],[117.266938,-35.014907],[117.248871,-35.014093],[117.239594,-35.014825],[117.232921,-35.018162],[117.223399,-35.020766],[117.212169,-35.016778],[117.200938,-35.010675],[117.191661,-35.007501],[117.171641,-35.013279],[117.158946,-35.027439],[117.140391,-35.062758],[117.12794,-35.056085],[117.106781,-35.038344],[117.09547,-35.034845],[117.077973,-35.032647],[117.052582,-35.02337],[117.040375,-35.021173],[117.028087,-35.02337],[117.014903,-35.027276],[117.002452,-35.028985],[116.992442,-35.024591],[116.9817,-35.018487],[116.966075,-35.014255],[116.949962,-35.013442],[116.937755,-35.018162],[116.917247,-35.03753],[116.899587,-35.050388],[116.877696,-35.054864],[116.844981,-35.049086],[116.830903,-35.04339],[116.790863,-35.021173],[116.749522,-35.012384],[116.736339,-35.007501],[116.730968,-35.014418],[116.728038,-35.017673],[116.727306,-35.020766],[116.728852,-35.028009],[116.658376,-35.028009],[116.646983,-35.038263],[116.637869,-35.050226],[116.617686,-35.043064],[116.584809,-35.021173],[116.531586,-35.014744],[116.51295,-35.004083],[116.503184,-34.999933],[116.490082,-34.9992],[116.465099,-35.000665],[116.458507,-34.997003],[116.434744,-34.973403],[116.39503,-34.949477],[116.375255,-34.932712],[116.382986,-34.924981],[116.468761,-34.939223],[116.488292,-34.945733],[116.497732,-34.946222],[116.503673,-34.939223],[116.500499,-34.928888],[116.489431,-34.920017],[116.475597,-34.91367],[116.442231,-34.905532],[116.426606,-34.89186],[116.413829,-34.876153],[116.399262,-34.863539],[116.392914,-34.859796],[116.387543,-34.857517],[116.381358,-34.858168],[116.372569,-34.863539],[116.398936,-34.903904],[116.37615,-34.917413],[116.330821,-34.912693],[116.289399,-34.897638],[116.248383,-34.877537],[116.096202,-34.838637],[116.019786,-34.82936],[116.009532,-34.830336],[115.989594,-34.834649],[115.978526,-34.835626],[115.973888,-34.830255],[115.975597,-34.818455],[115.981619,-34.801446],[115.972423,-34.782973],[115.946544,-34.757501],[115.933604,-34.722589],[115.915782,-34.701918],[115.886729,-34.677341],[115.745453,-34.540216],[115.612315,-34.445896],[115.570649,-34.424737],[115.534923,-34.41839],[115.526378,-34.414809],[115.519054,-34.405206],[115.514008,-34.395115],[115.508149,-34.386977],[115.499034,-34.383722],[115.489268,-34.382094],[115.334727,-34.314223],[115.290782,-34.301853],[115.262869,-34.298517],[115.183767,-34.301853],[115.164887,-34.310235],[115.137543,-34.349867],[115.118826,-34.363377],[115.108409,-34.344334],[115.017833,-34.26214],[115.010427,-34.24505],[115.008962,-34.218683],[115.011729,-34.179132],[115.009939,-34.163181],[115.002696,-34.144789],[114.974457,-34.091892],[114.971039,-34.082696],[114.974376,-34.0617],[114.972667,-33.922784],[114.96339,-33.882013],[114.961192,-33.859552],[114.963878,-33.843032],[114.979503,-33.798598],[114.988536,-33.78102],[114.971446,-33.75628],[114.958995,-33.719903],[114.956798,-33.682306],[114.971039,-33.653904],[114.997895,-33.631036],[115.003917,-33.616957],[115.002696,-33.595473],[114.990001,-33.541925],[114.988536,-33.521091],[115.002696,-33.521091],[115.045665,-33.537205],[115.070567,-33.563735],[115.090668,-33.59295],[115.118826,-33.616469],[115.155528,-33.632582],[115.194672,-33.644627],[115.237071,-33.651137],[115.282725,-33.650649],[115.323741,-33.643813],[115.367198,-33.63128],[115.406016,-33.614679],[115.434093,-33.595473],[115.5171,-33.512384],[115.575531,-33.42669],[115.604828,-33.369561],[115.618826,-33.320733],[115.625987,-33.308038],[115.636974,-33.299249],[115.646169,-33.300388],[115.657725,-33.305108],[115.677094,-33.308038],[115.701671,-33.297133],[115.710134,-33.270685],[115.707856,-33.208429],[115.704845,-33.192478],[115.697927,-33.193129],[115.691091,-33.204848],[115.686371,-33.240492],[115.673676,-33.287693],[115.66684,-33.287693],[115.671886,-33.120538],[115.674571,-33.024998],[115.660004,-32.938165],[115.624685,-32.811782],[115.612804,-32.728448],[115.603852,-32.695001],[115.600922,-32.661716],[115.612315,-32.622817],[115.629649,-32.59238],[115.675792,-32.534926],[115.700938,-32.512953],[115.69337,-32.552667],[115.639903,-32.608575],[115.639659,-32.656915],[115.667979,-32.730645],[115.691091,-32.770603],[115.714122,-32.78045],[115.722992,-32.763767],[115.717133,-32.741632],[115.697927,-32.70322],[115.683767,-32.690199],[115.680512,-32.681248],[115.680186,-32.66546],[115.678233,-32.656183],[115.673676,-32.642755],[115.661876,-32.633966],[115.658865,-32.628513],[115.66684,-32.622817],[115.676768,-32.622817],[115.693858,-32.633722],[115.704438,-32.636489],[115.748709,-32.637302],[115.762869,-32.627699],[115.769298,-32.602309],[115.76295,-32.579034],[115.746349,-32.570082],[115.729259,-32.566095],[115.721528,-32.557306],[115.714529,-32.537042],[115.714122,-32.526625],[115.717052,-32.51922],[115.729747,-32.501886],[115.735118,-32.492446],[115.745453,-32.455662],[115.745616,-32.418715],[115.733653,-32.387953],[115.707856,-32.369561],[115.731944,-32.34588],[115.73585,-32.333185],[115.727794,-32.315037],[115.714366,-32.302992],[115.686778,-32.290216],[115.673676,-32.27337],[115.719737,-32.273207],[115.73585,-32.264418],[115.741954,-32.242364],[115.745291,-32.222833],[115.756847,-32.185642],[115.755626,-32.163507],[115.750987,-32.153416],[115.73878,-32.139418],[115.735118,-32.12949],[115.740896,-32.114516],[115.742686,-32.102309],[115.738536,-32.091485],[115.72934,-32.07464],[115.727794,-32.055108],[115.743663,-31.92783],[115.721528,-31.772638],[115.700938,-31.691176],[115.680349,-31.648614],[115.604828,-31.546563],[115.550629,-31.434747],[115.4546,-31.303481],[115.383067,-31.133884],[115.312999,-30.990818],[115.238536,-30.878676],[115.180919,-30.827244],[115.166515,-30.765883],[115.166026,-30.755548],[115.161957,-30.74212],[115.101085,-30.633396],[115.098399,-30.625177],[115.095063,-30.605727],[115.060802,-30.522393],[115.056977,-30.505466],[115.057384,-30.467462],[115.054942,-30.448012],[115.03419,-30.370375],[115.022634,-30.34059],[115.019786,-30.335626],[115.011078,-30.324965],[115.008962,-30.320082],[115.010509,-30.312677],[115.020274,-30.302504],[115.022634,-30.296157],[115.023774,-30.274184],[115.022797,-30.262872],[115.019216,-30.254571],[115.010427,-30.248224],[114.989024,-30.237074],[114.9817,-30.232029],[114.974864,-30.214044],[114.978201,-30.191827],[114.984874,-30.168145],[114.988536,-30.145685],[114.986339,-30.136],[114.977061,-30.115492],[114.971202,-30.09238],[114.962901,-30.082696],[114.953787,-30.074477],[114.94752,-30.066827],[114.942638,-30.03102],[114.967459,-29.902439],[114.965587,-29.880629],[114.95102,-29.844903],[114.94752,-29.830011],[114.940684,-29.744073],[114.946056,-29.658136],[114.961192,-29.580255],[114.97934,-29.523207],[114.9817,-29.501723],[114.97877,-29.479913],[114.953787,-29.429376],[114.939952,-29.387465],[114.935069,-29.364516],[114.933279,-29.343683],[114.929698,-29.327813],[114.912364,-29.292087],[114.896251,-29.233657],[114.842459,-29.108575],[114.832042,-29.092055],[114.652599,-28.912367],[114.648285,-28.902276],[114.614513,-28.857517],[114.60377,-28.838556],[114.592784,-28.797784],[114.577485,-28.785089],[114.595551,-28.748305],[114.59783,-28.701837],[114.589854,-28.655857],[114.531098,-28.522393],[114.508637,-28.490899],[114.422862,-28.400974],[114.369314,-28.322849],[114.364757,-28.309015],[114.356944,-28.292576],[114.310069,-28.230157],[114.295584,-28.221449],[114.260509,-28.205255],[114.244884,-28.192478],[114.166026,-28.106703],[114.154145,-28.078058],[114.148692,-28.068536],[114.146821,-28.061619],[114.145681,-28.027602],[114.143891,-28.01865],[114.105968,-27.904067],[114.097911,-27.862726],[114.097179,-27.819431],[114.10255,-27.797947],[114.120616,-27.759698],[114.12436,-27.740167],[114.127696,-27.730157],[114.142345,-27.709161],[114.145681,-27.698907],[114.143891,-27.687758],[114.074474,-27.447198],[114.012543,-27.315362],[113.923188,-27.171319],[113.764415,-26.918145],[113.654528,-26.775586],[113.590579,-26.675651],[113.531749,-26.623224],[113.465708,-26.557143],[113.35727,-26.455173],[113.342947,-26.443048],[113.312625,-26.415946],[113.297782,-26.397289],[113.297869,-26.374657],[113.291987,-26.35335],[113.299489,-26.338721],[113.284657,-26.318729],[113.271337,-26.288088],[113.24467,-26.240098],[113.213227,-26.215102],[113.176286,-26.177308],[113.15698,-26.151926],[113.161495,-26.139953],[113.18685,-26.156038],[113.210216,-26.174493],[113.228526,-26.180597],[113.258252,-26.185559],[113.26413,-26.210869],[113.275971,-26.234857],[113.279063,-26.197597],[113.285104,-26.165672],[113.292614,-26.131083],[113.288222,-26.093788],[113.285324,-26.056503],[113.291314,-26.024567],[113.306224,-25.996651],[113.320902,-26.121847],[113.329641,-26.235029],[113.327998,-26.274896],[113.335335,-26.310837],[113.347191,-26.330815],[113.36201,-26.357447],[113.367905,-26.378743],[113.38427,-26.382755],[113.375431,-26.350812],[113.356187,-26.308203],[113.3533,-26.274944],[113.363828,-26.228399],[113.377253,-26.2098],[113.380398,-26.099378],[113.356698,-26.042086],[113.362674,-26.012815],[113.387871,-26.060804],[113.396642,-26.17658],[113.413015,-26.155328],[113.423416,-26.156677],[113.451631,-26.159384],[113.45009,-26.200609],[113.45898,-26.221899],[113.461911,-26.249829],[113.473775,-26.26314],[113.478203,-26.283087],[113.487082,-26.300383],[113.495963,-26.326983],[113.503317,-26.376189],[113.48988,-26.400128],[113.492788,-26.434715],[113.479319,-26.473292],[113.486755,-26.479943],[113.507623,-26.469296],[113.507675,-26.434714],[113.507715,-26.41077],[113.513693,-26.393483],[113.525653,-26.354918],[113.509363,-26.312363],[113.51384,-26.295082],[113.51387,-26.273809],[113.530216,-26.267172],[113.543565,-26.287118],[113.549488,-26.304403],[113.553924,-26.324345],[113.561326,-26.352265],[113.552377,-26.384173],[113.55977,-26.412099],[113.567155,-26.445347],[113.556743,-26.470604],[113.567114,-26.490561],[113.567085,-26.529126],[113.565507,-26.565081],[113.581834,-26.565109],[113.593765,-26.553117],[113.596764,-26.538472],[113.598283,-26.518507],[113.60425,-26.507856],[113.623608,-26.487886],[113.620652,-26.469266],[113.617716,-26.446654],[113.625147,-26.439997],[113.644426,-26.48122],[113.644413,-26.499843],[113.642907,-26.526452],[113.642887,-26.549073],[113.633933,-26.57304],[113.638379,-26.587683],[113.628754,-26.598077],[113.644315,-26.602325],[113.662177,-26.600975],[113.666631,-26.615616],[113.671084,-26.635582],[113.669586,-26.652893],[113.68629,-26.654229],[113.687468,-26.631559],[113.694918,-26.61424],[113.711292,-26.610214],[113.735096,-26.600869],[113.760378,-26.595511],[113.772271,-26.587507],[113.780447,-26.601251],[113.812432,-26.599415],[113.813879,-26.563486],[113.833191,-26.554133],[113.8525,-26.544772],[113.870286,-26.52213],[113.886567,-26.492838],[113.889479,-26.464915],[113.883455,-26.4224],[113.873031,-26.398493],[113.883369,-26.378543],[113.884773,-26.342673],[113.868411,-26.3188],[113.841075,-26.295668],[113.81422,-26.266778],[113.781749,-26.241388],[113.74924,-26.238515],[113.684138,-26.221604],[113.679956,-26.200827],[113.679971,-26.183827],[113.667784,-26.166204],[113.648878,-26.139386],[113.611082,-26.096482],[113.577239,-26.089343],[113.571315,-26.057156],[113.567356,-26.036602],[113.576347,-26.008898],[113.562426,-25.999964],[113.553517,-25.972261],[113.557553,-25.940989],[113.518765,-25.919536],[113.523766,-25.891846],[113.517818,-25.8704],[113.511872,-25.853422],[113.499952,-25.842687],[113.488029,-25.827482],[113.474111,-25.817632],[113.468158,-25.805111],[113.469165,-25.791707],[113.46046,-25.776625],[113.44752,-25.764825],[113.420781,-25.728215],[113.413528,-25.702047],[113.419001,-25.680811],[113.422647,-25.654663],[113.433569,-25.633437],[113.451754,-25.604054],[113.464457,-25.573011],[113.489869,-25.545269],[113.502548,-25.514213],[113.51525,-25.509337],[113.518909,-25.540429],[113.524388,-25.578057],[113.520796,-25.600955],[113.532888,-25.618259],[113.546641,-25.617608],[113.555919,-25.619561],[113.562511,-25.631524],[113.58434,-25.632113],[113.593436,-25.666432],[113.60798,-25.704015],[113.631033,-25.736261],[113.660641,-25.749767],[113.675184,-25.780791],[113.700938,-25.791762],[113.727832,-25.79544],[113.722409,-25.828121],[113.716977,-25.846074],[113.722341,-25.866632],[113.727306,-25.872817],[113.744244,-25.880324],[113.756951,-25.885217],[113.760609,-25.904793],[113.753366,-25.921115],[113.735216,-25.935815],[113.738849,-25.9554],[113.738886,-25.98477],[113.731639,-26.007621],[113.718913,-26.032116],[113.72255,-26.048439],[113.715276,-26.077832],[113.71346,-26.121914],[113.70436,-26.148046],[113.728013,-26.180685],[113.728004,-26.197035],[113.762605,-26.196973],[113.766251,-26.210034],[113.795386,-26.206715],[113.84807,-26.12171],[113.868004,-26.079242],[113.878842,-26.043321],[113.864431,-25.999444],[113.862315,-25.988946],[113.852875,-25.971287],[113.850759,-25.961602],[113.851573,-25.947686],[113.854503,-25.944268],[113.858735,-25.946222],[113.864431,-25.947931],[113.885509,-25.951755],[113.909577,-25.976373],[113.905996,-25.99922],[113.902433,-26.031854],[113.911637,-26.088939],[113.906016,-26.119317],[113.928096,-26.137868],[113.948087,-26.139464],[113.935469,-26.191722],[113.942827,-26.22764],[113.955637,-26.260278],[113.957508,-26.283147],[113.964849,-26.309279],[113.969981,-26.33172],[114.021534,-26.390888],[114.069083,-26.43656],[114.085537,-26.447952],[114.103776,-26.447882],[114.123763,-26.429814],[114.143749,-26.413393],[114.156421,-26.393729],[114.183704,-26.382178],[114.207361,-26.375541],[114.216309,-26.344445],[114.234371,-26.316584],[114.219581,-26.274162],[114.204875,-26.246446],[114.199283,-26.218695],[114.191895,-26.195862],[114.197213,-26.168087],[114.204378,-26.14684],[114.217296,-26.105645],[114.223318,-26.100681],[114.226817,-26.0888],[114.228282,-26.075291],[114.22755,-26.06463],[114.217784,-26.043064],[114.191742,-26.004002],[114.186534,-25.978936],[114.190766,-25.97088],[114.200206,-25.976658],[114.213878,-25.992771],[114.219574,-25.996759],[114.232677,-25.996026],[114.246837,-25.992852],[114.255544,-25.989516],[114.258149,-25.988946],[114.268565,-25.989516],[114.260265,-25.971124],[114.248057,-25.96087],[114.237478,-25.94964],[114.234223,-25.927423],[114.24171,-25.908787],[114.254405,-25.885837],[114.263194,-25.862237],[114.258556,-25.841892],[114.242686,-25.828871],[114.193126,-25.802179],[114.155284,-25.789727],[114.148692,-25.773207],[114.144867,-25.757013],[114.132009,-25.749933],[114.136485,-25.733331],[114.129161,-25.715265],[114.115489,-25.700779],[114.100597,-25.694757],[114.097504,-25.690525],[114.093028,-25.671645],[114.086925,-25.667413],[114.049327,-25.646905],[114.041026,-25.633559],[114.015636,-25.569594],[113.951671,-25.48919],[113.928396,-25.449802],[113.862071,-25.302667],[113.858165,-25.280043],[113.853282,-25.26393],[113.816661,-25.208754],[113.808116,-25.182224],[113.802419,-25.171808],[113.789317,-25.160333],[113.747325,-25.136651],[113.713064,-25.124933],[113.692149,-25.105239],[113.677908,-25.081638],[113.669444,-25.04754],[113.655284,-25.026137],[113.651052,-25.005304],[113.645763,-24.993097],[113.644705,-24.98561],[113.647309,-24.977309],[113.660411,-24.962579],[113.665212,-24.954848],[113.666759,-24.93377],[113.658214,-24.912042],[113.639659,-24.896173],[113.610606,-24.892755],[113.609711,-24.871352],[113.605724,-24.850193],[113.605154,-24.830499],[113.614024,-24.81406],[113.620942,-24.795831],[113.618663,-24.77044],[113.611664,-24.745375],[113.60434,-24.728285],[113.542491,-24.643487],[113.439464,-24.53281],[113.416759,-24.497654],[113.400238,-24.45794],[113.391449,-24.41367],[113.385265,-24.249119],[113.389415,-24.227797],[113.397227,-24.214125],[113.422699,-24.190525],[113.433279,-24.17018],[113.431814,-24.148045],[113.419281,-24.104587],[113.413829,-24.070408],[113.414561,-24.049412],[113.422699,-24.033136],[113.43572,-24.021091],[113.446788,-24.007582],[113.455333,-23.990655],[113.46046,-23.96795],[113.459483,-23.944594],[113.456554,-23.927179],[113.459727,-23.910333],[113.491873,-23.872166],[113.502126,-23.852797],[113.526378,-23.764744],[113.538341,-23.748468],[113.559337,-23.741957],[113.599457,-23.633966],[113.60434,-23.624688],[113.611095,-23.620375],[113.619965,-23.61712],[113.627696,-23.611912],[113.631033,-23.60117],[113.636241,-23.596856],[113.660411,-23.586033],[113.68214,-23.579685],[113.688975,-23.569757],[113.693614,-23.558364],[113.699962,-23.549574],[113.737559,-23.527032],[113.749848,-23.511651],[113.754568,-23.48504],[113.756847,-23.479099],[113.766612,-23.465916],[113.768809,-23.457696],[113.771007,-23.389581],[113.780284,-23.34881],[113.782481,-23.327081],[113.768809,-23.241143],[113.75115,-23.180841],[113.748302,-23.162286],[113.753673,-23.138279],[113.754568,-23.128188],[113.758311,-23.118829],[113.767426,-23.111505],[113.778656,-23.105076],[113.789317,-23.097101],[113.805024,-23.075128],[113.811534,-23.051365],[113.807384,-22.930597],[113.801768,-22.899835],[113.785899,-22.874933],[113.775401,-22.852472],[113.759776,-22.788751],[113.713634,-22.741469],[113.702891,-22.73561],[113.690684,-22.730645],[113.676036,-22.727716],[113.658946,-22.727797],[113.671641,-22.690199],[113.67213,-22.668715],[113.661957,-22.648696],[113.659516,-22.640802],[113.658946,-22.60711],[113.655772,-22.594659],[113.649669,-22.586521],[113.646658,-22.577732],[113.65211,-22.562677],[113.660818,-22.553399],[113.682628,-22.543552],[113.693126,-22.535414],[113.716807,-22.49212],[113.731456,-22.479587],[113.73463,-22.47031],[113.740896,-22.425551],[113.747732,-22.401544],[113.7588,-22.38242],[113.792735,-22.347345],[113.803966,-22.330824],[113.885509,-22.110935],[113.890798,-22.089125],[113.89324,-22.068536],[113.89796,-22.049249],[113.923106,-22.013116],[113.947032,-21.952569],[114.011485,-21.859959],[114.035818,-21.837823],[114.067149,-21.819024],[114.086274,-21.811944],[114.107432,-21.809259],[114.127778,-21.804295],[114.144705,-21.795505],[114.15919,-21.791925],[114.172211,-21.802992],[114.176036,-21.822198],[114.166026,-21.835056],[114.152517,-21.846368],[114.145681,-21.861017],[114.142345,-21.880466],[114.127696,-21.922784],[114.096446,-22.106378],[114.083018,-22.14072],[114.077485,-22.17547],[114.093761,-22.210138],[114.102712,-22.222752],[114.120942,-22.260431],[114.12436,-22.275323],[114.111339,-22.312107],[114.109711,-22.330987],[114.12436,-22.336684],[114.131602,-22.326267],[114.137543,-22.307306],[114.147472,-22.294529],[114.166026,-22.302667],[114.171397,-22.317478],[114.170421,-22.338474],[114.163829,-22.355564],[114.151866,-22.358005],[114.122732,-22.389093],[114.117686,-22.398858],[114.118175,-22.413263],[114.125743,-22.438165],[114.11085,-22.477716],[114.122406,-22.504164],[114.148123,-22.521417],[114.179698,-22.521742],[114.1963,-22.507745],[114.206879,-22.486912],[114.221934,-22.46795],[114.25172,-22.459649],[114.262218,-22.455499],[114.274099,-22.447524],[114.286632,-22.443292],[114.299815,-22.449802],[114.306895,-22.462498],[114.311778,-22.47617],[114.319835,-22.487563],[114.337413,-22.493829],[114.356944,-22.486017],[114.367035,-22.478285],[114.37086,-22.46559],[114.371593,-22.442966],[114.37379,-22.434177],[114.383556,-22.414239],[114.385753,-22.402276],[114.387218,-22.37949],[114.391938,-22.358005],[114.421723,-22.298517],[114.428477,-22.271254],[114.439789,-22.244561],[114.443858,-22.237481],[114.467621,-22.206476],[114.468516,-22.194757],[114.463634,-22.181085],[114.467621,-22.172296],[114.476817,-22.168064],[114.488292,-22.167657],[114.497813,-22.16367],[114.505707,-22.126397],[114.521251,-22.089044],[114.522309,-22.069268],[114.518728,-22.060724],[114.506358,-22.048517],[114.501801,-22.041925],[114.499522,-22.034926],[114.496104,-22.016046],[114.495616,-22.00449],[114.503184,-21.996026],[114.520518,-22.011],[114.53891,-22.031996],[114.550304,-22.041925],[114.598806,-21.955987],[114.611095,-21.925226],[114.61378,-21.923517],[114.617442,-21.923272],[114.621267,-21.922296],[114.624766,-21.918552],[114.627208,-21.913018],[114.631602,-21.898045],[114.637706,-21.857354],[114.646739,-21.843357],[114.669444,-21.837823],[114.678233,-21.834568],[114.69158,-21.817478],[114.70045,-21.809259],[114.778982,-21.781345],[114.928966,-21.693943],[114.970714,-21.682061],[115.008962,-21.693129],[115.055186,-21.676528],[115.067393,-21.668634],[115.077403,-21.659763],[115.088634,-21.652765],[115.098643,-21.652765],[115.105154,-21.665216],[115.223888,-21.59881],[115.4546,-21.513767],[115.478526,-21.501153],[115.48878,-21.483331],[115.49464,-21.466078],[115.508311,-21.450128],[115.536469,-21.424412],[115.602712,-21.34352],[115.625987,-21.321954],[115.662283,-21.298028],[115.806163,-21.235447],[115.818696,-21.225763],[115.830414,-21.190851],[115.85906,-21.154962],[115.877615,-21.115167],[115.905528,-21.084568],[115.936697,-21.059015],[115.958018,-21.048272],[115.974132,-21.044854],[116.023204,-21.02158],[116.056407,-21.010837],[116.071056,-21.003839],[116.085216,-20.993585],[116.121267,-20.986423],[116.151541,-20.969985],[116.174083,-20.943048],[116.187673,-20.904229],[116.189301,-20.858819],[116.1963,-20.846856],[116.218598,-20.842869],[116.230235,-20.846856],[116.245942,-20.855401],[116.26588,-20.862563],[116.289399,-20.863214],[116.308604,-20.855564],[116.334321,-20.833185],[116.347992,-20.828546],[116.391938,-20.827895],[116.434744,-20.822361],[116.451508,-20.814711],[116.48227,-20.792739],[116.492198,-20.788181],[116.498057,-20.786228],[116.506196,-20.780857],[116.51352,-20.773207],[116.520518,-20.751153],[116.53004,-20.74684],[116.550792,-20.747247],[116.587087,-20.735284],[116.699392,-20.659356],[116.743175,-20.616876],[116.779307,-20.560235],[116.79713,-20.548598],[116.790863,-20.534926],[116.806407,-20.529067],[116.814464,-20.527765],[116.824474,-20.52809],[116.835134,-20.530938],[116.843516,-20.535252],[116.845388,-20.539321],[116.835134,-20.541111],[116.820323,-20.5499],[116.814464,-20.570001],[116.810802,-20.61004],[116.805512,-20.617852],[116.788748,-20.633722],[116.78419,-20.644789],[116.783946,-20.657159],[116.787283,-20.664239],[116.835948,-20.704278],[116.855479,-20.712091],[116.879649,-20.713067],[116.899181,-20.708103],[116.921641,-20.698337],[116.940278,-20.686619],[116.948009,-20.67547],[116.957042,-20.668064],[117.062511,-20.621677],[117.071544,-20.620538],[117.09018,-20.634698],[117.09547,-20.637384],[117.107677,-20.635186],[117.117931,-20.629653],[117.144379,-20.60711],[117.154063,-20.596368],[117.160167,-20.596368],[117.167166,-20.603692],[117.16863,-20.60947],[117.167735,-20.615655],[117.167735,-20.624282],[117.160981,-20.638604],[117.160167,-20.644789],[117.162852,-20.649835],[117.172374,-20.658461],[117.174571,-20.661554],[117.181326,-20.673517],[117.197602,-20.68377],[117.272472,-20.712986],[117.311534,-20.722833],[117.35377,-20.727716],[117.437511,-20.722589],[117.513438,-20.706313],[117.543793,-20.69256],[117.579112,-20.667087],[117.602712,-20.657322],[117.623302,-20.661554],[117.635753,-20.673272],[117.650645,-20.672133],[117.661143,-20.661554],[117.664236,-20.657322],[117.670421,-20.66131],[117.675304,-20.668064],[117.674815,-20.672133],[117.689952,-20.668145],[117.729503,-20.650974],[117.736339,-20.658461],[117.749848,-20.649672],[117.786794,-20.636326],[117.810069,-20.623224],[117.830821,-20.619887],[117.839366,-20.616876],[117.849132,-20.60711],[117.860606,-20.584731],[117.867198,-20.57586],[117.878754,-20.565118],[117.885509,-20.562921],[117.911143,-20.560235],[117.91863,-20.555108],[117.931814,-20.538018],[117.935313,-20.52988],[117.93336,-20.509861],[117.934825,-20.500746],[117.940684,-20.492771],[118.13559,-20.362074],[118.15089,-20.356134],[118.161876,-20.354262],[118.1692,-20.350681],[118.177013,-20.348077],[118.188731,-20.349298],[118.19158,-20.35589],[118.191417,-20.366143],[118.195079,-20.371352],[118.209239,-20.36297],[118.230805,-20.371677],[118.248383,-20.365818],[118.264334,-20.355076],[118.280935,-20.349298],[118.291759,-20.347263],[118.312266,-20.337823],[118.322276,-20.335707],[118.335297,-20.3388],[118.339041,-20.346368],[118.342052,-20.355564],[118.353282,-20.36297],[118.368826,-20.362074],[118.410818,-20.346449],[118.551931,-20.321466],[118.550792,-20.322035],[118.554698,-20.322361],[118.56544,-20.321466],[118.570486,-20.319513],[118.573009,-20.31756],[118.575938,-20.316013],[118.606293,-20.309503],[118.61671,-20.308364],[118.628103,-20.309828],[118.634451,-20.313246],[118.639659,-20.317641],[118.647472,-20.321466],[118.662364,-20.323989],[118.681814,-20.323663],[118.701915,-20.317804],[118.738048,-20.292169],[118.760509,-20.288263],[118.784028,-20.286554],[118.805675,-20.28102],[118.831798,-20.261977],[118.851736,-20.236505],[118.88087,-20.185479],[118.958832,-20.104181],[118.970225,-20.072198],[118.97462,-20.050388],[118.985688,-20.040623],[119.000173,-20.034601],[119.014903,-20.024347],[119.048106,-20.013604],[119.056163,-20.009861],[119.060802,-20.001072],[119.06422,-19.990818],[119.068533,-19.982843],[119.09547,-19.966729],[119.118337,-19.971612],[119.161388,-20.00742],[119.160981,-19.980727],[119.163259,-19.966241],[119.17213,-19.960138],[119.192393,-19.958917],[119.212413,-19.961196],[119.292003,-19.98504],[119.333263,-19.99212],[119.356944,-19.993097],[119.376475,-19.99627],[119.417003,-20.010186],[119.435802,-20.013604],[119.445079,-20.011326],[119.457286,-20.001153],[119.463064,-19.999933],[119.473969,-20.005466],[119.478526,-20.013442],[119.481293,-20.022556],[119.487153,-20.030938],[119.523448,-20.053155],[119.546641,-20.063572],[119.566661,-20.06878],[119.589854,-20.065851],[119.623302,-20.046157],[119.637869,-20.041599],[119.642914,-20.037774],[119.664806,-20.010431],[119.67213,-20.008559],[119.690929,-20.014825],[119.702647,-20.013604],[119.71754,-20.003676],[119.719005,-19.993341],[119.715668,-19.983087],[119.716156,-19.97324],[119.734386,-19.96266],[119.755626,-19.961196],[119.802257,-19.965753],[119.906586,-19.946547],[120.070567,-19.921645],[120.238292,-19.906834],[120.3685,-19.86712],[120.650564,-19.763279],[120.803233,-19.698012],[120.954356,-19.633722],[121.128266,-19.520685],[121.166026,-19.484552],[121.179861,-19.47975],[121.193533,-19.472426],[121.311534,-19.354099],[121.416189,-19.221612],[121.519379,-19.069594],[121.539806,-19.013604],[121.557953,-18.990004],[121.564138,-18.975681],[121.56658,-18.955255],[121.569184,-18.944594],[121.575694,-18.935724],[121.591075,-18.921157],[121.597423,-18.911228],[121.612804,-18.865004],[121.631847,-18.823989],[121.642589,-18.810235],[121.648692,-18.786228],[121.649669,-18.776788],[121.646251,-18.763442],[121.638194,-18.754815],[121.628917,-18.747735],[121.621755,-18.739353],[121.613292,-18.712498],[121.624522,-18.710626],[121.643891,-18.717055],[121.659679,-18.71502],[121.667735,-18.70908],[121.678233,-18.70615],[121.715587,-18.703709],[121.723806,-18.699477],[121.769054,-18.657403],[121.777192,-18.640883],[121.78004,-18.619236],[121.77475,-18.606134],[121.761974,-18.596938],[121.731619,-18.580987],[121.759613,-18.560968],[121.773936,-18.545668],[121.796641,-18.486912],[121.811046,-18.462579],[121.823741,-18.451837],[121.837413,-18.455743],[121.850759,-18.463637],[121.866547,-18.470798],[121.888682,-18.471856],[121.91033,-18.464451],[122.022146,-18.384698],[122.0442,-18.360528],[122.053071,-18.331476],[122.062266,-18.320001],[122.122081,-18.293634],[122.1421,-18.279474],[122.158051,-18.263442],[122.183442,-18.225356],[122.186371,-18.229669],[122.192393,-18.234308],[122.197113,-18.238946],[122.21046,-18.211114],[122.220388,-18.197198],[122.250662,-18.186782],[122.323985,-18.150567],[122.347016,-18.121189],[122.363048,-18.087986],[122.369151,-18.063897],[122.367686,-18.026137],[122.360688,-18.000177],[122.344086,-17.983005],[122.313731,-17.971449],[122.283458,-17.964288],[122.248546,-17.96087],[122.217052,-17.969659],[122.197113,-17.998793],[122.190929,-17.998793],[122.187266,-17.991957],[122.182384,-17.986505],[122.176768,-17.98211],[122.16977,-17.978285],[122.196137,-17.945408],[122.207856,-17.91131],[122.207286,-17.873224],[122.19337,-17.805841],[122.197113,-17.742446],[122.199474,-17.733087],[122.203624,-17.722101],[122.205414,-17.71087],[122.200531,-17.70086],[122.188487,-17.683689],[122.177257,-17.663018],[122.174327,-17.653985],[122.16977,-17.628839],[122.156261,-17.597833],[122.154063,-17.588149],[122.145193,-17.572198],[122.14324,-17.563653],[122.141124,-17.458754],[122.149425,-17.341485],[122.167003,-17.295668],[122.172048,-17.261163],[122.178722,-17.244236],[122.19044,-17.230564],[122.207693,-17.224786],[122.214122,-17.21087],[122.266856,-17.150649],[122.279633,-17.139255],[122.273692,-17.128351],[122.262543,-17.126235],[122.256602,-17.12127],[122.266124,-17.101251],[122.276052,-17.089288],[122.412771,-16.972752],[122.45102,-16.950453],[122.444509,-16.968927],[122.450857,-16.981622],[122.464122,-16.983819],[122.478282,-16.970961],[122.481619,-16.949965],[122.475271,-16.932387],[122.472911,-16.92018],[122.488292,-16.915704],[122.506114,-16.91961],[122.515391,-16.929376],[122.521332,-16.941664],[122.529552,-16.953871],[122.542979,-16.96087],[122.594981,-16.970961],[122.582042,-16.956231],[122.560313,-16.909438],[122.530447,-16.873956],[122.526134,-16.861749],[122.527517,-16.850274],[122.531261,-16.844171],[122.535981,-16.840102],[122.540294,-16.834405],[122.541677,-16.837498],[122.546153,-16.839044],[122.551036,-16.837498],[122.553477,-16.830987],[122.552582,-16.817315],[122.553477,-16.813897],[122.561778,-16.799737],[122.570567,-16.788507],[122.582367,-16.779555],[122.601248,-16.772231],[122.606619,-16.786879],[122.614431,-16.796075],[122.625987,-16.800388],[122.642833,-16.800226],[122.650157,-16.797621],[122.664561,-16.788507],[122.673595,-16.786716],[122.697276,-16.787693],[122.704275,-16.786716],[122.718923,-16.778904],[122.729015,-16.76922],[122.740489,-16.761326],[122.7588,-16.758722],[122.773692,-16.761651],[122.820974,-16.779718],[122.763194,-16.730076],[122.746104,-16.702895],[122.745128,-16.669854],[122.748302,-16.662367],[122.757091,-16.64658],[122.7588,-16.638849],[122.7588,-16.604425],[122.762462,-16.594171],[122.771495,-16.579278],[122.783946,-16.565851],[122.79713,-16.560154],[122.825531,-16.563084],[122.837413,-16.561619],[122.848888,-16.553155],[122.855968,-16.541192],[122.861664,-16.527765],[122.870453,-16.516778],[122.886404,-16.512302],[122.894542,-16.49212],[122.902843,-16.450616],[122.916189,-16.415948],[122.938243,-16.416111],[123.006602,-16.374444],[123.020274,-16.382582],[123.018077,-16.396091],[122.998383,-16.422947],[123.041515,-16.441095],[123.05836,-16.453546],[123.053722,-16.470636],[123.040782,-16.478123],[123.028331,-16.477227],[123.01588,-16.47324],[123.002615,-16.470636],[122.990001,-16.473403],[122.984874,-16.481052],[122.977875,-16.505466],[122.990408,-16.529229],[122.959809,-16.580336],[122.97169,-16.594171],[122.976736,-16.616469],[122.980724,-16.625421],[122.98878,-16.629002],[123.009044,-16.616876],[123.021007,-16.614353],[123.026378,-16.625584],[123.026703,-16.649102],[123.030772,-16.676202],[123.042817,-16.692478],[123.067393,-16.683526],[123.081879,-16.70322],[123.09018,-16.709649],[123.102061,-16.712091],[123.112559,-16.709731],[123.117035,-16.703546],[123.119884,-16.695408],[123.125743,-16.686944],[123.132172,-16.686293],[123.133556,-16.696873],[123.131033,-16.711033],[123.125743,-16.721124],[123.114919,-16.727634],[123.107107,-16.728936],[123.100841,-16.732354],[123.094574,-16.745701],[123.094493,-16.769301],[123.106456,-16.786391],[123.12379,-16.796808],[123.139415,-16.800226],[123.15089,-16.807712],[123.156261,-16.824802],[123.157725,-16.843438],[123.156749,-16.855564],[123.143565,-16.892348],[123.143321,-16.913751],[123.160167,-16.92311],[123.183767,-16.928969],[123.198253,-16.943129],[123.21811,-16.977716],[123.260427,-17.014744],[123.266612,-17.029392],[123.267589,-17.069513],[123.271739,-17.085626],[123.280284,-17.101251],[123.31544,-17.138279],[123.333751,-17.162367],[123.341807,-17.18727],[123.350759,-17.204685],[123.368175,-17.228448],[123.379405,-17.254815],[123.36964,-17.279474],[123.38795,-17.315606],[123.399669,-17.329278],[123.434418,-17.344415],[123.44809,-17.365004],[123.457774,-17.384373],[123.465831,-17.389337],[123.477061,-17.40545],[123.490408,-17.416274],[123.501475,-17.429783],[123.511729,-17.471856],[123.540538,-17.501397],[123.553966,-17.518976],[123.560313,-17.536228],[123.566905,-17.576349],[123.567638,-17.591404],[123.570811,-17.595147],[123.577891,-17.590509],[123.584972,-17.580987],[123.588145,-17.570571],[123.587657,-17.515069],[123.586599,-17.507501],[123.581309,-17.492364],[123.563324,-17.457615],[123.560802,-17.447361],[123.561697,-17.404474],[123.567638,-17.361993],[123.573253,-17.350193],[123.589854,-17.326755],[123.594981,-17.313572],[123.595225,-17.302667],[123.594086,-17.29046],[123.594412,-17.278741],[123.598399,-17.269464],[123.60434,-17.260512],[123.607677,-17.250665],[123.609223,-17.228204],[123.612804,-17.215753],[123.620616,-17.20794],[123.629649,-17.202569],[123.634532,-17.201593],[123.636974,-17.202895],[123.643321,-17.203709],[123.644298,-17.184747],[123.639659,-17.172784],[123.622813,-17.155938],[123.5796,-17.094008],[123.574474,-17.042901],[123.577647,-17.025486],[123.591319,-16.999933],[123.594981,-16.985121],[123.60613,-16.996352],[123.615408,-16.996515],[123.624685,-16.992608],[123.635916,-16.991388],[123.650401,-16.99391],[123.656016,-16.995782],[123.667247,-17.008477],[123.669932,-17.01572],[123.680186,-17.060317],[123.68629,-17.057875],[123.693126,-17.050714],[123.698009,-17.046645],[123.712738,-17.05283],[123.733409,-17.066095],[123.751475,-17.082615],[123.759451,-17.097833],[123.761078,-17.108005],[123.765473,-17.117608],[123.771251,-17.126072],[123.77711,-17.13242],[123.78891,-17.14072],[123.811534,-17.150486],[123.821544,-17.155938],[123.834483,-17.171645],[123.846528,-17.192315],[123.86085,-17.210382],[123.879731,-17.21795],[123.90268,-17.21852],[123.913341,-17.21559],[123.917735,-17.207452],[123.914073,-17.198989],[123.904796,-17.196059],[123.893403,-17.194513],[123.882986,-17.190688],[123.85377,-17.163263],[123.837087,-17.13242],[123.814708,-17.053481],[123.798839,-17.019789],[123.794607,-17.000095],[123.804454,-16.991388],[123.817638,-16.996189],[123.854015,-17.018487],[123.863048,-17.025567],[123.86964,-17.004653],[123.858653,-16.991632],[123.84311,-16.979262],[123.835216,-16.960707],[123.841645,-16.946547],[123.870128,-16.923598],[123.87672,-16.912693],[123.8838,-16.896905],[123.900727,-16.886651],[123.920909,-16.878351],[123.937511,-16.867852],[123.948497,-16.850518],[123.953298,-16.828546],[123.948578,-16.809259],[123.931407,-16.800226],[123.923595,-16.8388],[123.902599,-16.858982],[123.835216,-16.881524],[123.792491,-16.89072],[123.768077,-16.878513],[123.732677,-16.813897],[123.726085,-16.796482],[123.716807,-16.75742],[123.708263,-16.741876],[123.693126,-16.729913],[123.659353,-16.714451],[123.643321,-16.704034],[123.611583,-16.673761],[123.595551,-16.665297],[123.509939,-16.653904],[123.509125,-16.649835],[123.51295,-16.642022],[123.529307,-16.63242],[123.552501,-16.626235],[123.566173,-16.615981],[123.553966,-16.594171],[123.595063,-16.574884],[123.609141,-16.563897],[123.609223,-16.546319],[123.596446,-16.535903],[123.555186,-16.539727],[123.533458,-16.532159],[123.545746,-16.562677],[123.543468,-16.56699],[123.512543,-16.566664],[123.498546,-16.561944],[123.492524,-16.549737],[123.488048,-16.543878],[123.458507,-16.525974],[123.458832,-16.524672],[123.445974,-16.512302],[123.444672,-16.512302],[123.439464,-16.507908],[123.43336,-16.504571],[123.427582,-16.49977],[123.424164,-16.491143],[123.469493,-16.503676],[123.482677,-16.505466],[123.492524,-16.500258],[123.486095,-16.488377],[123.465831,-16.4638],[123.489513,-16.468927],[123.524262,-16.498468],[123.543468,-16.505466],[123.567638,-16.511],[123.592947,-16.522149],[123.618419,-16.529962],[123.643321,-16.525974],[123.635102,-16.515395],[123.620616,-16.510349],[123.588145,-16.505466],[123.607432,-16.494073],[123.638194,-16.489516],[123.654063,-16.48447],[123.538748,-16.426446],[123.506114,-16.416111],[123.506114,-16.407973],[123.537852,-16.414646],[123.549327,-16.411879],[123.553966,-16.395603],[123.648448,-16.42783],[123.711681,-16.429783],[123.688162,-16.407973],[123.675548,-16.399102],[123.660411,-16.395603],[123.651866,-16.392511],[123.644054,-16.385349],[123.632498,-16.371352],[123.631602,-16.364679],[123.640473,-16.36061],[123.651622,-16.360284],[123.664399,-16.369887],[123.681326,-16.376235],[123.699718,-16.381036],[123.711681,-16.38128],[123.715099,-16.373468],[123.716563,-16.358657],[123.715587,-16.343357],[123.711681,-16.333591],[123.698253,-16.330011],[123.65797,-16.327732],[123.649587,-16.323337],[123.645763,-16.315362],[123.636974,-16.305352],[123.626964,-16.296808],[123.619151,-16.293145],[123.610118,-16.29518],[123.603363,-16.299737],[123.602875,-16.304132],[123.612315,-16.306248],[123.615896,-16.308526],[123.615001,-16.313409],[123.610199,-16.318129],[123.601817,-16.31992],[123.594086,-16.316827],[123.588878,-16.310724],[123.584809,-16.304376],[123.581309,-16.299981],[123.55836,-16.286716],[123.547374,-16.27752],[123.539724,-16.265232],[123.567149,-16.260919],[123.576427,-16.242446],[123.570649,-16.221856],[123.553966,-16.210626],[123.563731,-16.185317],[123.57016,-16.176935],[123.581309,-16.16961],[123.58546,-16.174005],[123.59669,-16.178806],[123.603363,-16.175551],[123.594981,-16.155938],[123.690929,-16.148696],[123.719086,-16.155938],[123.724132,-16.136326],[123.732595,-16.141046],[123.741873,-16.15488],[123.749522,-16.162774],[123.771007,-16.163344],[123.773692,-16.162774],[123.778494,-16.167413],[123.785818,-16.180434],[123.790538,-16.183282],[123.799653,-16.185479],[123.806895,-16.191095],[123.809337,-16.198907],[123.804454,-16.207452],[123.796072,-16.208754],[123.774262,-16.201918],[123.766856,-16.20436],[123.769298,-16.216567],[123.787852,-16.225356],[123.81129,-16.230239],[123.82838,-16.231134],[123.813487,-16.246026],[123.78712,-16.25156],[123.757498,-16.253676],[123.732677,-16.258966],[123.803477,-16.308201],[123.82838,-16.31992],[123.842459,-16.322524],[123.85377,-16.323337],[123.862641,-16.327325],[123.869314,-16.340427],[123.870616,-16.356622],[123.866059,-16.368097],[123.858084,-16.370782],[123.848806,-16.360772],[123.835216,-16.368259],[123.853282,-16.415948],[123.863048,-16.429783],[123.869314,-16.416111],[123.87672,-16.416111],[123.879242,-16.420668],[123.88502,-16.424981],[123.889659,-16.429783],[123.894705,-16.409763],[123.891368,-16.369806],[123.897227,-16.353936],[123.891856,-16.3388],[123.906749,-16.338637],[123.928722,-16.346124],[123.945079,-16.353936],[123.950369,-16.359959],[123.96697,-16.374444],[123.98463,-16.384698],[123.992849,-16.377862],[123.957774,-16.320896],[123.951427,-16.293634],[123.986013,-16.28631],[123.986013,-16.278904],[123.96461,-16.26865],[123.942393,-16.252862],[123.92335,-16.234796],[123.910899,-16.217462],[123.932872,-16.221775],[123.972179,-16.240411],[123.996267,-16.244806],[124.018891,-16.246026],[124.029307,-16.249282],[124.033865,-16.255548],[124.037852,-16.263442],[124.047618,-16.263604],[124.068533,-16.258966],[124.107758,-16.265395],[124.126231,-16.272231],[124.14796,-16.288263],[124.167166,-16.29697],[124.170909,-16.302992],[124.199392,-16.375095],[124.209972,-16.389581],[124.222667,-16.395603],[124.300629,-16.402439],[124.332205,-16.410089],[124.342133,-16.407973],[124.366466,-16.364516],[124.386078,-16.35117],[124.400157,-16.353123],[124.424815,-16.374444],[124.449229,-16.386977],[124.473643,-16.393324],[124.592459,-16.4013],[124.623302,-16.399998],[124.650157,-16.388116],[124.657481,-16.395603],[124.681326,-16.386977],[124.725759,-16.382501],[124.768728,-16.385349],[124.787852,-16.399021],[124.803722,-16.418227],[124.839692,-16.425714],[124.878917,-16.420668],[124.903982,-16.402439],[124.884044,-16.399184],[124.840831,-16.405206],[124.825206,-16.399021],[124.809418,-16.387628],[124.791352,-16.381931],[124.753184,-16.374444],[124.697276,-16.344415],[124.596202,-16.326593],[124.573253,-16.32586],[124.499278,-16.335707],[124.485525,-16.345473],[124.476329,-16.347833],[124.456798,-16.333266],[124.45338,-16.335056],[124.449962,-16.338474],[124.444591,-16.340427],[124.428722,-16.340509],[124.413259,-16.338149],[124.401541,-16.329278],[124.394786,-16.299249],[124.389985,-16.292657],[124.385427,-16.287856],[124.383311,-16.282647],[124.385265,-16.270196],[124.394786,-16.249607],[124.396821,-16.238539],[124.3921,-16.229181],[124.383067,-16.222914],[124.378429,-16.214939],[124.386567,-16.200616],[124.391856,-16.188165],[124.391856,-16.175958],[124.394542,-16.166599],[124.418224,-16.160577],[124.425548,-16.153578],[124.429698,-16.14186],[124.430919,-16.070001],[124.434337,-16.057794],[124.443126,-16.051853],[124.454275,-16.052667],[124.465831,-16.060479],[124.472423,-16.0735],[124.472667,-16.087823],[124.471039,-16.101821],[124.472667,-16.115004],[124.476899,-16.120538],[124.499848,-16.142267],[124.510916,-16.158298],[124.520356,-16.176446],[124.529552,-16.154962],[124.546723,-16.128106],[124.569672,-16.109959],[124.596202,-16.115004],[124.590017,-16.094171],[124.589366,-16.025079],[124.583751,-15.988865],[124.591156,-15.977309],[124.615977,-15.977227],[124.607677,-15.957615],[124.606293,-15.936782],[124.609711,-15.898696],[124.619884,-15.881931],[124.642589,-15.865655],[124.665863,-15.861505],[124.677989,-15.881036],[124.684255,-15.881036],[124.694591,-15.856378],[124.699229,-15.836847],[124.708751,-15.820733],[124.732677,-15.806573],[124.697113,-15.794041],[124.678884,-15.791681],[124.631684,-15.794203],[124.621837,-15.797784],[124.609711,-15.806573],[124.586681,-15.847833],[124.558442,-15.874933],[124.515147,-15.970147],[124.486339,-15.998305],[124.483653,-15.985528],[124.486664,-15.97503],[124.491384,-15.964125],[124.493175,-15.950453],[124.489431,-15.940688],[124.48227,-15.934991],[124.475597,-15.927341],[124.469493,-15.895929],[124.45045,-15.843194],[124.438487,-15.826349],[124.439952,-15.839044],[124.438731,-15.849705],[124.434093,-15.855645],[124.424815,-15.854262],[124.420909,-15.86061],[124.416759,-15.864841],[124.404307,-15.87477],[124.399181,-15.804783],[124.393403,-15.788832],[124.384532,-15.771417],[124.381521,-15.748468],[124.383474,-15.727634],[124.389985,-15.717055],[124.37794,-15.68727],[124.376475,-15.676202],[124.377452,-15.666925],[124.380626,-15.664483],[124.385265,-15.667739],[124.389985,-15.676202],[124.396821,-15.676202],[124.395681,-15.663995],[124.396739,-15.652276],[124.39975,-15.642267],[124.404307,-15.635186],[124.417979,-15.669366],[124.42628,-15.647556],[124.427501,-15.621515],[124.418468,-15.604099],[124.396821,-15.608005],[124.403331,-15.559259],[124.396983,-15.539158],[124.376475,-15.525323],[124.389903,-15.522556],[124.406016,-15.528009],[124.4192,-15.534601],[124.424815,-15.535577],[124.428966,-15.53045],[124.447765,-15.525079],[124.451996,-15.521661],[124.451996,-15.491143],[124.472911,-15.468683],[124.504242,-15.467462],[124.537608,-15.480727],[124.565278,-15.50156],[124.578136,-15.506931],[124.597992,-15.509942],[124.617686,-15.509535],[124.629649,-15.504978],[124.629649,-15.43255],[124.631114,-15.42547],[124.634613,-15.419041],[124.640147,-15.415948],[124.646739,-15.418878],[124.649425,-15.426853],[124.642833,-15.446384],[124.643321,-15.457127],[124.654063,-15.472345],[124.66863,-15.478448],[124.682628,-15.473891],[124.691742,-15.457127],[124.672862,-15.442641],[124.672618,-15.418227],[124.683442,-15.392348],[124.698009,-15.373956],[124.727794,-15.361261],[124.732677,-15.357517],[124.728038,-15.347589],[124.708507,-15.345636],[124.705333,-15.33294],[124.681,-15.349786],[124.669688,-15.352309],[124.663748,-15.339776],[124.667003,-15.324395],[124.677257,-15.321059],[124.68922,-15.320489],[124.698009,-15.313084],[124.697927,-15.298435],[124.68686,-15.294366],[124.672862,-15.294366],[124.663748,-15.291925],[124.66033,-15.283787],[124.660167,-15.274184],[124.663748,-15.250421],[124.682384,-15.260675],[124.688162,-15.262791],[124.698009,-15.264744],[124.696056,-15.261977],[124.698009,-15.257094],[124.702647,-15.252537],[124.708751,-15.250421],[124.711762,-15.253513],[124.713064,-15.26865],[124.715587,-15.274591],[124.720388,-15.275323],[124.756602,-15.285252],[124.761485,-15.292169],[124.754893,-15.307794],[124.739513,-15.33294],[124.74586,-15.335382],[124.782237,-15.301446],[124.797862,-15.291925],[124.803966,-15.29518],[124.815603,-15.309828],[124.825206,-15.313084],[124.83546,-15.318048],[124.834809,-15.329767],[124.828624,-15.343357],[124.822032,-15.354099],[124.843435,-15.352797],[124.869314,-15.347752],[124.883474,-15.347263],[124.905528,-15.351658],[124.920421,-15.361017],[124.945567,-15.388849],[124.949718,-15.395685],[124.952159,-15.402032],[124.95753,-15.406834],[124.976248,-15.410252],[124.983409,-15.413832],[124.989594,-15.41839],[124.993337,-15.422296],[124.993175,-15.438084],[124.976248,-15.469171],[124.979747,-15.477634],[124.99171,-15.478123],[125.000743,-15.472914],[125.008556,-15.466485],[125.017589,-15.463311],[125.027599,-15.466729],[125.02711,-15.474786],[125.024425,-15.484063],[125.027599,-15.491143],[125.049815,-15.498224],[125.053966,-15.485772],[125.053559,-15.46559],[125.061697,-15.44964],[125.086599,-15.454767],[125.15797,-15.505141],[125.185232,-15.517836],[125.172374,-15.502374],[125.132172,-15.471775],[125.123709,-15.460138],[125.07252,-15.418878],[125.073497,-15.407485],[125.08961,-15.347263],[125.098888,-15.338067],[125.113048,-15.329278],[125.129242,-15.322361],[125.144298,-15.319268],[125.144298,-15.313084],[125.127615,-15.313735],[125.114431,-15.308689],[125.104015,-15.298761],[125.096446,-15.285252],[125.090505,-15.305108],[125.072927,-15.304457],[125.052582,-15.293227],[125.038097,-15.281427],[125.026622,-15.283949],[124.984386,-15.312188],[124.951508,-15.323012],[124.928884,-15.338149],[124.917735,-15.339776],[124.906586,-15.333185],[124.901622,-15.322361],[124.897146,-15.299412],[124.893809,-15.297296],[124.889334,-15.298028],[124.885265,-15.296808],[124.883474,-15.28867],[124.884532,-15.28045],[124.887462,-15.275486],[124.897146,-15.264744],[124.906993,-15.257745],[124.918712,-15.253025],[124.924653,-15.247166],[124.917735,-15.2374],[124.924653,-15.229262],[124.936209,-15.222589],[124.947927,-15.21795],[124.965587,-15.213067],[124.970551,-15.207778],[124.976817,-15.207778],[124.989919,-15.219985],[125.006521,-15.221287],[125.025727,-15.203709],[125.055431,-15.162286],[125.046723,-15.15838],[125.025076,-15.153009],[125.013845,-15.148614],[125.00587,-15.177504],[125.003591,-15.182061],[124.993663,-15.18141],[124.986339,-15.178481],[124.9817,-15.17254],[124.979747,-15.162286],[124.973888,-15.168064],[124.963634,-15.186293],[124.962657,-15.190199],[124.954926,-15.191827],[124.931895,-15.20322],[124.887218,-15.239679],[124.869884,-15.250421],[124.870128,-15.233819],[124.872244,-15.228611],[124.87672,-15.223728],[124.869884,-15.216241],[124.863048,-15.229913],[124.856212,-15.229913],[124.857921,-15.219496],[124.856781,-15.1985],[124.856212,-15.195082],[124.859874,-15.186212],[124.868175,-15.174412],[124.869884,-15.165948],[124.861501,-15.162856],[124.845063,-15.16725],[124.834239,-15.164727],[124.84197,-15.141209],[124.843516,-15.141534],[124.856212,-15.134942],[124.858084,-15.13128],[124.860525,-15.11891],[124.863048,-15.114435],[124.871593,-15.109308],[124.883637,-15.10475],[124.896658,-15.101495],[124.907725,-15.100274],[124.917003,-15.102472],[124.930675,-15.112237],[124.952485,-15.115899],[124.959972,-15.119887],[124.972911,-15.134942],[124.997081,-15.097914],[125.013031,-15.084649],[125.021251,-15.100274],[125.027599,-15.084568],[125.031505,-15.061619],[125.027843,-15.040948],[125.010427,-15.031915],[125.012706,-15.023696],[125.011974,-15.005141],[125.008067,-14.984552],[125.000173,-14.970392],[125.013438,-14.972101],[125.023611,-14.976739],[125.041759,-14.990981],[125.048025,-14.981866],[125.059581,-14.972345],[125.072276,-14.96852],[125.082042,-14.976658],[125.083181,-14.993259],[125.063243,-15.013604],[125.061697,-15.031915],[125.069102,-15.025079],[125.075938,-15.059828],[125.087413,-15.051202],[125.098399,-15.029067],[125.110037,-15.025079],[125.110362,-15.02752],[125.115408,-15.032892],[125.121349,-15.037693],[125.123709,-15.038751],[125.12615,-15.049493],[125.123302,-15.055271],[125.118988,-15.060479],[125.116873,-15.069513],[125.132823,-15.107843],[125.134044,-15.114435],[125.140473,-15.120375],[125.154307,-15.150323],[125.165294,-15.162286],[125.17156,-15.15602],[125.167247,-15.149835],[125.16627,-15.14186],[125.168956,-15.133233],[125.174571,-15.124444],[125.176117,-15.116306],[125.158865,-15.062758],[125.14796,-15.044854],[125.145763,-15.028009],[125.165294,-15.011407],[125.16505,-15.031996],[125.172618,-15.044529],[125.185883,-15.050714],[125.201915,-15.052423],[125.215587,-15.05755],[125.222016,-15.067071],[125.229747,-15.072686],[125.246593,-15.066095],[125.249848,-15.07822],[125.255707,-15.085056],[125.262218,-15.089288],[125.280772,-15.107599],[125.281749,-15.113377],[125.279063,-15.119887],[125.273936,-15.128106],[125.288259,-15.140558],[125.310802,-15.150649],[125.328787,-15.152765],[125.329112,-15.141209],[125.357107,-15.136489],[125.419932,-15.149347],[125.43214,-15.137953],[125.430675,-15.120538],[125.425141,-15.116143],[125.394054,-15.120701],[125.382091,-15.116876],[125.37379,-15.107599],[125.369395,-15.096449],[125.369477,-15.086521],[125.373302,-15.085056],[125.380382,-15.08408],[125.387462,-15.081801],[125.390636,-15.076593],[125.38738,-15.068129],[125.380138,-15.066095],[125.372813,-15.065037],[125.369477,-15.059828],[125.366466,-15.051446],[125.369395,-15.047784],[125.380626,-15.046157],[125.388927,-15.042901],[125.405772,-15.028416],[125.430837,-15.019708],[125.429535,-15.009047],[125.417491,-15.002211],[125.384044,-15.01393],[125.366954,-15.008396],[125.354503,-14.99391],[125.346528,-14.99627],[125.335297,-14.997735],[125.329926,-14.99627],[125.326915,-14.986423],[125.321625,-14.984063],[125.317149,-14.985121],[125.31129,-14.987237],[125.307628,-14.989679],[125.308604,-14.990981],[125.297699,-14.991957],[125.288585,-14.994399],[125.280935,-14.993422],[125.273936,-14.984063],[125.273692,-14.97617],[125.27768,-14.96795],[125.287608,-14.956231],[125.275727,-14.956964],[125.264171,-14.962009],[125.255707,-14.967706],[125.253429,-14.970392],[125.242849,-14.966078],[125.238129,-14.952813],[125.229259,-14.949965],[125.22169,-14.951918],[125.218272,-14.955662],[125.214122,-14.958103],[125.204926,-14.956231],[125.197032,-14.952325],[125.186778,-14.945489],[125.182953,-14.939142],[125.195079,-14.936293],[125.204275,-14.932061],[125.208995,-14.922296],[125.212087,-14.912774],[125.215831,-14.90838],[125.227224,-14.906915],[125.24464,-14.9013],[125.253429,-14.901544],[125.256196,-14.90545],[125.257823,-14.912367],[125.263194,-14.919122],[125.277354,-14.922052],[125.289724,-14.920099],[125.29477,-14.914727],[125.293956,-14.90602],[125.287608,-14.894708],[125.308849,-14.885024],[125.297618,-14.868341],[125.267589,-14.856215],[125.232921,-14.860528],[125.227712,-14.850193],[125.202159,-14.844822],[125.191417,-14.832696],[125.188731,-14.779392],[125.181407,-14.771905],[125.168142,-14.776788],[125.160899,-14.778416],[125.157888,-14.774998],[125.154959,-14.762872],[125.148204,-14.759698],[125.141368,-14.759861],[125.137462,-14.757501],[125.135997,-14.735935],[125.144298,-14.728448],[125.156586,-14.728692],[125.168468,-14.730239],[125.177501,-14.727472],[125.177257,-14.720961],[125.174001,-14.713067],[125.174571,-14.705987],[125.181651,-14.698826],[125.185313,-14.698337],[125.188731,-14.700779],[125.195079,-14.702325],[125.211436,-14.70086],[125.201345,-14.684991],[125.204926,-14.668145],[125.217784,-14.663832],[125.253103,-14.672947],[125.260265,-14.671563],[125.263194,-14.653741],[125.271495,-14.650811],[125.284353,-14.649021],[125.30128,-14.634698],[125.281586,-14.629815],[125.258067,-14.632745],[125.239024,-14.631524],[125.232921,-14.61419],[125.243663,-14.594171],[125.26588,-14.575616],[125.290538,-14.566176],[125.308604,-14.573175],[125.314789,-14.573175],[125.322439,-14.558038],[125.328949,-14.55047],[125.333507,-14.543145],[125.336925,-14.514255],[125.341075,-14.503106],[125.347667,-14.498712],[125.356456,-14.504327],[125.355235,-14.570489],[125.352224,-14.582778],[125.342784,-14.607354],[125.355642,-14.587498],[125.373709,-14.573907],[125.388194,-14.559991],[125.390636,-14.539158],[125.404307,-14.553155],[125.437999,-14.631931],[125.439464,-14.638849],[125.440684,-14.636651],[125.44516,-14.620375],[125.439626,-14.59881],[125.442638,-14.589288],[125.459483,-14.593032],[125.458263,-14.581476],[125.459972,-14.570489],[125.464854,-14.560724],[125.473155,-14.55283],[125.466156,-14.54811],[125.462901,-14.541762],[125.462901,-14.533949],[125.466319,-14.524835],[125.493663,-14.545343],[125.487153,-14.517511],[125.486583,-14.503025],[125.493663,-14.490655],[125.501313,-14.486261],[125.509288,-14.485772],[125.516938,-14.488458],[125.524425,-14.494073],[125.532481,-14.497735],[125.550548,-14.496515],[125.555024,-14.497491],[125.555431,-14.513849],[125.544688,-14.527439],[125.532237,-14.538018],[125.527843,-14.545343],[125.539561,-14.553318],[125.557791,-14.553969],[125.576182,-14.550388],[125.589203,-14.545343],[125.583995,-14.534763],[125.583832,-14.526544],[125.589203,-14.511163],[125.591156,-14.510512],[125.595714,-14.510431],[125.600352,-14.508884],[125.603526,-14.504327],[125.603282,-14.499607],[125.597992,-14.493585],[125.59669,-14.487237],[125.605724,-14.433201],[125.615001,-14.410089],[125.617198,-14.4013],[125.610606,-14.384454],[125.597667,-14.367283],[125.58839,-14.351007],[125.593028,-14.336521],[125.592052,-14.326267],[125.586436,-14.308038],[125.584972,-14.287693],[125.59669,-14.270929],[125.59669,-14.264825],[125.58546,-14.255629],[125.585623,-14.245701],[125.594574,-14.239923],[125.610362,-14.243585],[125.605805,-14.229262],[125.618175,-14.223728],[125.635265,-14.231541],[125.644379,-14.257257],[125.651866,-14.257257],[125.651866,-14.250421],[125.658051,-14.250421],[125.665294,-14.264255],[125.693614,-14.27988],[125.706554,-14.291436],[125.708751,-14.283461],[125.712738,-14.276625],[125.718761,-14.270685],[125.727061,-14.264825],[125.733165,-14.270929],[125.726573,-14.279474],[125.712738,-14.305108],[125.719412,-14.313897],[125.718435,-14.324314],[125.710948,-14.333673],[125.699067,-14.339939],[125.688731,-14.33766],[125.681407,-14.330011],[125.672618,-14.325453],[125.658051,-14.333103],[125.663585,-14.341078],[125.662852,-14.348403],[125.659679,-14.354913],[125.658051,-14.360284],[125.672618,-14.458266],[125.681977,-14.473565],[125.684337,-14.506768],[125.636974,-14.598077],[125.637706,-14.634698],[125.652354,-14.622247],[125.696056,-14.504327],[125.70574,-14.494317],[125.710704,-14.47088],[125.712738,-14.425877],[125.719574,-14.400974],[125.732921,-14.398533],[125.741059,-14.410414],[125.733165,-14.429295],[125.743419,-14.434991],[125.744151,-14.444757],[125.733165,-14.470147],[125.76824,-14.463556],[125.782237,-14.457452],[125.787852,-14.445977],[125.791026,-14.437188],[125.798106,-14.434828],[125.805186,-14.437921],[125.80836,-14.445977],[125.806326,-14.45322],[125.803559,-14.456964],[125.805186,-14.459568],[125.815766,-14.463311],[125.822113,-14.461196],[125.827403,-14.454278],[125.833507,-14.448175],[125.84254,-14.449151],[125.849946,-14.457615],[125.848969,-14.466729],[125.842133,-14.474054],[125.83253,-14.476983],[125.817231,-14.484308],[125.833018,-14.519464],[125.822032,-14.531671],[125.822032,-14.539158],[125.83725,-14.545099],[125.837169,-14.55283],[125.831065,-14.562107],[125.828868,-14.573175],[125.833018,-14.584568],[125.839854,-14.594822],[125.847992,-14.601007],[125.8567,-14.600518],[125.889659,-14.626886],[125.909434,-14.639418],[125.918142,-14.637791],[125.925059,-14.596856],[125.923106,-14.591485],[125.91863,-14.585707],[125.908214,-14.576349],[125.903819,-14.569513],[125.90561,-14.564142],[125.909841,-14.560479],[125.911876,-14.559015],[125.916026,-14.53753],[125.920095,-14.525974],[125.925059,-14.51865],[125.959646,-14.519789],[125.965994,-14.521661],[125.96811,-14.526462],[125.979015,-14.541925],[125.983409,-14.545343],[125.997813,-14.541111],[125.999278,-14.530938],[125.997081,-14.519627],[126.000743,-14.511163],[126.011241,-14.509698],[126.026703,-14.519952],[126.034923,-14.51865],[126.04127,-14.508722],[126.040538,-14.497491],[126.036957,-14.485528],[126.034923,-14.473565],[126.031749,-14.462579],[126.017589,-14.447686],[126.014415,-14.439142],[126.012869,-14.424412],[126.008474,-14.419122],[126.001801,-14.416274],[125.993907,-14.408787],[125.988455,-14.404555],[125.982107,-14.400811],[125.978282,-14.393813],[125.980235,-14.380792],[125.985688,-14.382908],[125.999685,-14.377699],[126.011729,-14.370782],[126.010997,-14.36712],[126.016775,-14.364923],[126.034923,-14.355645],[126.060883,-14.35003],[126.064464,-14.341567],[126.062673,-14.330499],[126.062266,-14.319431],[126.065684,-14.3117],[126.074229,-14.30283],[126.075857,-14.295099],[126.073741,-14.286798],[126.064301,-14.27044],[126.062266,-14.261],[126.061534,-14.247817],[126.062999,-14.23561],[126.071788,-14.226658],[126.102061,-14.222426],[126.108165,-14.220798],[126.11671,-14.216404],[126.141287,-14.195489],[126.144786,-14.195245],[126.146332,-14.176935],[126.141856,-14.158461],[126.140391,-14.142999],[126.151622,-14.133722],[126.134451,-14.094903],[126.107107,-14.079522],[126.006602,-14.07822],[125.992442,-14.071466],[125.986501,-14.055597],[125.984223,-14.045668],[125.974946,-14.030938],[125.97283,-14.021417],[125.973888,-14.013442],[125.979015,-14.000909],[125.980235,-13.990411],[125.992361,-13.999688],[126.01002,-14.026056],[126.020518,-14.031915],[126.033865,-14.028497],[126.035167,-14.018243],[126.03297,-14.004327],[126.034923,-13.990411],[126.047374,-13.984063],[126.074067,-14.026056],[126.096365,-14.025079],[126.091563,-14.01686],[126.090994,-14.007094],[126.091482,-13.996026],[126.090099,-13.983575],[126.085948,-13.969415],[126.081879,-13.964532],[126.075043,-13.962335],[126.035899,-13.942315],[126.028005,-13.935805],[126.017345,-13.922052],[126.020274,-13.920587],[126.031423,-13.924737],[126.060069,-13.931817],[126.066417,-13.927667],[126.069102,-13.911554],[126.074474,-13.899102],[126.086436,-13.889418],[126.098399,-13.887384],[126.10377,-13.897638],[126.099376,-13.909275],[126.092133,-13.918878],[126.091563,-13.925388],[126.120128,-13.929457],[126.129242,-13.932061],[126.138438,-13.930922],[126.151622,-13.922133],[126.149587,-13.932794],[126.144298,-13.941339],[126.130382,-13.956231],[126.136078,-13.957778],[126.145763,-13.961847],[126.151622,-13.963067],[126.151622,-13.969903],[126.136974,-13.975844],[126.124766,-13.987074],[126.115571,-14.001723],[126.110606,-14.017755],[126.128429,-14.01214],[126.14324,-14.002537],[126.17213,-13.977309],[126.181651,-13.970798],[126.192393,-13.965509],[126.22047,-13.956231],[126.209646,-13.976821],[126.178396,-13.995375],[126.165863,-14.010919],[126.192393,-14.014418],[126.210704,-14.026625],[126.214203,-14.039646],[126.1963,-14.045668],[126.169119,-14.049005],[126.164887,-14.057794],[126.168712,-14.070571],[126.165863,-14.085382],[126.198253,-14.077813],[126.21225,-14.081476],[126.213634,-14.099705],[126.187511,-14.122491],[126.180349,-14.133233],[126.199962,-14.126886],[126.191091,-14.159601],[126.214529,-14.17547],[126.241466,-14.185154],[126.243988,-14.198907],[126.237315,-14.202813],[126.231781,-14.20322],[126.228038,-14.204848],[126.226573,-14.212986],[126.229747,-14.214939],[126.243663,-14.221612],[126.247732,-14.22324],[126.259288,-14.217055],[126.271495,-14.208266],[126.282074,-14.208591],[126.288829,-14.230076],[126.295584,-14.230076],[126.297618,-14.214288],[126.302013,-14.201267],[126.310802,-14.192315],[126.345063,-14.184666],[126.34547,-14.174249],[126.335948,-14.161554],[126.319347,-14.145115],[126.313731,-14.14186],[126.307302,-14.140802],[126.298676,-14.140558],[126.293712,-14.136489],[126.298025,-14.127374],[126.309255,-14.113377],[126.312266,-14.096775],[126.315929,-14.086847],[126.324555,-14.080173],[126.343272,-14.072931],[126.338552,-14.069594],[126.333507,-14.063084],[126.329112,-14.059259],[126.343598,-14.045505],[126.361664,-14.045343],[126.377208,-14.042657],[126.39031,-14.00506],[126.421641,-13.982354],[126.43214,-13.969903],[126.449962,-13.991795],[126.469981,-13.991957],[126.488129,-13.979425],[126.500987,-13.963067],[126.516938,-13.937433],[126.527517,-13.928969],[126.54184,-13.932387],[126.569184,-13.94199],[126.555837,-13.945977],[126.54005,-13.953709],[126.526866,-13.963474],[126.521495,-13.973565],[126.519054,-13.983657],[126.513194,-13.988539],[126.506358,-13.991795],[126.500987,-13.997247],[126.496349,-14.023614],[126.493663,-14.031915],[126.465017,-14.059828],[126.453298,-14.077569],[126.462738,-14.085382],[126.483409,-14.081476],[126.515961,-14.069106],[126.52768,-14.072931],[126.493663,-14.113377],[126.501801,-14.120294],[126.513927,-14.141371],[126.521495,-14.147393],[126.536143,-14.146173],[126.54835,-14.139418],[126.558849,-14.134942],[126.569184,-14.140558],[126.572032,-14.151625],[126.568696,-14.182794],[126.569184,-14.195245],[126.575938,-14.209893],[126.582856,-14.214044],[126.591563,-14.217462],[126.603526,-14.230076],[126.603282,-14.201104],[126.605317,-14.18727],[126.61085,-14.175388],[126.62086,-14.169203],[126.634532,-14.164972],[126.646739,-14.158136],[126.651866,-14.143976],[126.649913,-14.132582],[126.646983,-14.123305],[126.647309,-14.11419],[126.655284,-14.103123],[126.656993,-14.09531],[126.651703,-14.087172],[126.647227,-14.077813],[126.651866,-14.066095],[126.658702,-14.071384],[126.673595,-14.080336],[126.679047,-14.085382],[126.68336,-14.094822],[126.687999,-14.11533],[126.692719,-14.120782],[126.704845,-14.118097],[126.720388,-14.086114],[126.733735,-14.072931],[126.726817,-14.058364],[126.733897,-14.044854],[126.744395,-14.02988],[126.747406,-14.010919],[126.741222,-14.010919],[126.737153,-14.017755],[126.731944,-14.022719],[126.720225,-14.031915],[126.708507,-14.020685],[126.701182,-14.007094],[126.700043,-13.993829],[126.707205,-13.983575],[126.713227,-13.983331],[126.734141,-13.989841],[126.747406,-13.990411],[126.751231,-13.980727],[126.761729,-13.969903],[126.774262,-13.974705],[126.788259,-13.972589],[126.78891,-13.969903],[126.81658,-13.982354],[126.829763,-13.982599],[126.843028,-13.969903],[126.824067,-13.963311],[126.813243,-13.956964],[126.810069,-13.949395],[126.818207,-13.942641],[126.831065,-13.943455],[126.85727,-13.949395],[126.851573,-13.939386],[126.844737,-13.932712],[126.834727,-13.928888],[126.819835,-13.927667],[126.807872,-13.923517],[126.800548,-13.912856],[126.796886,-13.898696],[126.795746,-13.883966],[126.792003,-13.87713],[126.773692,-13.855157],[126.767833,-13.846368],[126.755544,-13.804946],[126.747406,-13.791762],[126.764659,-13.790785],[126.785411,-13.787367],[126.802908,-13.780043],[126.810069,-13.767673],[126.814464,-13.768324],[126.822765,-13.776462],[126.827891,-13.791111],[126.823253,-13.81227],[126.832774,-13.816095],[126.843028,-13.818536],[126.845876,-13.80755],[126.853282,-13.800958],[126.864106,-13.798028],[126.877208,-13.798028],[126.877208,-13.791762],[126.85963,-13.782892],[126.846446,-13.768976],[126.845388,-13.754327],[126.863536,-13.743341],[126.881847,-13.745782],[126.897797,-13.756443],[126.913748,-13.76393],[126.932384,-13.757582],[126.912852,-13.745782],[126.90504,-13.743341],[126.915538,-13.735935],[126.927745,-13.73089],[126.952891,-13.723565],[126.978201,-13.754002],[126.993175,-13.76629],[127.011241,-13.771254],[127.02003,-13.777765],[127.021739,-13.793227],[127.021169,-13.825942],[127.037608,-13.816176],[127.050629,-13.813409],[127.055919,-13.820082],[127.049083,-13.839532],[127.07016,-13.828058],[127.072113,-13.842543],[127.064138,-13.867771],[127.055349,-13.887384],[127.085134,-13.883884],[127.093516,-13.900079],[127.095714,-13.926365],[127.107432,-13.952813],[127.129731,-13.967706],[127.142589,-13.956231],[127.154063,-13.93377],[127.172618,-13.915216],[127.163585,-13.910821],[127.159353,-13.902765],[127.159679,-13.892185],[127.165212,-13.880548],[127.181407,-13.890313],[127.187266,-13.901788],[127.18629,-13.931817],[127.189301,-13.946954],[127.196951,-13.949314],[127.205903,-13.943617],[127.213634,-13.935805],[127.226329,-13.904474],[127.236827,-13.892022],[127.251313,-13.897638],[127.287934,-13.938246],[127.302989,-13.949395],[127.332693,-13.961196],[127.331228,-13.944024],[127.322439,-13.917413],[127.330251,-13.901056],[127.344249,-13.904474],[127.353282,-13.916681],[127.360362,-13.929783],[127.367686,-13.935805],[127.381521,-13.937758],[127.389496,-13.943536],[127.394298,-13.952244],[127.398611,-13.963067],[127.404796,-13.963067],[127.407074,-13.957127],[127.418468,-13.94199],[127.430431,-13.953871],[127.440766,-13.969415],[127.448497,-13.986912],[127.452485,-14.004083],[127.452159,-14.013849],[127.4463,-14.048761],[127.450206,-14.057306],[127.47047,-14.06992],[127.480479,-14.079197],[127.489268,-14.058364],[127.504242,-14.065606],[127.520274,-14.083103],[127.531993,-14.092869],[127.54713,-14.097914],[127.574962,-14.123305],[127.590343,-14.133722],[127.595063,-14.134373],[127.60613,-14.132989],[127.61085,-14.133722],[127.615245,-14.13714],[127.624522,-14.147393],[127.666026,-14.178399],[127.670746,-14.197198],[127.682628,-14.216974],[127.698253,-14.235447],[127.75587,-14.284845],[127.761567,-14.295099],[127.789561,-14.36712],[127.796723,-14.370864],[127.815929,-14.374933],[127.823578,-14.380792],[127.825857,-14.389581],[127.823578,-14.425877],[127.826915,-14.436619],[127.833995,-14.44256],[127.841075,-14.443536],[127.844249,-14.439142],[127.845958,-14.425877],[127.851085,-14.41725],[127.859874,-14.41546],[127.87143,-14.422459],[127.879405,-14.439548],[127.855235,-14.465102],[127.857921,-14.483819],[127.874278,-14.469903],[127.887218,-14.474054],[127.90561,-14.497491],[127.940196,-14.518976],[127.954763,-14.532892],[127.943858,-14.539158],[127.939464,-14.543878],[127.939952,-14.554457],[127.943207,-14.566013],[127.947276,-14.573175],[127.95753,-14.578871],[127.96697,-14.578546],[127.992442,-14.568617],[127.99879,-14.56227],[128.005382,-14.560724],[128.018565,-14.569757],[128.041515,-14.590427],[128.04656,-14.593032],[128.054047,-14.600518],[128.059337,-14.616957],[128.066417,-14.633477],[128.080333,-14.640802],[128.095958,-14.64129],[128.106944,-14.643731],[128.117849,-14.649998],[128.15919,-14.688409],[128.175304,-14.698419],[128.196788,-14.702325],[128.208669,-14.700779],[128.214692,-14.698907],[128.219493,-14.700453],[128.227794,-14.709731],[128.231293,-14.718194],[128.231944,-14.72796],[128.230479,-14.737237],[128.227794,-14.74391],[128.213634,-14.734959],[128.197765,-14.731622],[128.184825,-14.736993],[128.179454,-14.754083],[128.181407,-14.769952],[128.193614,-14.805922],[128.194347,-14.821954],[128.190603,-14.829848],[128.180675,-14.832452],[128.162283,-14.832696],[128.148936,-14.834242],[128.138357,-14.8388],[128.117931,-14.853774],[128.137462,-14.862563],[128.132823,-14.895196],[128.111095,-14.959893],[128.108246,-14.972833],[128.094981,-14.997247],[128.090587,-15.011407],[128.09018,-15.031183],[128.09197,-15.046645],[128.090343,-15.060805],[128.07309,-15.089125],[128.068533,-15.106622],[128.067068,-15.125177],[128.069591,-15.141209],[128.081228,-15.162693],[128.084646,-15.174574],[128.075694,-15.277765],[128.070567,-15.287693],[128.060232,-15.292169],[128.042735,-15.291925],[128.0713,-15.367934],[128.072276,-15.404474],[128.055919,-15.443455],[128.020274,-15.478448],[128.014903,-15.487481],[128.024262,-15.496515],[128.045584,-15.487563],[128.068696,-15.470961],[128.083751,-15.457127],[128.101329,-15.424574],[128.112804,-15.381768],[128.118419,-15.335138],[128.117931,-15.291925],[128.100597,-15.229913],[128.110606,-15.224867],[128.111176,-15.213149],[128.109141,-15.199965],[128.111095,-15.190199],[128.125173,-15.182061],[128.134532,-15.187677],[128.143321,-15.197849],[128.17449,-15.213311],[128.224457,-15.260186],[128.23463,-15.274591],[128.238129,-15.281996],[128.255626,-15.310235],[128.280284,-15.383559],[128.283051,-15.401788],[128.289317,-15.401788],[128.296641,-15.316176],[128.291759,-15.290704],[128.278656,-15.271661],[128.241466,-15.2374],[128.230479,-15.224054],[128.220225,-15.205662],[128.216319,-15.185235],[128.224376,-15.165948],[128.225841,-15.160252],[128.218272,-15.118097],[128.212169,-15.111017],[128.205251,-15.106378],[128.19988,-15.100274],[128.195811,-15.056817],[128.215831,-15.021905],[128.268728,-14.970392],[128.271658,-14.96852],[128.27947,-14.966485],[128.283051,-14.963637],[128.283946,-14.95908],[128.282237,-14.947198],[128.283051,-14.94256],[128.295177,-14.924981],[128.313487,-14.904962],[128.323009,-14.91074],[128.330251,-14.936293],[128.342784,-15.021091],[128.350108,-15.037286],[128.364919,-15.046157],[128.359141,-15.014093],[128.358409,-14.999119],[128.364919,-14.984063],[128.399425,-15.023858],[128.417979,-15.039727],[128.444102,-15.046157],[128.450206,-15.042657],[128.455821,-15.034112],[128.459727,-15.023696],[128.461192,-15.014825],[128.459809,-15.001642],[128.456798,-14.99505],[128.452403,-14.990492],[128.44752,-14.984063],[128.422862,-14.940118],[128.417328,-14.915785],[128.408051,-14.895278],[128.406016,-14.884454],[128.407481,-14.868829],[128.411957,-14.865655],[128.418712,-14.865899],[128.427013,-14.860528],[128.433604,-14.855239],[128.438243,-14.853285],[128.438975,-14.849867],[128.433279,-14.840102],[128.427419,-14.835056],[128.41033,-14.828302],[128.402599,-14.823012],[128.388438,-14.803399],[128.395763,-14.795994],[128.440684,-14.79225],[128.479828,-14.779474],[128.499278,-14.770115],[128.512462,-14.760919],[128.5324,-14.752862],[128.55421,-14.758722],[128.590831,-14.778009],[128.675548,-14.787774],[128.71339,-14.79754],[128.748546,-14.82643],[128.7671,-14.82171],[128.79005,-14.827081],[128.813731,-14.835626],[128.834158,-14.840102],[128.91977,-14.840102],[128.940278,-14.846124],[128.973481,-14.863702],[128.991873,-14.867364],[129.009776,-14.869073],[129.051036,-14.880141],[129.092052,-14.898207],[129.102306,-14.905369],[129.111583,-14.915785],[129.115489,-14.926365],[129.117035,-14.937433],[129.120291,-14.946384],[129.128673,-14.949965],[129.15504,-14.95379],[129.173188,-14.964776],[129.18393,-14.981866],[129.187348,-15.004571],[129.183849,-15.021091],[129.177745,-15.039483],[129.175548,-15.058526],[129.18393,-15.076593],[129.198009,-15.098403],[129.199229,-15.117364],[129.191905,-15.135919],[129.171723,-15.173435],[129.152599,-15.223728],[129.172048,-15.221856],[129.199962,-15.167413],[129.221446,-15.169692],[129.212738,-15.185805],[129.208181,-15.204278],[129.208263,-15.222345],[129.214122,-15.2374],[129.243663,-15.113377],[129.263031,-15.107599],[129.263357,-15.09059],[129.255626,-15.031183],[129.251801,-15.018243],[129.243337,-15.008233],[129.239024,-14.984633],[129.235688,-14.936293],[129.222992,-14.867771],[129.221446,-14.84352],[129.22877,-14.836602],[129.244395,-14.844171],[129.258962,-14.862563],[129.263031,-14.887872],[129.269298,-14.887872],[129.289236,-14.861912],[129.324392,-14.862074],[129.357921,-14.879571],[129.372895,-14.904962],[129.476573,-14.93377],[129.49586,-14.953058],[129.498302,-14.957778],[129.51295,-15.007989],[129.525157,-15.016697],[129.553559,-15.030369],[129.564138,-15.038751],[129.572439,-15.053643],[129.584483,-15.088067],[129.594737,-15.103936],[129.598155,-15.11712],[129.587576,-15.15309],[129.585216,-15.169692],[129.629405,-15.139337],[129.645518,-15.134942],[129.661957,-15.13836],[129.666759,-15.148126],[129.666515,-15.175958],[129.671723,-15.194268],[129.677257,-15.199151],[129.697276,-15.195082],[129.715994,-15.195408],[129.727061,-15.193617],[129.730968,-15.186293],[129.728526,-15.169692],[129.72169,-15.159356],[129.659028,-15.089939],[129.652029,-15.076918],[129.629893,-15.019464],[129.619314,-14.957696],[129.611827,-14.94256],[129.619802,-14.933364],[129.634532,-14.907892],[129.639903,-14.894708],[129.645518,-14.84059],[129.649181,-14.832696],[129.664806,-14.836033],[129.689708,-14.850518],[129.704112,-14.853774],[129.734711,-14.853774],[129.769542,-14.860528],[129.785655,-14.861505],[129.800548,-14.859959],[129.824718,-14.853774],[129.847992,-14.841892],[129.855235,-14.840102],[129.866466,-14.839044],[129.869802,-14.836033],[129.870942,-14.830662],[129.875987,-14.823012],[129.919688,-14.790216],[129.927257,-14.78867],[129.935395,-14.78338],[129.953624,-14.790134],[129.982432,-14.805922],[129.980154,-14.780369],[129.993337,-14.72503],[129.982432,-14.709731],[129.974864,-14.740167],[129.955251,-14.755629],[129.893077,-14.771905],[129.798595,-14.816827],[129.762706,-14.819594],[129.795665,-14.776056],[129.796886,-14.764418],[129.788585,-14.764255],[129.755382,-14.784845],[129.73699,-14.790297],[129.724132,-14.790704],[129.711599,-14.784845],[129.669932,-14.753106],[129.66505,-14.739923],[129.67335,-14.722833],[129.65211,-14.710626],[129.627208,-14.692478],[129.606781,-14.671563],[129.590099,-14.627374],[129.588064,-14.613458],[129.594737,-14.607354],[129.608653,-14.606622],[129.645518,-14.600518],[129.692719,-14.602146],[129.717621,-14.59588],[129.728526,-14.576349],[129.737478,-14.568536],[129.77768,-14.543634],[129.789399,-14.531671],[129.768077,-14.532647],[129.743175,-14.539972],[129.720063,-14.550714],[129.686534,-14.573989],[129.667328,-14.575372],[129.626231,-14.566339],[129.615977,-14.565688],[129.595388,-14.567315],[129.585216,-14.566339],[129.579926,-14.563572],[129.574555,-14.559015],[129.566661,-14.55462],[129.553884,-14.55283],[129.53533,-14.545343],[129.475352,-14.497491],[129.470714,-14.496677],[129.459646,-14.498224],[129.454845,-14.497491],[129.453298,-14.494073],[129.449067,-14.480645],[129.447439,-14.476983],[129.443126,-14.475274],[129.430431,-14.471938],[129.427013,-14.470147],[129.423676,-14.463962],[129.419932,-14.450942],[129.416759,-14.445977],[129.367361,-14.418634],[129.358084,-14.408787],[129.372895,-14.329278],[129.37672,-14.323419],[129.403087,-14.295099],[129.409353,-14.284601],[129.410899,-14.273614],[129.411143,-14.262384],[129.413341,-14.250421],[129.420909,-14.232517],[129.430349,-14.218927],[129.473806,-14.176935],[129.485606,-14.161554],[129.493175,-14.144464],[129.49586,-14.123793],[129.49586,-14.089125],[129.493337,-14.078546],[129.483246,-14.060235],[129.482188,-14.051853],[129.488617,-14.04811],[129.500255,-14.055841],[129.514822,-14.061456],[129.53004,-14.051853],[129.533376,-14.060642],[129.53533,-14.071873],[129.538829,-14.081313],[129.54713,-14.085382],[129.559744,-14.081476],[129.571137,-14.075372],[129.579926,-14.076267],[129.585216,-14.092869],[129.604666,-14.066176],[129.600841,-14.035903],[129.594249,-14.010186],[129.605724,-13.997247],[129.609141,-14.028497],[129.632579,-14.035252],[129.69044,-14.025079],[129.71754,-14.015558],[129.735606,-13.991795],[129.74586,-13.961196],[129.749197,-13.931817],[129.744884,-13.913507],[129.735037,-13.903578],[129.723643,-13.894952],[129.714854,-13.880548],[129.715994,-13.867446],[129.723155,-13.851821],[129.74171,-13.825942],[129.796153,-13.785414],[129.815929,-13.761977],[129.803722,-13.743341],[129.800304,-13.749444],[129.792979,-13.758233],[129.789399,-13.763849],[129.783214,-13.757582],[129.789236,-13.741957],[129.788422,-13.725763],[129.783214,-13.691827],[129.785492,-13.675714],[129.809825,-13.615004],[129.827403,-13.582615],[129.830903,-13.568617],[129.831554,-13.537205],[129.833507,-13.522149],[129.837738,-13.510512],[129.847423,-13.503025],[129.85906,-13.499282],[129.868663,-13.493585],[129.875336,-13.467055],[129.882579,-13.45086],[129.891287,-13.437677],[129.899262,-13.434828],[129.906586,-13.446954],[129.908458,-13.465265],[129.906749,-13.500665],[129.914724,-13.511407],[129.932953,-13.519952],[129.968923,-13.53045],[129.981944,-13.523533],[130.043224,-13.50449],[130.062348,-13.493422],[130.112804,-13.449151],[130.133962,-13.461033],[130.163748,-13.432875],[130.21461,-13.360447],[130.237315,-13.335626],[130.254161,-13.323826],[130.273204,-13.31878],[130.292328,-13.327895],[130.316661,-13.343357],[130.332286,-13.346368],[130.324474,-13.31878],[130.313975,-13.308526],[130.29477,-13.297296],[130.272634,-13.288344],[130.252452,-13.284763],[130.242524,-13.278416],[130.231212,-13.26393],[130.21461,-13.236261],[130.160492,-13.171482],[130.155528,-13.168227],[130.131358,-13.167169],[130.122732,-13.164646],[130.118663,-13.156183],[130.118907,-13.047052],[130.122569,-13.032403],[130.129893,-13.020196],[130.134613,-12.99863],[130.130138,-12.969008],[130.129893,-12.940525],[130.146983,-12.921563],[130.158865,-12.922052],[130.16863,-12.918552],[130.176036,-12.91131],[130.181,-12.901056],[130.193207,-12.912774],[130.197276,-12.926365],[130.204112,-12.937433],[130.225108,-12.942071],[130.246755,-12.937758],[130.283458,-12.919041],[130.300548,-12.914727],[130.318614,-12.90602],[130.335134,-12.885431],[130.347179,-12.861423],[130.351817,-12.842462],[130.350922,-12.780857],[130.360688,-12.750746],[130.355479,-12.732029],[130.347423,-12.712823],[130.344981,-12.695001],[130.35434,-12.672052],[130.367442,-12.672621],[130.383067,-12.680922],[130.400157,-12.681329],[130.402029,-12.6749],[130.402029,-12.663263],[130.403575,-12.652114],[130.410004,-12.647231],[130.421153,-12.644301],[130.437511,-12.630629],[130.448009,-12.626723],[130.461436,-12.63006],[130.498057,-12.648533],[130.516124,-12.654067],[130.501475,-12.632908],[130.494965,-12.619073],[130.496349,-12.605076],[130.506847,-12.596449],[130.516856,-12.603692],[130.558442,-12.681329],[130.568044,-12.686456],[130.578787,-12.688653],[130.586436,-12.694106],[130.586436,-12.709242],[130.597992,-12.703709],[130.606456,-12.706231],[130.614594,-12.711847],[130.625987,-12.714939],[130.62672,-12.712823],[130.630056,-12.708429],[130.63502,-12.703871],[130.641124,-12.701837],[130.646983,-12.703058],[130.657481,-12.708103],[130.664317,-12.709242],[130.675548,-12.708673],[130.68572,-12.70615],[130.692882,-12.700616],[130.695567,-12.691339],[130.613048,-12.667657],[130.614024,-12.669854],[130.610199,-12.672784],[130.604259,-12.674981],[130.598806,-12.674493],[130.596853,-12.672052],[130.592052,-12.662856],[130.589122,-12.660821],[130.587657,-12.656834],[130.574718,-12.639744],[130.571544,-12.636651],[130.567393,-12.631768],[130.560395,-12.628351],[130.559093,-12.62477],[130.571544,-12.619317],[130.579845,-12.619073],[130.587901,-12.621352],[130.596446,-12.622735],[130.605642,-12.619317],[130.616059,-12.61004],[130.617524,-12.603936],[130.615001,-12.597589],[130.613048,-12.588556],[130.607677,-12.584649],[130.583751,-12.585626],[130.57838,-12.58172],[130.579438,-12.568455],[130.604177,-12.504571],[130.604503,-12.487563],[130.590343,-12.462498],[130.59254,-12.452407],[130.59962,-12.444431],[130.620372,-12.436944],[130.615245,-12.427504],[130.598806,-12.413832],[130.594574,-12.411554],[130.57838,-12.406996],[130.57838,-12.400811],[130.605805,-12.386],[130.641124,-12.383233],[130.674327,-12.392348],[130.695567,-12.413832],[130.712576,-12.410903],[130.739268,-12.415623],[130.766124,-12.424737],[130.783865,-12.434991],[130.773692,-12.454278],[130.773285,-12.469171],[130.783865,-12.503188],[130.784434,-12.564874],[130.79005,-12.585138],[130.795909,-12.571547],[130.797211,-12.558201],[130.800304,-12.546157],[130.811046,-12.537367],[130.843028,-12.55934],[130.877452,-12.61712],[130.899913,-12.639825],[130.898285,-12.623793],[130.896739,-12.618422],[130.893728,-12.613051],[130.90919,-12.597833],[130.930512,-12.603285],[130.968598,-12.626723],[130.957774,-12.59881],[130.933767,-12.580743],[130.906505,-12.564874],[130.886241,-12.544203],[130.876231,-12.524672],[130.87379,-12.513604],[130.88087,-12.509047],[130.899913,-12.509454],[130.919932,-12.514093],[130.950857,-12.530938],[130.968598,-12.537367],[130.962413,-12.519952],[130.952485,-12.506768],[130.930919,-12.486098],[130.923595,-12.483331],[130.903819,-12.482517],[130.899913,-12.479099],[130.897797,-12.471449],[130.893321,-12.463556],[130.882823,-12.451349],[130.866954,-12.444594],[130.855968,-12.453058],[130.843598,-12.459649],[130.824718,-12.447931],[130.821951,-12.439142],[130.826671,-12.430352],[130.830414,-12.418715],[130.824718,-12.400811],[130.858735,-12.393324],[130.847667,-12.37949],[130.855479,-12.368259],[130.886241,-12.352472],[130.893565,-12.344903],[130.895193,-12.338637],[130.897634,-12.334242],[130.907237,-12.331964],[130.916515,-12.332778],[130.921397,-12.336847],[130.925792,-12.341974],[130.93393,-12.346124],[131.025157,-12.360528],[131.05128,-12.373468],[131.051768,-12.353774],[131.046153,-12.340509],[131.030121,-12.318292],[131.026378,-12.304132],[131.030121,-12.253106],[131.02475,-12.234145],[131.001475,-12.206231],[130.996104,-12.191339],[131.000173,-12.171319],[131.010916,-12.15602],[131.026134,-12.147149],[131.043793,-12.146254],[131.052908,-12.150567],[131.071462,-12.164483],[131.077891,-12.167413],[131.085216,-12.164158],[131.096202,-12.149347],[131.105968,-12.146254],[131.116384,-12.15488],[131.12672,-12.170831],[131.137869,-12.18255],[131.162771,-12.173923],[131.188162,-12.200779],[131.205577,-12.208429],[131.216482,-12.214939],[131.221934,-12.228204],[131.23227,-12.238539],[131.257335,-12.236261],[131.239024,-12.212172],[131.236176,-12.201593],[131.239106,-12.193455],[131.253917,-12.177179],[131.257335,-12.170831],[131.257986,-12.149347],[131.260102,-12.134942],[131.271007,-12.098565],[131.27296,-12.067071],[131.27711,-12.05755],[131.287364,-12.047296],[131.296235,-12.043878],[131.302582,-12.04811],[131.30714,-12.071547],[131.316173,-12.084161],[131.318207,-12.095392],[131.318207,-12.140232],[131.327891,-12.185317],[131.346853,-12.219659],[131.37379,-12.246759],[131.406912,-12.27044],[131.42628,-12.281183],[131.447765,-12.289809],[131.470388,-12.295668],[131.492931,-12.297784],[131.514659,-12.29518],[131.556895,-12.285089],[131.578868,-12.284112],[131.590831,-12.287205],[131.612804,-12.296645],[131.624197,-12.293878],[131.706879,-12.282159],[131.784353,-12.27044],[131.820079,-12.257501],[131.839692,-12.246759],[131.864268,-12.225844],[131.87436,-12.220636],[131.885509,-12.217055],[131.896983,-12.215916],[131.904633,-12.219822],[131.907563,-12.229181],[131.909679,-12.240411],[131.914073,-12.250095],[131.933849,-12.26393],[131.977061,-12.277927],[132.001964,-12.292657],[132.025157,-12.296563],[132.045665,-12.307387],[132.057872,-12.306736],[132.078461,-12.297784],[132.115571,-12.275567],[132.15089,-12.24627],[132.166515,-12.22503],[132.171235,-12.222101],[132.216319,-12.208429],[132.222179,-12.198826],[132.229991,-12.170343],[132.236176,-12.160577],[132.251313,-12.156345],[132.262218,-12.164972],[132.268809,-12.180841],[132.270844,-12.198175],[132.278331,-12.228204],[132.296723,-12.226658],[132.321137,-12.211602],[132.346039,-12.201593],[132.361339,-12.202244],[132.371837,-12.206964],[132.379893,-12.215997],[132.411876,-12.273126],[132.41684,-12.294692],[132.419607,-12.299005],[132.421641,-12.303643],[132.421153,-12.311456],[132.417003,-12.317153],[132.404063,-12.324151],[132.399425,-12.332289],[132.390636,-12.341241],[132.387543,-12.346124],[132.386485,-12.354181],[132.387543,-12.380304],[132.405284,-12.358168],[132.431977,-12.33115],[132.449392,-12.300388],[132.422862,-12.231622],[132.424164,-12.189711],[132.439626,-12.15488],[132.466156,-12.140232],[132.488943,-12.135675],[132.544688,-12.098565],[132.563975,-12.091567],[132.577322,-12.094008],[132.6067,-12.112237],[132.640961,-12.126397],[132.679047,-12.136814],[132.718598,-12.140232],[132.757579,-12.133396],[132.747081,-12.128676],[132.727061,-12.128351],[132.715994,-12.12656],[132.706228,-12.122003],[132.697113,-12.112237],[132.688731,-12.106052],[132.648936,-12.083103],[132.634532,-12.067153],[132.627208,-12.043878],[132.626964,-12.004327],[132.651052,-11.865818],[132.652192,-11.848565],[132.649262,-11.833266],[132.64088,-11.818617],[132.599864,-11.792087],[132.593028,-11.784438],[132.600597,-11.76686],[132.640798,-11.726332],[132.65447,-11.708754],[132.666759,-11.674249],[132.67628,-11.664239],[132.695567,-11.660333],[132.695567,-11.653497],[132.649669,-11.635512],[132.612559,-11.629978],[132.594981,-11.622003],[132.578868,-11.611017],[132.565196,-11.598891],[132.552094,-11.583429],[132.55128,-11.575616],[132.555919,-11.568292],[132.55893,-11.553888],[132.55128,-11.544529],[132.535899,-11.538181],[132.525157,-11.528578],[132.531016,-11.509535],[132.511567,-11.506606],[132.495372,-11.47617],[132.434906,-11.44671],[132.415538,-11.440606],[132.369884,-11.434991],[132.346934,-11.438246],[132.31129,-11.461521],[132.288829,-11.461033],[132.264985,-11.456313],[132.243663,-11.454848],[132.232758,-11.457696],[132.226329,-11.462172],[132.2199,-11.46795],[132.209483,-11.474786],[132.200531,-11.48561],[132.195811,-11.489028],[132.188813,-11.488946],[132.183442,-11.48504],[132.178233,-11.482192],[132.171235,-11.48561],[132.142426,-11.509373],[132.124522,-11.518976],[132.106456,-11.523126],[132.084727,-11.517999],[132.070079,-11.50628],[132.059093,-11.494399],[132.048106,-11.489028],[132.042817,-11.484145],[132.03712,-11.473077],[132.032563,-11.460382],[132.030772,-11.45086],[132.035655,-11.446954],[132.045909,-11.445571],[132.055512,-11.442804],[132.057953,-11.43434],[132.040701,-11.418634],[132.013927,-11.423435],[131.990489,-11.425063],[131.982188,-11.399672],[131.976085,-11.399672],[131.966075,-11.40602],[131.955251,-11.403904],[131.947765,-11.394464],[131.94809,-11.379164],[131.969493,-11.373793],[131.979503,-11.366469],[131.976085,-11.351251],[131.965587,-11.344985],[131.939626,-11.352634],[131.927745,-11.351251],[131.922618,-11.341078],[131.925792,-11.330011],[131.925548,-11.320896],[131.911306,-11.317071],[131.896169,-11.314874],[131.870942,-11.305597],[131.856212,-11.303399],[131.846934,-11.305597],[131.824392,-11.314874],[131.815684,-11.317071],[131.767589,-11.310805],[131.76588,-11.307224],[131.774262,-11.299574],[131.788829,-11.29225],[131.804861,-11.29046],[131.789724,-11.26336],[131.800548,-11.26336],[131.822032,-11.273614],[131.838878,-11.277439],[131.846934,-11.26336],[131.838145,-11.244399],[131.82488,-11.223077],[131.819102,-11.201593],[131.826834,-11.204034],[131.848481,-11.207289],[131.856212,-11.211602],[131.8685,-11.220798],[131.874766,-11.215997],[131.876801,-11.20672],[131.876475,-11.201593],[131.869884,-11.194757],[131.87436,-11.181248],[131.882498,-11.17197],[131.886729,-11.177423],[131.890147,-11.184503],[131.90504,-11.199884],[131.936046,-11.246759],[131.940278,-11.251397],[131.946951,-11.249933],[131.962413,-11.242608],[131.983246,-11.226251],[131.982595,-11.209405],[131.973399,-11.190362],[131.968598,-11.167576],[131.986664,-11.176528],[131.989757,-11.168634],[131.982188,-11.147068],[131.981619,-11.13006],[131.985606,-11.129164],[131.996104,-11.135431],[132.014334,-11.139581],[132.022227,-11.147068],[132.031749,-11.163507],[132.044607,-11.179946],[132.07781,-11.192478],[132.073904,-11.218032],[132.085948,-11.228936],[132.096202,-11.224705],[132.106212,-11.213637],[132.114513,-11.208754],[132.120128,-11.222101],[132.118337,-11.228448],[132.108653,-11.245864],[132.106456,-11.252862],[132.107595,-11.261489],[132.112153,-11.276788],[132.113292,-11.287042],[132.107107,-11.317071],[132.10727,-11.331964],[132.11671,-11.338149],[132.121918,-11.34002],[132.124766,-11.343032],[132.127778,-11.343683],[132.1338,-11.338149],[132.134776,-11.331313],[132.131684,-11.323175],[132.131358,-11.313735],[132.140636,-11.303399],[132.153005,-11.326349],[132.151052,-11.355727],[132.152517,-11.384698],[132.174653,-11.406427],[132.203868,-11.410333],[132.203136,-11.391697],[132.191661,-11.366469],[132.188324,-11.351251],[132.203624,-11.349542],[132.216319,-11.358575],[132.226899,-11.363865],[132.236176,-11.351251],[132.235606,-11.339451],[132.228282,-11.328709],[132.209483,-11.310805],[132.20338,-11.307875],[132.197927,-11.309503],[132.192882,-11.309747],[132.188324,-11.303399],[132.188731,-11.299574],[132.194102,-11.290216],[132.195811,-11.283624],[132.1963,-11.268243],[132.194835,-11.256036],[132.190278,-11.244073],[132.181488,-11.228936],[132.190766,-11.216892],[132.183442,-11.196059],[132.169281,-11.176365],[132.15797,-11.167576],[132.147472,-11.157322],[132.148123,-11.137302],[132.161306,-11.123712],[132.188324,-11.132745],[132.198904,-11.146905],[132.206716,-11.164972],[132.216482,-11.180759],[132.233165,-11.187433],[132.240977,-11.196466],[132.255219,-11.240411],[132.264171,-11.25628],[132.285167,-11.268487],[132.287852,-11.255466],[132.27768,-11.218683],[132.272309,-11.177504],[132.277517,-11.162205],[132.298188,-11.153253],[132.310313,-11.154555],[132.314708,-11.159845],[132.319591,-11.161798],[132.332367,-11.153253],[132.332042,-11.147719],[132.336925,-11.132745],[132.343028,-11.122003],[132.346039,-11.129327],[132.349946,-11.146254],[132.383474,-11.214451],[132.384451,-11.219171],[132.383474,-11.223403],[132.380707,-11.228936],[132.386892,-11.245782],[132.37794,-11.283136],[132.390961,-11.29046],[132.403982,-11.283136],[132.411469,-11.265883],[132.421153,-11.228936],[132.445079,-11.212498],[132.474946,-11.234145],[132.501964,-11.273696],[132.517345,-11.310805],[132.513031,-11.322035],[132.51238,-11.330336],[132.517345,-11.338149],[132.523123,-11.339044],[132.53004,-11.336358],[132.535818,-11.332696],[132.537852,-11.330743],[132.543224,-11.334893],[132.555186,-11.34824],[132.560802,-11.356215],[132.569184,-11.375421],[132.613536,-11.406427],[132.633149,-11.43727],[132.650076,-11.476658],[132.674164,-11.508396],[132.715994,-11.51629],[132.73699,-11.508233],[132.759532,-11.492364],[132.777517,-11.472263],[132.788097,-11.443617],[132.795746,-11.440118],[132.805024,-11.437758],[132.812755,-11.43434],[132.826345,-11.422296],[132.8296,-11.420668],[132.833995,-11.417901],[132.833507,-11.411391],[132.831798,-11.404392],[132.833263,-11.399672],[132.855968,-11.400323],[132.878184,-11.413507],[132.894867,-11.418878],[132.901622,-11.395929],[132.898936,-11.37184],[132.891938,-11.358494],[132.867442,-11.338149],[132.872895,-11.327895],[132.879161,-11.326349],[132.887218,-11.328871],[132.910981,-11.331801],[132.915294,-11.334731],[132.917166,-11.339288],[132.922048,-11.344985],[132.928722,-11.348077],[132.935557,-11.350193],[132.940929,-11.353936],[132.943126,-11.361749],[132.95574,-11.387465],[132.959809,-11.392185],[132.985525,-11.404229],[133.011078,-11.432794],[133.0324,-11.466892],[133.044932,-11.495212],[133.051768,-11.495212],[133.059581,-11.500258],[133.068614,-11.504327],[133.07602,-11.509942],[133.079112,-11.519708],[133.073741,-11.547784],[133.074229,-11.560968],[133.099457,-11.597101],[133.141124,-11.674574],[133.151866,-11.688735],[133.166759,-11.70436],[133.185069,-11.717055],[133.206309,-11.722345],[133.261241,-11.729587],[133.282888,-11.72088],[133.292003,-11.688246],[133.308116,-11.69199],[133.334646,-11.687677],[133.34669,-11.688246],[133.364431,-11.697361],[133.358897,-11.70436],[133.342947,-11.711114],[133.329438,-11.718683],[133.31837,-11.734633],[133.315766,-11.749119],[133.323741,-11.759454],[133.343761,-11.76336],[133.365082,-11.76336],[133.372406,-11.761],[133.376638,-11.753025],[133.388194,-11.736017],[133.397309,-11.727472],[133.407237,-11.72381],[133.416189,-11.727797],[133.422211,-11.742852],[133.418956,-11.74863],[133.410818,-11.754164],[133.404145,-11.760024],[133.405284,-11.766778],[133.411957,-11.770196],[133.421235,-11.771091],[133.439301,-11.770196],[133.464854,-11.785821],[133.478526,-11.790785],[133.484386,-11.780694],[133.491384,-11.776462],[133.506847,-11.771091],[133.523204,-11.762791],[133.532074,-11.749119],[133.543224,-11.767348],[133.542003,-11.7999],[133.533946,-11.834161],[133.524669,-11.858331],[133.532074,-11.865818],[133.539561,-11.853123],[133.550059,-11.8235],[133.55836,-11.811212],[133.583507,-11.7999],[133.589854,-11.79811],[133.600271,-11.800958],[133.603282,-11.807224],[133.603852,-11.81406],[133.6067,-11.818617],[133.615489,-11.829848],[133.622081,-11.833266],[133.637869,-11.823989],[133.655284,-11.821384],[133.661876,-11.818617],[133.670095,-11.808852],[133.682384,-11.770196],[133.698985,-11.775974],[133.716563,-11.77752],[133.734548,-11.775486],[133.751231,-11.770196],[133.765147,-11.758966],[133.802501,-11.714939],[133.829845,-11.714939],[133.837576,-11.717218],[133.842296,-11.722101],[133.845958,-11.726983],[133.850597,-11.729181],[133.867931,-11.733331],[133.885265,-11.739435],[133.901622,-11.738865],[133.915782,-11.722345],[133.933279,-11.745212],[133.938975,-11.757908],[133.932872,-11.76336],[133.918956,-11.76629],[133.908946,-11.773858],[133.901378,-11.784926],[133.895274,-11.79811],[133.870128,-11.79225],[133.846365,-11.806817],[133.834158,-11.831476],[133.843761,-11.855239],[133.891287,-11.887628],[133.943126,-11.91367],[133.984874,-11.889337],[134.007498,-11.88128],[134.013682,-11.869561],[134.018077,-11.856134],[134.025645,-11.84588],[134.040375,-11.841567],[134.056,-11.844822],[134.06837,-11.854425],[134.073416,-11.869236],[134.075531,-11.873793],[134.080251,-11.877374],[134.084809,-11.882013],[134.087087,-11.889907],[134.085704,-11.901462],[134.083507,-11.909926],[134.083181,-11.918064],[134.087087,-11.927911],[134.132172,-11.886407],[134.13795,-11.87949],[134.144298,-11.886895],[134.158702,-11.921157],[134.161632,-11.930922],[134.168305,-11.938165],[134.182791,-11.941664],[134.195079,-11.947686],[134.1963,-11.962009],[134.192068,-11.963311],[134.174653,-11.964288],[134.168956,-11.968194],[134.167817,-11.976658],[134.171723,-11.983331],[134.177745,-11.989435],[134.182628,-11.996189],[134.187755,-12.008722],[134.189708,-12.018243],[134.189464,-12.040785],[134.188487,-12.04811],[134.183849,-12.05877],[134.182628,-12.068129],[134.185802,-12.07643],[134.192882,-12.078709],[134.199962,-12.075616],[134.210785,-12.052179],[134.246837,-12.026951],[134.257823,-12.016697],[134.262055,-11.997979],[134.261892,-11.98504],[134.266287,-11.975763],[134.285004,-11.968194],[134.34669,-12.020278],[134.382172,-12.042657],[134.428966,-12.05755],[134.522227,-12.064386],[134.562022,-12.052423],[134.582693,-12.050958],[134.594249,-12.064386],[134.604666,-12.049493],[134.63266,-12.030938],[134.696544,-11.968194],[134.704763,-11.960626],[134.722911,-11.952244],[134.747569,-11.9485],[134.768565,-11.947686],[134.773692,-11.952732],[134.774425,-11.964125],[134.772227,-11.985935],[134.774587,-11.99505],[134.78004,-12.003025],[134.792247,-12.016697],[134.795909,-12.024184],[134.800955,-12.03867],[134.806407,-12.043878],[134.814626,-12.042901],[134.825938,-12.03867],[134.836192,-12.037856],[134.840587,-12.047296],[134.84669,-12.090997],[134.853201,-12.113051],[134.861095,-12.12656],[134.880626,-12.133884],[134.927419,-12.134698],[134.939952,-12.136814],[134.947276,-12.140313],[134.967052,-12.146091],[134.970958,-12.150079],[134.973643,-12.155938],[134.991384,-12.181736],[135.001231,-12.202813],[135.005056,-12.208429],[135.040538,-12.226821],[135.046072,-12.232843],[135.048839,-12.237074],[135.07016,-12.259942],[135.080333,-12.263604],[135.092459,-12.260512],[135.114919,-12.250095],[135.133556,-12.243748],[135.147221,-12.243767],[135.158124,-12.253439],[135.171993,-12.26989],[135.187854,-12.280524],[135.202717,-12.294066],[135.21759,-12.300823],[135.237804,-12.291599],[135.229991,-12.274591],[135.18889,-12.251444],[135.170075,-12.228222],[135.207774,-12.229099],[135.232556,-12.227149],[135.258311,-12.222101],[135.269225,-12.234832],[135.283095,-12.250293],[135.301929,-12.258958],[135.323497,-12.250095],[135.338145,-12.245701],[135.349294,-12.236017],[135.349376,-12.226332],[135.328666,-12.234724],[135.304896,-12.231861],[135.290037,-12.224145],[135.264288,-12.208696],[135.241498,-12.206796],[135.222684,-12.19133],[135.23756,-12.17969],[135.265302,-12.178681],[135.306977,-12.157647],[135.313487,-12.153741],[135.322602,-12.144138],[135.323904,-12.139825],[135.308889,-12.13604],[135.302948,-12.12831],[135.324728,-12.11087],[135.35144,-12.105034],[135.366267,-12.087613],[135.389012,-12.091452],[135.41505,-12.084242],[135.417679,-12.087551],[135.408794,-12.10593],[135.428592,-12.115545],[135.460219,-12.113572],[135.484874,-12.106052],[135.505138,-12.098077],[135.515515,-12.078718],[135.515497,-12.065191],[135.536242,-12.062265],[135.53528,-12.080621],[135.571544,-12.097263],[135.587901,-12.098565],[135.622081,-12.068129],[135.62672,-12.064874],[135.648936,-12.054864],[135.656098,-12.050714],[135.711997,-12.018483],[135.702092,-12.007872],[135.651703,-12.020196],[135.635753,-12.023533],[135.592947,-12.055597],[135.581065,-12.05755],[135.572276,-12.044203],[135.565826,-12.025501],[135.570717,-11.994575],[135.59254,-11.965102],[135.600597,-11.95672],[135.622081,-11.954522],[135.628266,-11.956964],[135.63087,-11.961602],[135.63502,-11.966241],[135.645681,-11.968194],[135.65504,-11.966404],[135.659353,-11.961358],[135.662608,-11.954767],[135.66977,-11.947686],[135.68393,-11.939142],[135.700938,-11.93255],[135.719737,-11.931817],[135.739268,-11.941502],[135.775157,-11.919366],[135.809825,-11.889907],[135.836762,-11.873956],[135.841075,-11.869236],[135.845063,-11.855076],[135.854666,-11.850763],[135.865896,-11.849867],[135.875255,-11.84588],[135.886974,-11.82464],[135.883149,-11.806736],[135.87379,-11.78867],[135.868419,-11.766778],[135.878184,-11.75628],[135.900401,-11.75921],[135.923595,-11.768487],[135.936778,-11.777032],[135.922128,-11.816001],[135.903417,-11.849899],[135.841075,-11.91367],[135.811209,-11.951918],[135.79363,-11.963962],[135.758474,-11.969903],[135.751231,-11.97503],[135.746918,-11.982843],[135.716907,-12.003019],[135.723843,-12.010738],[135.764659,-11.996189],[135.786469,-11.989353],[135.851085,-11.982517],[135.867035,-11.978448],[135.897227,-11.962579],[135.91627,-11.962009],[135.91627,-11.968194],[135.902599,-11.976739],[135.854747,-11.989353],[135.82838,-12.005548],[135.792817,-12.036798],[135.765391,-12.071873],[135.730724,-12.101658],[135.718166,-12.108385],[135.690535,-12.129704],[135.668823,-12.147143],[135.650073,-12.164576],[135.652138,-12.203286],[135.669031,-12.237138],[135.688856,-12.250671],[135.703739,-12.265177],[135.713669,-12.276787],[135.731944,-12.311456],[135.751801,-12.270766],[135.76531,-12.257094],[135.779063,-12.263604],[135.786469,-12.263604],[135.794444,-12.235284],[135.806895,-12.216974],[135.847423,-12.187921],[135.880138,-12.151625],[135.888927,-12.146254],[135.895763,-12.150486],[135.902599,-12.159926],[135.907481,-12.170505],[135.909434,-12.177911],[135.912608,-12.182306],[135.919932,-12.174412],[135.930512,-12.157159],[135.934581,-12.146742],[135.944347,-12.146091],[135.956554,-12.147393],[135.967784,-12.143243],[136.028575,-12.082208],[136.053477,-12.064386],[136.049327,-12.08294],[136.035899,-12.103285],[136.019867,-12.119724],[136.008637,-12.12656],[136.004649,-12.129978],[135.993663,-12.145603],[135.991384,-12.150079],[135.989594,-12.160903],[135.985037,-12.166274],[135.953868,-12.184747],[135.943614,-12.192478],[135.936778,-12.201593],[135.935395,-12.213637],[135.94044,-12.221449],[135.947032,-12.227146],[135.95045,-12.232843],[135.957367,-12.257501],[135.974457,-12.264581],[135.994884,-12.260024],[136.012462,-12.250095],[136.02589,-12.240167],[136.0442,-12.231134],[136.060232,-12.232192],[136.067149,-12.253106],[136.062836,-12.264581],[136.053477,-12.26922],[136.043956,-12.270929],[136.039806,-12.273858],[136.038259,-12.282322],[136.026134,-12.311456],[135.990245,-12.353692],[135.985118,-12.36297],[135.985688,-12.372735],[135.988048,-12.385186],[135.993337,-12.393243],[136.001801,-12.390313],[136.013845,-12.383396],[136.016287,-12.392185],[136.012462,-12.413832],[136.016612,-12.435724],[136.023204,-12.455662],[136.033946,-12.465916],[136.050059,-12.458185],[136.054454,-12.448419],[136.054942,-12.438409],[136.058116,-12.430597],[136.070811,-12.427504],[136.076427,-12.429376],[136.079356,-12.434177],[136.081391,-12.439711],[136.084483,-12.444513],[136.090831,-12.447849],[136.096202,-12.446059],[136.101817,-12.442966],[136.141368,-12.435154],[136.149099,-12.434991],[136.157074,-12.440525],[136.169281,-12.45794],[136.173595,-12.461602],[136.196056,-12.459893],[136.217296,-12.455255],[136.252696,-12.441095],[136.284516,-12.415785],[136.304535,-12.383559],[136.333995,-12.30462],[136.363943,-12.256443],[136.368175,-12.239435],[136.363048,-12.222914],[136.349783,-12.21087],[136.332205,-12.203546],[136.313487,-12.201593],[136.300629,-12.20436],[136.277397,-12.20823],[136.259416,-12.208984],[136.234943,-12.21116],[136.225108,-12.191827],[136.214692,-12.187921],[136.188243,-12.192071],[136.180024,-12.187758],[136.177013,-12.170831],[136.182384,-12.16253],[136.195567,-12.158298],[136.22462,-12.153741],[136.230968,-12.132094],[136.283539,-12.065688],[136.300466,-12.050714],[136.320323,-12.049005],[136.3296,-12.051365],[136.336274,-12.050063],[136.361827,-12.023533],[136.385427,-12.005304],[136.418224,-11.973565],[136.429454,-11.965265],[136.44044,-11.962009],[136.450713,-11.942333],[136.465066,-11.945812],[136.480858,-11.950691],[136.51231,-11.940792],[136.525815,-11.921821],[136.552983,-11.916128],[136.565832,-11.90908],[136.564322,-11.89156],[136.572215,-11.896443],[136.581565,-11.906925],[136.578032,-11.91675],[136.563052,-11.927309],[136.548081,-11.939272],[136.528093,-11.949151],[136.515941,-11.951993],[136.498791,-11.958348],[136.480169,-11.958393],[136.469447,-11.966811],[136.470251,-11.986425],[136.477489,-12.002518],[136.489683,-12.006687],[136.504655,-11.993334],[136.519662,-11.987685],[136.533289,-11.993246],[136.548512,-12.038702],[136.560134,-12.079251],[136.586626,-12.083353],[136.58174,-12.112055],[136.581889,-12.14843],[136.590575,-12.174278],[136.612071,-12.19256],[136.621918,-12.208429],[136.649913,-12.236261],[136.658702,-12.256117],[136.663585,-12.263604],[136.690603,-12.28281],[136.719086,-12.281345],[136.745372,-12.265802],[136.76588,-12.242608],[136.759532,-12.233168],[136.752778,-12.225763],[136.728169,-12.219878],[136.711651,-12.20666],[136.700846,-12.19062],[136.67944,-12.204699],[136.685793,-12.184385],[136.713704,-12.185669],[136.729389,-12.173012],[136.760916,-12.164483],[136.779959,-12.172052],[136.807465,-12.194757],[136.824776,-12.213857],[136.849114,-12.214442],[136.87638,-12.223414],[136.906667,-12.261753],[136.926911,-12.288968],[136.934127,-12.322355],[136.927816,-12.348983],[136.94934,-12.355869],[136.969981,-12.34588],[136.983653,-12.345473],[136.971446,-12.365981],[136.963634,-12.372491],[136.956228,-12.374933],[136.947927,-12.376397],[136.927958,-12.376974],[136.908677,-12.388972],[136.861638,-12.434679],[136.793987,-12.516123],[136.783323,-12.534359],[136.771177,-12.541406],[136.76824,-12.524629],[136.78004,-12.507908],[136.800629,-12.48268],[136.802501,-12.477716],[136.805186,-12.467543],[136.805512,-12.456476],[136.800629,-12.447931],[136.789806,-12.445489],[136.781423,-12.450616],[136.774669,-12.45794],[136.769705,-12.461602],[136.740245,-12.475763],[136.738048,-12.507989],[136.744679,-12.547828],[136.761285,-12.574338],[136.74171,-12.5735],[136.731781,-12.578302],[136.701182,-12.616143],[136.679222,-12.671292],[136.69726,-12.698528],[136.690138,-12.713272],[136.670095,-12.705173],[136.627696,-12.702407],[136.608409,-12.714939],[136.601899,-12.733657],[136.60906,-12.750909],[136.621763,-12.764006],[136.622569,-12.786554],[136.62086,-12.796482],[136.62322,-12.807061],[136.621918,-12.818536],[136.610688,-12.830336],[136.597423,-12.831231],[136.586274,-12.823012],[136.581554,-12.808282],[136.579356,-12.792576],[136.569591,-12.765232],[136.567231,-12.753351],[136.565115,-12.748224],[136.559255,-12.745212],[136.551443,-12.743829],[136.543468,-12.743422],[136.533025,-12.748313],[136.527301,-12.754734],[136.525715,-12.76917],[136.532326,-12.779571],[136.534023,-12.793199],[136.532428,-12.804426],[136.511902,-12.805297],[136.496349,-12.780369],[136.479259,-12.766697],[136.47169,-12.773858],[136.473806,-12.79225],[136.482758,-12.825779],[136.484874,-12.842462],[136.489757,-12.850763],[136.526378,-12.880548],[136.545665,-12.87184],[136.546723,-12.891209],[136.545421,-12.912856],[136.55714,-12.911716],[136.567882,-12.911879],[136.612908,-12.938678],[136.636944,-12.954941],[136.640629,-12.975951],[136.657494,-12.995739],[136.656749,-13.006606],[136.652029,-13.013442],[136.641856,-13.008722],[136.632335,-13.000584],[136.629405,-12.996677],[136.621267,-12.98919],[136.620128,-12.982843],[136.616873,-12.979913],[136.602061,-12.982354],[136.581716,-13.014068],[136.565281,-13.011729],[136.564335,-12.979729],[136.55524,-12.963762],[136.54005,-12.961847],[136.539561,-12.964125],[136.533214,-12.974298],[136.532563,-12.976251],[136.526866,-12.975681],[136.518077,-12.968357],[136.512706,-12.968845],[136.496755,-12.975193],[136.493337,-12.980239],[136.492198,-12.992934],[136.493988,-13.000258],[136.498302,-13.007989],[136.503917,-13.014093],[136.509288,-13.016534],[136.522146,-13.01865],[136.523692,-13.023858],[136.522472,-13.030532],[136.534223,-13.050251],[136.567231,-13.058201],[136.539352,-13.102242],[136.531334,-13.155083],[136.513212,-13.143144],[136.492688,-13.148819],[136.481245,-13.166464],[136.478038,-13.19199],[136.478038,-13.227634],[136.472341,-13.242364],[136.457367,-13.250584],[136.457693,-13.240899],[136.456065,-13.232599],[136.450531,-13.216404],[136.443858,-13.216404],[136.434744,-13.227716],[136.399247,-13.242004],[136.38852,-13.264255],[136.367524,-13.297621],[136.353309,-13.310276],[136.342625,-13.321538],[136.331087,-13.319979],[136.332716,-13.310354],[136.322001,-13.307989],[136.321154,-13.295969],[136.344737,-13.281345],[136.341692,-13.270251],[136.335078,-13.259059],[136.337524,-13.248636],[136.351521,-13.248587],[136.365532,-13.254945],[136.381967,-13.245276],[136.388194,-13.225763],[136.381901,-13.213232],[136.367036,-13.19487],[136.371069,-13.165236],[136.364442,-13.150851],[136.368175,-13.095636],[136.371593,-13.065362],[136.365489,-13.055108],[136.343553,-13.046855],[136.332856,-13.046882],[136.318696,-13.063084],[136.310232,-13.076104],[136.304194,-13.090993],[136.305886,-13.1062],[136.320974,-13.12127],[136.311733,-13.138208],[136.311775,-13.154221],[136.30836,-13.162774],[136.29005,-13.165704],[136.273448,-13.160414],[136.260997,-13.129327],[136.249278,-13.129653],[136.237559,-13.138767],[136.232188,-13.150567],[136.236501,-13.166681],[136.243907,-13.18255],[136.245372,-13.197035],[136.232188,-13.208917],[136.224864,-13.203546],[136.217784,-13.204685],[136.212657,-13.211521],[136.211111,-13.222589],[136.211111,-13.216404],[136.207042,-13.23211],[136.193858,-13.235284],[136.177419,-13.23561],[136.158618,-13.262878],[136.147854,-13.238858],[136.138734,-13.206813],[136.156993,-13.172459],[136.156505,-13.146905],[136.147634,-13.122247],[136.136567,-13.125177],[136.10399,-13.158805],[136.085855,-13.199746],[136.085867,-13.230227],[136.076779,-13.231054],[136.063975,-13.222752],[136.05836,-13.224867],[136.053477,-13.230076],[136.052419,-13.245294],[136.059093,-13.292657],[136.053477,-13.311944],[136.046641,-13.311944],[136.039806,-13.287042],[136.036957,-13.260024],[136.030447,-13.236586],[136.008285,-13.215505],[135.991417,-13.219386],[135.977545,-13.231961],[135.967707,-13.275442],[135.956811,-13.288021],[135.951915,-13.263442],[135.942839,-13.256149],[135.923995,-13.266797],[135.911111,-13.284198],[135.907169,-13.302557],[135.883365,-13.325764],[135.883429,-13.367306],[135.912852,-13.374119],[135.920897,-13.377495],[135.925386,-13.386248],[135.92627,-13.398496],[135.916362,-13.403733],[135.922647,-13.415117],[135.936371,-13.416762],[135.959483,-13.415134],[135.96461,-13.415134],[135.969435,-13.425652],[135.967623,-13.436148],[135.96461,-13.449151],[135.945811,-13.446466],[135.936778,-13.450942],[135.919877,-13.464104],[135.899433,-13.437799],[135.880528,-13.430094],[135.860657,-13.437843],[135.854747,-13.455987],[135.861013,-13.480157],[135.861013,-13.50449],[135.869395,-13.539809],[135.868419,-13.551528],[135.864024,-13.557387],[135.857432,-13.561619],[135.850841,-13.567478],[135.847423,-13.578302],[135.844837,-13.600186],[135.852806,-13.615638],[135.87074,-13.653306],[135.884686,-13.666812],[135.91627,-13.653985],[135.918468,-13.658461],[135.92213,-13.669854],[135.923106,-13.675063],[135.893728,-13.687921],[135.886729,-13.713637],[135.901378,-13.738865],[135.936778,-13.750177],[135.9699,-13.742283],[135.996593,-13.722589],[136.03297,-13.675063],[136.036143,-13.666192],[136.035899,-13.659845],[136.037364,-13.654392],[136.046641,-13.647719],[136.055349,-13.645929],[136.063487,-13.647556],[136.070323,-13.650974],[136.074474,-13.653985],[136.077891,-13.662693],[136.071788,-13.671157],[136.053477,-13.688165],[136.047211,-13.701267],[136.03297,-13.750177],[136.004893,-13.798028],[136.012706,-13.808201],[136.012706,-13.821954],[136.004893,-13.846368],[136.00172,-13.851007],[135.997244,-13.854913],[135.993012,-13.86061],[135.991384,-13.870701],[135.992442,-13.89422],[135.991384,-13.901056],[135.96461,-13.935805],[135.923106,-13.959649],[135.903331,-14.135837],[135.909434,-14.195245],[135.889903,-14.189548],[135.86964,-14.192071],[135.85377,-14.20086],[135.847423,-14.212986],[135.84197,-14.219171],[135.818533,-14.223565],[135.813243,-14.226658],[135.808604,-14.226658],[135.789317,-14.240655],[135.786469,-14.243585],[135.759125,-14.265395],[135.734141,-14.29811],[135.675304,-14.406183],[135.667741,-14.427264],[135.650238,-14.436482],[135.624685,-14.431573],[135.609386,-14.452569],[135.554602,-14.545693],[135.532258,-14.581084],[135.517866,-14.616486],[135.522634,-14.651544],[135.503429,-14.662693],[135.47934,-14.670831],[135.453787,-14.685642],[135.44337,-14.699884],[135.440115,-14.712172],[135.434093,-14.720636],[135.416026,-14.722833],[135.404063,-14.719008],[135.39088,-14.713149],[135.378266,-14.712335],[135.368175,-14.722833],[135.384044,-14.725681],[135.391287,-14.739923],[135.395518,-14.778009],[135.403982,-14.813897],[135.447765,-14.916274],[135.469574,-14.948012],[135.551117,-15.019138],[135.581065,-15.035903],[135.615245,-15.046157],[135.625743,-15.045505],[135.645681,-15.039972],[135.65268,-15.042413],[135.66977,-15.066095],[135.69752,-15.086847],[135.708995,-15.097589],[135.717621,-15.114435],[135.736339,-15.109552],[135.759044,-15.115411],[135.778494,-15.126723],[135.786469,-15.137953],[135.796153,-15.146661],[135.861013,-15.175958],[135.88795,-15.199802],[135.918224,-15.233982],[135.951671,-15.264418],[135.988292,-15.277765],[136.003103,-15.281345],[136.043468,-15.30169],[136.060313,-15.313084],[136.090668,-15.339939],[136.101248,-15.347263],[136.112315,-15.351658],[136.136404,-15.357843],[136.165782,-15.380141],[136.206065,-15.396742],[136.22462,-15.408624],[136.237071,-15.419203],[136.240082,-15.424086],[136.257335,-15.47088],[136.267914,-15.545017],[136.273204,-15.559503],[136.284434,-15.570977],[136.330821,-15.604425],[136.348399,-15.613865],[136.395844,-15.617283],[136.416515,-15.621515],[136.468028,-15.674249],[136.493826,-15.690037],[136.509044,-15.704767],[136.528575,-15.719008],[136.553722,-15.724054],[136.562673,-15.72031],[136.57252,-15.713637],[136.583181,-15.70908],[136.594737,-15.71087],[136.598481,-15.718032],[136.606212,-15.744806],[136.612071,-15.754653],[136.658214,-15.787774],[136.670421,-15.799086],[136.704438,-15.847345],[136.715099,-15.854262],[136.722911,-15.862237],[136.717947,-15.880141],[136.708751,-15.900567],[136.7046,-15.915216],[136.715587,-15.935968],[136.734141,-15.938572],[136.751964,-15.928481],[136.759776,-15.912042],[136.767914,-15.900811],[136.786957,-15.900486],[136.828136,-15.908949],[136.859711,-15.907485],[136.86964,-15.908949],[136.879405,-15.914727],[136.899587,-15.93255],[136.906505,-15.936212],[136.925548,-15.934666],[136.925792,-15.928643],[136.922211,-15.916111],[136.929861,-15.895278],[136.942638,-15.885512],[136.983165,-15.865899],[136.991873,-15.86419],[137.008067,-15.89186],[137.045909,-15.922296],[137.090343,-15.94671],[137.134776,-15.959893],[137.153656,-15.974054],[137.160411,-15.977227],[137.179454,-15.978774],[137.188975,-15.981134],[137.198009,-15.984633],[137.250255,-16.020603],[137.259532,-16.028741],[137.264985,-16.040785],[137.291759,-16.071873],[137.361176,-16.122166],[137.379893,-16.128676],[137.402599,-16.128106],[137.413097,-16.130792],[137.417735,-16.138604],[137.421723,-16.149184],[137.431407,-16.150811],[137.442393,-16.149021],[137.451182,-16.149102],[137.475108,-16.171157],[137.485362,-16.176446],[137.497406,-16.177423],[137.519216,-16.171482],[137.53004,-16.16961],[137.550466,-16.17197],[137.660899,-16.211358],[137.689789,-16.231215],[137.730235,-16.243829],[137.746104,-16.25213],[137.780121,-16.302992],[137.784679,-16.318455],[137.844737,-16.400567],[137.849132,-16.412042],[137.866873,-16.437107],[137.912852,-16.477634],[137.949962,-16.510512],[138.000173,-16.541599],[138.000824,-16.542087],[138.061534,-16.612726],[138.102061,-16.633966],[138.153494,-16.676853],[138.184255,-16.697198],[138.219981,-16.709893],[138.237153,-16.718438],[138.262055,-16.723728],[138.270844,-16.724542],[138.27768,-16.727634],[138.289561,-16.741469],[138.294119,-16.745701],[138.31186,-16.749607],[138.37322,-16.745701],[138.403087,-16.757257],[138.446544,-16.779555],[138.492686,-16.794366],[138.544688,-16.778985],[138.64796,-16.778009],[138.657237,-16.779718],[138.684418,-16.808852],[138.695079,-16.813897],[138.710216,-16.817315],[138.738292,-16.834242],[138.753429,-16.841241],[138.804454,-16.851007],[138.840343,-16.870864],[138.86964,-16.878025],[138.971365,-16.884698],[139.008311,-16.89544],[139.037283,-16.915623],[139.062185,-16.977634],[139.093435,-17.002211],[139.158051,-17.032973],[139.140636,-17.066176],[139.141612,-17.116876],[139.152517,-17.168552],[139.164317,-17.203709],[139.209483,-17.286065],[139.239919,-17.323419],[139.274181,-17.348321],[139.314301,-17.359145],[139.401622,-17.366388],[139.43865,-17.375665],[139.448904,-17.381768],[139.47283,-17.403009],[139.5088,-17.420017],[139.517833,-17.426853],[139.531586,-17.440851],[139.575857,-17.471287],[139.617931,-17.51393],[139.640961,-17.532403],[139.66863,-17.540134],[139.696544,-17.543145],[139.781261,-17.566827],[139.804698,-17.568536],[139.819672,-17.578383],[139.831716,-17.589532],[139.925304,-17.621352],[139.93336,-17.632013],[139.954438,-17.668634],[139.990489,-17.70086],[139.999522,-17.70615],[140.117442,-17.71559],[140.240489,-17.702081],[140.404307,-17.667901],[140.424083,-17.660577],[140.432384,-17.65309],[140.441417,-17.641778],[140.462657,-17.638279],[140.507498,-17.636326],[140.523204,-17.630304],[140.538585,-17.620701],[140.566173,-17.597833],[140.575369,-17.593438],[140.597911,-17.590265],[140.607432,-17.584568],[140.615896,-17.577244],[140.644705,-17.560642],[140.673839,-17.532892],[140.688975,-17.522882],[140.734141,-17.516209],[140.743337,-17.507989],[140.747081,-17.49505],[140.755138,-17.478123],[140.768321,-17.468032],[140.789317,-17.459242],[140.812999,-17.453058],[140.833263,-17.450779],[140.845225,-17.441176],[140.856293,-17.419854],[140.883067,-17.346449],[140.894542,-17.26214],[140.904633,-17.224786],[140.910899,-17.215265],[140.932628,-17.190688],[140.938243,-17.16074],[140.943126,-17.15252],[140.948985,-17.138849],[140.959972,-17.073989],[140.956065,-17.056573],[140.949392,-17.037205],[140.947032,-17.018324],[140.956228,-17.002048],[141.050548,-16.887628],[141.083507,-16.800226],[141.090343,-16.797133],[141.110037,-16.795343],[141.117686,-16.79339],[141.124278,-16.787286],[141.145518,-16.758722],[141.199474,-16.703058],[141.206391,-16.686944],[141.209646,-16.672052],[141.224132,-16.639255],[141.234223,-16.573012],[141.244802,-16.556085],[141.261567,-16.560154],[141.283702,-16.518731],[141.292654,-16.495538],[141.296235,-16.474379],[141.302257,-16.454278],[141.303966,-16.44199],[141.29949,-16.436456],[141.29127,-16.431573],[141.288422,-16.420505],[141.289561,-16.402439],[141.295665,-16.388767],[141.318614,-16.360284],[141.323741,-16.344008],[141.327322,-16.323663],[141.344249,-16.283461],[141.349783,-16.265232],[141.349783,-16.224298],[141.352794,-16.215265],[141.362071,-16.200291],[141.369314,-16.179132],[141.424815,-16.08172],[141.431163,-16.061782],[141.412934,-16.041762],[141.378754,-15.937921],[141.377696,-15.929376],[141.3838,-15.917657],[141.401703,-15.903578],[141.405528,-15.89186],[141.406505,-15.851332],[141.439708,-15.648858],[141.487071,-15.478936],[141.570567,-15.287286],[141.575206,-15.271661],[141.577647,-15.236505],[141.580903,-15.218683],[141.589203,-15.205824],[141.604259,-15.20322],[141.597992,-15.182306],[141.609386,-15.168715],[141.626801,-15.156996],[141.639008,-15.141209],[141.63738,-15.12477],[141.632579,-15.106541],[141.635997,-15.093683],[141.658946,-15.093927],[141.653331,-15.075372],[141.656912,-15.055271],[141.663259,-15.033868],[141.665701,-15.011407],[141.661632,-14.99033],[141.654063,-14.971124],[141.643728,-14.955011],[141.631521,-14.94256],[141.631521,-14.936293],[141.637218,-14.927179],[141.611827,-14.895603],[141.604259,-14.877699],[141.545909,-14.62005],[141.542817,-14.555841],[141.539806,-14.539809],[141.526134,-14.503676],[141.521658,-14.483819],[141.523204,-14.440688],[141.533376,-14.40016],[141.592052,-14.245294],[141.601085,-14.204278],[141.604259,-14.161065],[141.598481,-14.114516],[141.583995,-14.076104],[141.562266,-14.044529],[141.535411,-14.017755],[141.485037,-13.9485],[141.467784,-13.865492],[141.474132,-13.7763],[141.527029,-13.571384],[141.550466,-13.524021],[141.555837,-13.500665],[141.559825,-13.491957],[141.589854,-13.454685],[141.59962,-13.438572],[141.625662,-13.369236],[141.631521,-13.346124],[141.642914,-13.351739],[141.654145,-13.353123],[141.664561,-13.350844],[141.673106,-13.346124],[141.660981,-13.328383],[141.664561,-13.314386],[141.674001,-13.30169],[141.679373,-13.287774],[141.681326,-13.279229],[141.690766,-13.259861],[141.693614,-13.250584],[141.69337,-13.241306],[141.688162,-13.229425],[141.686778,-13.219496],[141.685069,-13.215265],[141.681,-13.209568],[141.675466,-13.204278],[141.662446,-13.199802],[141.658539,-13.194106],[141.655528,-13.18727],[141.65211,-13.181573],[141.643321,-13.171563],[141.635997,-13.160089],[141.624685,-13.133884],[141.620616,-13.118585],[141.615733,-13.049005],[141.604259,-13.006606],[141.600922,-13.003513],[141.594005,-13.000177],[141.586925,-12.994887],[141.583751,-12.985772],[141.58546,-12.977472],[141.605479,-12.943455],[141.617442,-12.928155],[141.627696,-12.910903],[141.631521,-12.89365],[141.644542,-12.907973],[141.661388,-12.899021],[141.679698,-12.882257],[141.716075,-12.863946],[141.737478,-12.842462],[141.754731,-12.818455],[141.761974,-12.801202],[141.765391,-12.785414],[141.789236,-12.722914],[141.795421,-12.693536],[141.80128,-12.677992],[141.809744,-12.667657],[141.820079,-12.666436],[141.822032,-12.677992],[141.817149,-12.701837],[141.823253,-12.701837],[141.835948,-12.679457],[141.853363,-12.684747],[141.868907,-12.700372],[141.882091,-12.718032],[141.892833,-12.77752],[141.8921,-12.821466],[141.894054,-12.843357],[141.90211,-12.852716],[141.911306,-12.859959],[141.938731,-12.908461],[141.937999,-12.890883],[141.93922,-12.869317],[141.937999,-12.847426],[141.921397,-12.812433],[141.91391,-12.770603],[141.905284,-12.757094],[141.989024,-12.730239],[142.008311,-12.714939],[141.98227,-12.716729],[141.952647,-12.71502],[141.925304,-12.710056],[141.905284,-12.701837],[141.891449,-12.682875],[141.881521,-12.672296],[141.831798,-12.65781],[141.823253,-12.654067],[141.836925,-12.640069],[141.874197,-12.62005],[141.897634,-12.603448],[141.918956,-12.596449],[141.929454,-12.588556],[141.937999,-12.584649],[141.95045,-12.583754],[141.974132,-12.585138],[141.947032,-12.575291],[141.930919,-12.565606],[141.917735,-12.565688],[141.899099,-12.585138],[141.885509,-12.578871],[141.870291,-12.579685],[141.837576,-12.585138],[141.811371,-12.58408],[141.797618,-12.580011],[141.78297,-12.571466],[141.771739,-12.560154],[141.757823,-12.535577],[141.74822,-12.523696],[141.736339,-12.516046],[141.693614,-12.503188],[141.734223,-12.475518],[141.75115,-12.461114],[141.744802,-12.454767],[141.699962,-12.457696],[141.683767,-12.454278],[141.665701,-12.441095],[141.664073,-12.445489],[141.663585,-12.446222],[141.662364,-12.446059],[141.658946,-12.447931],[141.660899,-12.465916],[141.658946,-12.527114],[141.663585,-12.528253],[141.68686,-12.529067],[141.696625,-12.533949],[141.699962,-12.544366],[141.688731,-12.546808],[141.665701,-12.544203],[141.621837,-12.562107],[141.599946,-12.561944],[141.590587,-12.540785],[141.594737,-12.526056],[141.693614,-12.311456],[141.708263,-12.248305],[141.717133,-12.232843],[141.732432,-12.229181],[141.770763,-12.243259],[141.789236,-12.242608],[141.799083,-12.238946],[141.809744,-12.236261],[141.799571,-12.231215],[141.792328,-12.22381],[141.788748,-12.2138],[141.789236,-12.201593],[141.78297,-12.201593],[141.779307,-12.208103],[141.773448,-12.215997],[141.766287,-12.220961],[141.758556,-12.218927],[141.753429,-12.208103],[141.755138,-12.195001],[141.766124,-12.153416],[141.784923,-12.115655],[141.801036,-12.055108],[141.831228,-12.005955],[141.871349,-11.966241],[141.913341,-11.954522],[141.903087,-11.975356],[141.898204,-11.990981],[141.898936,-12.00742],[141.916352,-12.066095],[141.919688,-12.085545],[141.919607,-12.106052],[141.952159,-12.046075],[141.963878,-12.037774],[141.975759,-12.041436],[142.021983,-12.071873],[142.03297,-12.041192],[142.03004,-12.028578],[142.011729,-12.023533],[141.997081,-11.994317],[141.991547,-11.985935],[141.979259,-11.978774],[141.969005,-11.978285],[141.960297,-11.979099],[141.952973,-11.975681],[141.944184,-11.944106],[141.947602,-11.896173],[141.967296,-11.811212],[142.01002,-11.757989],[142.011729,-11.746026],[142.006602,-11.729262],[142.010509,-11.705173],[142.131847,-11.338149],[142.134125,-11.315606],[142.131847,-11.259698],[142.133474,-11.236749],[142.138194,-11.220961],[142.152354,-11.187433],[142.159353,-11.151137],[142.158051,-11.066664],[142.145356,-10.983087],[142.151052,-10.950616],[142.174571,-10.930108],[142.221202,-10.919854],[142.228038,-10.927341],[142.239024,-10.917739],[142.25766,-10.911228],[142.279552,-10.907403],[142.299978,-10.906183],[142.323416,-10.901625],[142.340343,-10.890232],[142.364513,-10.858494],[142.401134,-10.820408],[142.406098,-10.806899],[142.408946,-10.791762],[142.424978,-10.74505],[142.434093,-10.728123],[142.448578,-10.714532],[142.463227,-10.711196],[142.505138,-10.71502],[142.51059,-10.711847],[142.526866,-10.697686],[142.532481,-10.694513],[142.53533,-10.693455],[142.537283,-10.691095],[142.540294,-10.688735],[142.546153,-10.687677],[142.550059,-10.690199],[142.549571,-10.696384],[142.54835,-10.70322],[142.549571,-10.708185],[142.563731,-10.717055],[142.600841,-10.734959],[142.615001,-10.745375],[142.615896,-10.752374],[142.611827,-10.762384],[142.606212,-10.772393],[142.601085,-10.779555],[142.593028,-10.78631],[142.577159,-10.792087],[142.570079,-10.79697],[142.563975,-10.80641],[142.555186,-10.829034],[142.549571,-10.837986],[142.54184,-10.841567],[142.521495,-10.846938],[142.515391,-10.851658],[142.510265,-10.87656],[142.513845,-10.90016],[142.514822,-10.923517],[142.50172,-10.947849],[142.522716,-10.941583],[142.54005,-10.92547],[142.552013,-10.904229],[142.556407,-10.882257],[142.567149,-10.870212],[142.590831,-10.864923],[142.614513,-10.868259],[142.625255,-10.882257],[142.634451,-10.930841],[142.640391,-10.931899],[142.649181,-10.929457],[142.659434,-10.933526],[142.668224,-10.951267],[142.659516,-10.983494],[142.66627,-11.003106],[142.678396,-10.982192],[142.700938,-10.970147],[142.725108,-10.967706],[142.741954,-10.97503],[142.746267,-10.985772],[142.752289,-11.015313],[142.758962,-11.026625],[142.769542,-11.038995],[142.778087,-11.053643],[142.789806,-11.084893],[142.795177,-11.112888],[142.796641,-11.143243],[142.806814,-11.167576],[142.810069,-11.171157],[142.806163,-11.179457],[142.796641,-11.194757],[142.793712,-11.217543],[142.7942,-11.248305],[142.80128,-11.277765],[142.817638,-11.296563],[142.8296,-11.29461],[142.840587,-11.308038],[142.848643,-11.326918],[142.851817,-11.341567],[142.854991,-11.35117],[142.869151,-11.372003],[142.872244,-11.382501],[142.86964,-11.39129],[142.863536,-11.399998],[142.851817,-11.413263],[142.830089,-11.452244],[142.821056,-11.477634],[142.827647,-11.489028],[142.83961,-11.49863],[142.840831,-11.520685],[142.837576,-11.564711],[142.841807,-11.574477],[142.854177,-11.594008],[142.857921,-11.605076],[142.865489,-11.736017],[142.857921,-11.82171],[142.862315,-11.836847],[142.872895,-11.850681],[142.927501,-11.893731],[142.940196,-11.892755],[142.974294,-11.925226],[142.992198,-11.934015],[143.020681,-11.931573],[143.040212,-11.925063],[143.077159,-11.906834],[143.104177,-11.902114],[143.123383,-11.910577],[143.175304,-11.962335],[143.183849,-11.963556],[143.200531,-11.962009],[143.228038,-11.954848],[143.239513,-11.956313],[143.249034,-11.968194],[143.239106,-11.978123],[143.227224,-11.98211],[143.203949,-11.982517],[143.105805,-12.135431],[143.101329,-12.140232],[143.090994,-12.142673],[143.086274,-12.149021],[143.083832,-12.167413],[143.085216,-12.170587],[143.090668,-12.198175],[143.090343,-12.210382],[143.088878,-12.219985],[143.084809,-12.228204],[143.077159,-12.236261],[143.081716,-12.239841],[143.086274,-12.246352],[143.090668,-12.250095],[143.08253,-12.268162],[143.078461,-12.287042],[143.077159,-12.32879],[143.084972,-12.336847],[143.103363,-12.34238],[143.139171,-12.346124],[143.176036,-12.339288],[143.185395,-12.342543],[143.205089,-12.356622],[143.211192,-12.359959],[143.25294,-12.38893],[143.256358,-12.392755],[143.262055,-12.400811],[143.271739,-12.417901],[143.27589,-12.433038],[143.278331,-12.49505],[143.284353,-12.516046],[143.294932,-12.534845],[143.310395,-12.550958],[143.323497,-12.557794],[143.362071,-12.569513],[143.376231,-12.571466],[143.391124,-12.576593],[143.407237,-12.588311],[143.43393,-12.613051],[143.43393,-12.619317],[143.411143,-12.647719],[143.402192,-12.666192],[143.410004,-12.674493],[143.411876,-12.68255],[143.379405,-12.732843],[143.377696,-12.750665],[143.365082,-12.804864],[143.364268,-12.861749],[143.358897,-12.880548],[143.379405,-12.852716],[143.388194,-12.859552],[143.400401,-12.865818],[143.413259,-12.868097],[143.423676,-12.863214],[143.438324,-12.851332],[143.448416,-12.851332],[143.458018,-12.856378],[143.471934,-12.859552],[143.497244,-12.856541],[143.511729,-12.849216],[143.524425,-12.840427],[143.543793,-12.832778],[143.495453,-12.921563],[143.511485,-12.95436],[143.512462,-12.997003],[143.50294,-13.075128],[143.527599,-13.198419],[143.526622,-13.329767],[143.529959,-13.341974],[143.533539,-13.349542],[143.570567,-13.37713],[143.573009,-13.388279],[143.58546,-13.405206],[143.591075,-13.415134],[143.594412,-13.427179],[143.594574,-13.435805],[143.581716,-13.498712],[143.583263,-13.516778],[143.597911,-13.524184],[143.591156,-13.543552],[143.564464,-13.599379],[143.555675,-13.632908],[143.547618,-13.69199],[143.533458,-13.731541],[143.530121,-13.750177],[143.534434,-13.76572],[143.553233,-13.802992],[143.557628,-13.822198],[143.562266,-13.832127],[143.594493,-13.87713],[143.598318,-13.885024],[143.597911,-13.915216],[143.601085,-13.926528],[143.605642,-13.936944],[143.611339,-13.946873],[143.618419,-13.956231],[143.678396,-14.003595],[143.687266,-14.014337],[143.695649,-14.075291],[143.694102,-14.092869],[143.704438,-14.114353],[143.707774,-14.209568],[143.748709,-14.339939],[143.782725,-14.402276],[143.804942,-14.431573],[143.831309,-14.456476],[143.846202,-14.467218],[143.859711,-14.474867],[143.874278,-14.480239],[143.892751,-14.483819],[143.926036,-14.486505],[143.935069,-14.493259],[143.941173,-14.511163],[143.951996,-14.498956],[143.962901,-14.494561],[143.988943,-14.490655],[144.030528,-14.467055],[144.067231,-14.452569],[144.113455,-14.405206],[144.129161,-14.394464],[144.146332,-14.388116],[144.161632,-14.373142],[144.17335,-14.355076],[144.180024,-14.339939],[144.182791,-14.31406],[144.181895,-14.286065],[144.185395,-14.262628],[144.201182,-14.250421],[144.204438,-14.256443],[144.211436,-14.265232],[144.214854,-14.270929],[144.219737,-14.266209],[144.222911,-14.264255],[144.225597,-14.26214],[144.228526,-14.257257],[144.235362,-14.257257],[144.250987,-14.291681],[144.25587,-14.298923],[144.268077,-14.303643],[144.280284,-14.302911],[144.292166,-14.303481],[144.303559,-14.312595],[144.440278,-14.250258],[144.448253,-14.243585],[144.467052,-14.196547],[144.472179,-14.18906],[144.475271,-14.18613],[144.476085,-14.179132],[144.475597,-14.164809],[144.478852,-14.159926],[144.486339,-14.161879],[144.499766,-14.168552],[144.514903,-14.172784],[144.522472,-14.181817],[144.527354,-14.191013],[144.533865,-14.195245],[144.543712,-14.204278],[144.584727,-14.264825],[144.576508,-14.281183],[144.572765,-14.302911],[144.571788,-14.343194],[144.580414,-14.36419],[144.600108,-14.365411],[144.620942,-14.354669],[144.633149,-14.339939],[144.637462,-14.356215],[144.633474,-14.376642],[144.625255,-14.393976],[144.616466,-14.4013],[144.612478,-14.413018],[144.615977,-14.467706],[144.619477,-14.483819],[144.625987,-14.491143],[144.653575,-14.511163],[144.659841,-14.521254],[144.670584,-14.546808],[144.677582,-14.555841],[144.69752,-14.561944],[144.739757,-14.552179],[144.756602,-14.55283],[144.771007,-14.566095],[144.782074,-14.584242],[144.796723,-14.600356],[144.821544,-14.607354],[144.885997,-14.609633],[144.900727,-14.61419],[144.908458,-14.622166],[144.910411,-14.629815],[144.910981,-14.638279],[144.914317,-14.647638],[144.920095,-14.65602],[144.937999,-14.671563],[144.93686,-14.676202],[144.941742,-14.726332],[144.944102,-14.733331],[144.955333,-14.74391],[145.013845,-14.784112],[145.030528,-14.805922],[145.055024,-14.792657],[145.077322,-14.801446],[145.099132,-14.817804],[145.122895,-14.82643],[145.136078,-14.828383],[145.154796,-14.837498],[145.168224,-14.840102],[145.182465,-14.838962],[145.207856,-14.832615],[145.22283,-14.832696],[145.211681,-14.859552],[145.219981,-14.880955],[145.27711,-14.947035],[145.293468,-14.949884],[145.313487,-14.944024],[145.345714,-14.94256],[145.332286,-14.970473],[145.257335,-15.075616],[145.247325,-15.094985],[145.23585,-15.165948],[145.239024,-15.18255],[145.253184,-15.212091],[145.259939,-15.239679],[145.268809,-15.249444],[145.281016,-15.255629],[145.2942,-15.257908],[145.310069,-15.25449],[145.317719,-15.245212],[145.324555,-15.216241],[145.34197,-15.229669],[145.349457,-15.250421],[145.343761,-15.269464],[145.302582,-15.284601],[145.285899,-15.30047],[145.281016,-15.319024],[145.297862,-15.33294],[145.288259,-15.343194],[145.286632,-15.353204],[145.28712,-15.363377],[145.283702,-15.373956],[145.278656,-15.377537],[145.262055,-15.384942],[145.256358,-15.388849],[145.248057,-15.40602],[145.243907,-15.428399],[145.24586,-15.442641],[145.256358,-15.435968],[145.264415,-15.435968],[145.277843,-15.475356],[145.279796,-15.495864],[145.267263,-15.504978],[145.263927,-15.509047],[145.264903,-15.518487],[145.268403,-15.527927],[145.273448,-15.532159],[145.273774,-15.53574],[145.309906,-15.562595],[145.313975,-15.567966],[145.321462,-15.590102],[145.322765,-15.599786],[145.321137,-15.609145],[145.307384,-15.628595],[145.309337,-15.633966],[145.315196,-15.638116],[145.35377,-15.722426],[145.362804,-15.734552],[145.366384,-15.749282],[145.359386,-15.796563],[145.359386,-15.812677],[145.365082,-15.822524],[145.370128,-15.827325],[145.37322,-15.83172],[145.373057,-15.84059],[145.3685,-15.852146],[145.355317,-15.872247],[145.35255,-15.884861],[145.355805,-15.903416],[145.364024,-15.916192],[145.386729,-15.936212],[145.430186,-15.991632],[145.450531,-16.027114],[145.462413,-16.060479],[145.462413,-16.098728],[145.440278,-16.16546],[145.434418,-16.200616],[145.437836,-16.201918],[145.458995,-16.214044],[145.46225,-16.22031],[145.468598,-16.244806],[145.468598,-16.260675],[145.462413,-16.273207],[145.431,-16.302992],[145.414561,-16.334405],[145.414317,-16.408868],[145.400401,-16.443292],[145.403982,-16.455011],[145.409028,-16.465427],[145.416759,-16.473321],[145.427582,-16.478123],[145.44809,-16.470392],[145.46339,-16.481215],[145.47283,-16.50156],[145.476085,-16.521905],[145.481456,-16.531915],[145.5171,-16.56699],[145.53061,-16.601007],[145.549001,-16.620864],[145.551768,-16.625584],[145.555837,-16.640069],[145.566091,-16.656508],[145.579112,-16.67197],[145.626231,-16.712091],[145.637706,-16.71852],[145.661469,-16.72796],[145.671235,-16.734796],[145.675955,-16.743341],[145.680024,-16.76572],[145.685313,-16.776056],[145.694672,-16.784438],[145.713552,-16.793634],[145.722504,-16.800226],[145.743419,-16.848321],[145.758556,-16.858982],[145.774262,-16.877211],[145.77768,-16.885349],[145.773692,-16.89837],[145.764334,-16.902032],[145.75294,-16.903497],[145.743663,-16.909438],[145.740489,-16.922052],[145.747569,-16.93255],[145.759451,-16.943455],[145.770844,-16.957289],[145.772472,-16.964776],[145.770763,-16.981378],[145.774262,-16.988377],[145.783458,-16.991632],[145.792979,-16.989435],[145.79835,-16.983168],[145.788585,-16.962091],[145.785899,-16.945001],[145.787608,-16.929783],[145.79477,-16.92311],[145.802989,-16.918064],[145.830903,-16.892185],[145.839122,-16.881524],[145.856944,-16.892836],[145.867686,-16.904555],[145.880382,-16.905857],[145.904063,-16.885349],[145.911632,-16.876397],[145.917328,-16.871189],[145.924815,-16.868585],[145.938243,-16.867852],[145.955089,-16.873142],[145.957286,-16.884698],[145.952485,-16.896661],[145.948985,-16.902602],[145.947276,-16.90252],[145.937348,-16.912367],[145.934825,-16.915704],[145.93393,-16.920994],[145.941661,-16.9249],[145.941661,-16.929946],[145.931407,-16.950291],[145.924327,-16.960056],[145.917735,-16.964125],[145.909841,-16.971612],[145.891612,-17.007013],[145.886974,-17.019301],[145.882335,-17.039727],[145.881847,-17.059666],[145.888031,-17.074802],[145.904063,-17.080824],[145.911794,-17.088962],[145.952485,-17.162286],[145.959158,-17.183038],[145.962576,-17.205011],[145.96339,-17.228204],[145.968435,-17.242364],[146.003673,-17.293715],[146.029959,-17.356541],[146.04127,-17.372247],[146.059744,-17.386163],[146.071056,-17.392022],[146.075206,-17.40252],[146.072439,-17.445896],[146.075369,-17.505304],[146.06837,-17.515883],[146.080089,-17.539321],[146.1067,-17.574314],[146.13502,-17.600274],[146.144298,-17.613946],[146.147716,-17.632582],[146.142426,-17.647393],[146.116466,-17.668715],[146.1067,-17.684177],[146.102712,-17.705987],[146.1067,-17.769464],[146.101329,-17.773045],[146.090668,-17.783868],[146.083995,-17.795505],[146.089366,-17.800877],[146.096202,-17.805352],[146.096202,-17.815688],[146.093598,-17.827081],[146.093028,-17.834893],[146.107432,-17.853692],[146.113536,-17.864353],[146.104747,-17.87656],[146.099376,-17.909438],[146.096446,-17.916925],[146.097911,-17.931329],[146.069835,-17.998712],[146.021495,-18.08587],[146.015147,-18.116632],[146.00587,-18.142022],[146.003673,-18.156427],[146.004242,-18.17197],[146.006196,-18.185968],[146.010509,-18.198989],[146.017345,-18.211684],[146.010102,-18.236505],[146.023774,-18.263116],[146.100922,-18.349542],[146.11964,-18.361912],[146.132172,-18.364435],[146.163585,-18.365818],[146.175059,-18.369317],[146.183442,-18.380141],[146.18686,-18.39422],[146.18922,-18.424005],[146.213715,-18.49212],[146.209158,-18.51336],[146.229259,-18.507094],[146.250987,-18.511163],[146.26824,-18.518731],[146.274669,-18.523614],[146.288829,-18.515802],[146.304047,-18.517185],[146.339366,-18.527032],[146.337413,-18.572849],[146.331065,-18.612563],[146.320486,-18.647149],[146.292003,-18.710626],[146.278087,-18.828709],[146.276134,-18.835382],[146.273123,-18.842706],[146.270763,-18.851658],[146.271251,-18.862888],[146.276622,-18.874282],[146.294607,-18.896905],[146.298513,-18.907159],[146.301768,-18.912367],[146.315684,-18.922784],[146.321056,-18.931899],[146.333263,-18.95908],[146.410899,-19.010186],[146.425792,-19.027276],[146.446544,-19.059747],[146.46225,-19.074965],[146.479259,-19.083591],[146.518565,-19.095473],[146.534679,-19.105727],[146.555675,-19.128106],[146.561697,-19.139255],[146.569021,-19.140802],[146.578136,-19.140883],[146.586599,-19.142755],[146.654796,-19.18255],[146.693044,-19.192966],[146.746349,-19.172784],[146.760753,-19.18255],[146.778331,-19.212172],[146.804454,-19.2374],[146.819184,-19.248142],[146.829438,-19.252618],[146.850352,-19.264744],[146.875011,-19.288344],[146.905121,-19.30462],[146.942149,-19.294122],[146.957205,-19.296808],[146.978201,-19.283868],[147.010427,-19.252618],[147.019298,-19.236749],[147.023123,-19.21795],[147.022309,-19.197686],[147.017833,-19.177423],[147.024099,-19.177423],[147.028819,-19.192315],[147.047862,-19.211033],[147.052013,-19.229099],[147.053966,-19.233982],[147.062999,-19.24212],[147.065115,-19.246352],[147.063975,-19.251235],[147.059337,-19.258884],[147.052013,-19.29046],[147.052013,-19.300958],[147.058604,-19.316095],[147.081228,-19.342706],[147.086192,-19.352472],[147.133962,-19.410821],[147.146658,-19.398614],[147.167247,-19.399998],[147.222504,-19.413018],[147.24464,-19.422459],[147.254405,-19.424493],[147.262706,-19.422784],[147.285981,-19.410821],[147.421397,-19.412774],[147.44988,-19.39658],[147.45045,-19.378676],[147.441661,-19.358819],[147.42921,-19.342543],[147.406261,-19.327813],[147.398774,-19.312758],[147.402354,-19.303888],[147.422618,-19.31463],[147.444835,-19.341567],[147.491466,-19.451837],[147.550466,-19.520929],[147.559093,-19.53753],[147.561534,-19.562107],[147.568533,-19.588474],[147.579275,-19.613946],[147.593272,-19.636163],[147.589203,-19.66253],[147.599132,-19.6867],[147.599132,-19.702895],[147.565278,-19.705173],[147.580333,-19.712091],[147.592052,-19.722101],[147.61378,-19.753513],[147.684255,-19.828058],[147.719412,-19.833103],[147.785004,-19.835382],[147.760102,-19.776788],[147.754242,-19.767185],[147.755219,-19.756768],[147.750824,-19.691502],[147.823904,-19.714288],[147.845958,-19.734796],[147.859223,-19.824884],[147.874278,-19.854425],[147.89796,-19.876235],[147.929047,-19.897556],[147.949474,-19.90781],[147.969086,-19.911554],[148.014903,-19.911228],[148.018077,-19.906915],[148.019705,-19.897556],[148.022146,-19.888116],[148.028575,-19.883884],[148.034679,-19.884861],[148.043956,-19.889093],[148.049164,-19.890069],[148.055512,-19.887872],[148.072439,-19.877048],[148.083751,-19.884535],[148.114513,-19.916436],[148.12086,-19.928318],[148.130382,-19.936212],[148.196544,-19.945245],[148.253917,-19.963474],[148.278575,-19.965753],[148.271983,-19.985935],[148.279307,-20.002537],[148.306407,-20.033949],[148.285004,-20.038995],[148.264903,-20.047621],[148.275238,-20.055841],[148.278819,-20.065362],[148.275238,-20.074965],[148.264903,-20.083103],[148.29005,-20.093194],[148.301524,-20.099379],[148.327485,-20.132582],[148.330333,-20.137628],[148.337738,-20.14129],[148.374766,-20.164972],[148.40211,-20.173923],[148.408702,-20.182224],[148.402029,-20.1985],[148.41627,-20.202244],[148.435802,-20.199965],[148.453787,-20.193943],[148.464041,-20.185479],[148.465587,-20.174086],[148.455577,-20.171563],[148.439464,-20.170668],[148.422537,-20.164972],[148.433442,-20.153253],[148.446056,-20.15016],[148.458995,-20.149509],[148.470225,-20.143813],[148.47641,-20.132013],[148.473399,-20.121026],[148.46461,-20.11297],[148.453461,-20.109796],[148.443858,-20.104181],[148.437511,-20.090753],[148.437022,-20.074965],[148.444184,-20.061944],[148.459158,-20.056817],[148.470225,-20.065118],[148.48113,-20.077081],[148.495128,-20.083103],[148.521658,-20.083185],[148.530284,-20.07822],[148.542817,-20.065362],[148.560069,-20.052667],[148.566661,-20.059991],[148.568207,-20.115411],[148.575206,-20.147231],[148.589854,-20.17254],[148.614268,-20.178643],[148.606619,-20.191502],[148.604503,-20.205011],[148.61085,-20.213637],[148.62794,-20.211602],[148.638682,-20.203058],[148.641612,-20.191827],[148.642751,-20.178888],[148.648448,-20.164972],[148.6574,-20.172459],[148.660981,-20.180759],[148.66033,-20.189548],[148.655284,-20.1985],[148.675304,-20.190199],[148.683116,-20.185479],[148.683116,-20.197686],[148.679373,-20.208673],[148.67213,-20.218194],[148.662771,-20.226495],[148.683116,-20.237074],[148.689301,-20.239435],[148.685313,-20.245375],[148.682872,-20.253676],[148.68214,-20.263442],[148.683116,-20.274184],[148.72169,-20.257257],[148.740733,-20.251153],[148.758311,-20.253106],[148.756684,-20.229669],[148.781993,-20.240818],[148.803884,-20.266697],[148.792328,-20.287286],[148.797374,-20.294854],[148.81072,-20.307224],[148.813487,-20.311782],[148.816742,-20.321466],[148.824474,-20.324314],[148.833263,-20.324965],[148.84018,-20.328871],[148.849376,-20.348728],[148.847667,-20.362726],[148.842133,-20.375258],[148.84018,-20.390883],[148.850841,-20.421075],[148.871104,-20.439874],[148.92335,-20.472833],[148.898123,-20.477309],[148.905284,-20.494399],[148.924815,-20.516209],[148.937022,-20.534926],[148.928233,-20.530938],[148.919688,-20.529555],[148.911306,-20.530938],[148.902192,-20.534926],[148.896007,-20.524347],[148.885997,-20.519952],[148.875743,-20.521417],[148.868175,-20.52809],[148.860199,-20.513767],[148.851329,-20.503188],[148.840587,-20.496352],[148.827159,-20.493341],[148.83253,-20.482192],[148.834483,-20.469334],[148.832774,-20.456313],[148.827159,-20.445571],[148.82252,-20.441502],[148.808279,-20.433364],[148.802582,-20.431817],[148.792979,-20.433852],[148.790701,-20.438246],[148.792328,-20.445571],[148.785411,-20.455255],[148.781586,-20.464532],[148.774669,-20.470961],[148.758311,-20.472833],[148.743175,-20.469496],[148.737966,-20.462986],[148.734141,-20.454522],[148.724132,-20.445571],[148.70102,-20.439223],[148.703868,-20.455336],[148.717052,-20.480401],[148.724132,-20.500746],[148.716075,-20.522068],[148.698578,-20.543227],[148.676931,-20.556899],[148.655284,-20.555434],[148.660167,-20.572198],[148.668712,-20.586196],[148.689301,-20.61004],[148.691173,-20.61419],[148.694184,-20.62656],[148.696137,-20.630548],[148.702647,-20.633559],[148.716156,-20.632745],[148.720714,-20.633966],[148.728282,-20.646417],[148.725759,-20.656671],[148.709809,-20.678888],[148.725759,-20.685479],[148.739757,-20.718927],[148.761729,-20.726739],[148.767263,-20.731541],[148.7824,-20.755304],[148.785492,-20.764255],[148.790294,-20.768976],[148.800792,-20.766778],[148.812266,-20.762302],[148.819672,-20.760186],[148.832042,-20.76393],[148.839041,-20.769627],[148.843516,-20.77752],[148.847667,-20.788181],[148.853852,-20.832208],[148.851736,-20.837823],[148.847016,-20.842706],[148.842459,-20.849216],[148.84018,-20.859959],[148.839366,-20.870294],[148.836681,-20.878351],[148.83253,-20.884861],[148.827159,-20.890558],[148.845388,-20.887465],[148.858897,-20.873793],[148.875011,-20.842869],[148.888845,-20.853285],[148.899425,-20.864516],[148.910818,-20.873305],[148.926443,-20.876886],[148.956554,-20.870375],[148.971446,-20.870538],[148.978038,-20.880304],[149.001638,-20.901137],[149.013194,-20.908461],[149.018077,-20.906508],[149.020681,-20.901137],[149.025727,-20.898045],[149.039724,-20.897393],[149.056326,-20.898533],[149.069509,-20.90602],[149.073578,-20.924737],[149.056407,-20.919041],[149.036876,-20.91546],[149.026378,-20.919203],[149.036306,-20.935235],[149.039806,-20.951349],[149.030528,-20.965916],[149.026622,-20.976251],[149.046235,-20.979913],[149.079356,-20.969985],[149.094981,-20.969822],[149.101573,-20.983331],[149.110199,-20.992771],[149.150645,-20.996189],[149.162934,-21.007908],[149.166515,-21.024347],[149.175059,-21.037042],[149.18686,-21.045343],[149.199962,-21.048272],[149.202159,-21.05462],[149.231212,-21.089776],[149.231212,-21.126072],[149.196137,-21.180922],[149.196544,-21.220147],[149.225841,-21.273207],[149.234386,-21.281671],[149.242198,-21.277439],[149.249766,-21.258559],[149.254731,-21.254327],[149.263438,-21.254327],[149.264659,-21.255548],[149.265391,-21.259535],[149.272227,-21.267999],[149.273285,-21.271742],[149.272227,-21.2763],[149.271821,-21.279962],[149.275645,-21.281671],[149.289887,-21.28102],[149.292735,-21.281671],[149.299001,-21.295831],[149.300548,-21.305352],[149.296153,-21.309503],[149.292979,-21.319268],[149.301036,-21.341241],[149.320567,-21.377211],[149.313975,-21.385349],[149.306407,-21.391209],[149.297374,-21.395278],[149.286469,-21.397719],[149.296397,-21.409275],[149.326427,-21.414321],[149.341075,-21.424412],[149.324962,-21.437677],[149.30714,-21.447931],[149.292491,-21.461114],[149.286469,-21.483331],[149.292166,-21.510675],[149.306407,-21.50921],[149.347341,-21.479669],[149.355642,-21.494724],[149.371837,-21.500095],[149.38795,-21.501235],[149.395193,-21.503839],[149.392833,-21.534275],[149.397472,-21.549005],[149.412852,-21.555352],[149.413259,-21.562188],[149.417735,-21.575372],[149.429373,-21.583754],[149.450938,-21.57586],[149.458669,-21.565525],[149.469005,-21.53753],[149.478282,-21.528009],[149.487153,-21.535903],[149.49171,-21.545099],[149.49879,-21.569594],[149.447276,-21.620294],[149.441905,-21.637384],[149.447032,-21.660577],[149.46461,-21.698663],[149.474376,-21.711196],[149.478282,-21.718438],[149.478282,-21.726739],[149.47169,-21.73797],[149.463227,-21.740492],[149.452973,-21.742283],[149.440115,-21.75156],[149.432465,-21.76922],[149.435395,-21.789727],[149.445079,-21.810642],[149.457205,-21.829685],[149.465831,-21.840265],[149.47169,-21.84531],[149.475597,-21.851251],[149.478282,-21.864435],[149.47755,-21.873305],[149.472179,-21.896742],[149.470876,-21.908461],[149.474376,-21.929376],[149.483165,-21.951349],[149.521495,-22.012628],[149.524913,-22.028741],[149.528656,-22.075942],[149.535818,-22.095798],[149.574474,-22.158624],[149.559337,-22.170668],[149.55421,-22.177911],[149.553396,-22.186619],[149.574474,-22.192804],[149.580577,-22.211847],[149.584158,-22.21738],[149.608572,-22.244317],[149.604991,-22.25506],[149.589854,-22.273696],[149.587576,-22.282159],[149.592133,-22.285577],[149.639415,-22.302992],[149.644786,-22.306085],[149.653087,-22.313165],[149.661632,-22.327325],[149.668793,-22.343357],[149.67921,-22.352146],[149.697439,-22.344334],[149.703298,-22.362888],[149.705089,-22.383884],[149.704112,-22.422459],[149.699229,-22.446954],[149.687266,-22.461358],[149.673839,-22.474216],[149.663259,-22.493829],[149.694021,-22.488702],[149.731293,-22.469334],[149.765391,-22.445245],[149.786143,-22.425551],[149.801524,-22.388767],[149.812755,-22.378106],[149.830821,-22.388604],[149.858165,-22.421075],[149.87086,-22.440362],[149.87615,-22.456638],[149.88087,-22.46738],[149.964041,-22.533624],[149.97169,-22.545668],[149.980235,-22.576593],[150.000662,-22.608657],[150.025238,-22.633966],[150.046723,-22.645278],[150.022472,-22.553399],[149.955577,-22.401137],[149.937185,-22.38006],[149.928477,-22.356052],[149.929942,-22.338067],[149.950694,-22.344334],[149.94337,-22.328302],[149.930675,-22.313735],[149.923513,-22.298272],[149.933442,-22.278741],[149.943126,-22.264744],[149.961111,-22.220961],[149.968272,-22.188165],[149.978201,-22.173761],[149.990489,-22.162856],[150.002208,-22.158624],[150.017833,-22.155694],[150.053559,-22.141534],[150.057953,-22.149347],[150.077322,-22.157322],[150.081554,-22.162367],[150.083181,-22.171075],[150.102224,-22.217462],[150.110606,-22.232517],[150.11964,-22.244887],[150.129405,-22.254815],[150.138031,-22.259047],[150.146983,-22.261407],[150.153819,-22.26629],[150.156586,-22.278741],[150.156912,-22.289483],[150.15797,-22.29754],[150.159923,-22.304132],[150.163422,-22.310154],[150.187673,-22.326837],[150.19337,-22.3388],[150.177257,-22.350518],[150.194021,-22.378676],[150.215587,-22.394789],[150.299815,-22.418227],[150.313243,-22.425388],[150.341075,-22.445977],[150.355805,-22.454034],[150.387055,-22.465753],[150.403087,-22.473891],[150.412446,-22.482029],[150.430919,-22.503351],[150.444102,-22.514337],[150.460785,-22.522393],[150.51295,-22.535414],[150.533946,-22.548272],[150.609141,-22.610528],[150.615408,-22.603692],[150.599132,-22.587579],[150.583263,-22.559015],[150.57488,-22.530369],[150.581228,-22.514337],[150.581228,-22.508071],[150.545258,-22.481378],[150.534516,-22.427016],[150.543712,-22.366957],[150.567638,-22.323175],[150.575938,-22.330255],[150.601736,-22.344334],[150.618419,-22.334405],[150.636241,-22.342543],[150.643728,-22.356622],[150.62908,-22.364679],[150.6338,-22.37363],[150.63502,-22.38128],[150.631602,-22.387628],[150.622813,-22.392022],[150.634288,-22.395766],[150.644867,-22.401788],[150.654796,-22.409763],[150.663829,-22.419366],[150.670665,-22.41253],[150.662934,-22.400079],[150.660655,-22.38421],[150.664887,-22.368829],[150.677501,-22.358005],[150.679861,-22.379815],[150.685802,-22.403741],[150.694509,-22.425063],[150.704763,-22.439874],[150.713145,-22.444431],[150.739919,-22.452244],[150.749522,-22.453546],[150.756196,-22.458754],[150.759776,-22.470473],[150.758311,-22.482354],[150.749522,-22.487563],[150.723399,-22.519952],[150.705821,-22.528741],[150.697927,-22.504653],[150.690115,-22.4992],[150.67628,-22.506524],[150.671641,-22.520603],[150.691091,-22.535414],[150.677501,-22.562677],[150.703868,-22.556329],[150.716075,-22.562677],[150.719249,-22.580255],[150.719005,-22.60711],[150.722667,-22.623793],[150.731944,-22.628106],[150.743337,-22.622654],[150.753184,-22.610528],[150.757172,-22.599298],[150.759044,-22.586114],[150.759451,-22.559259],[150.763682,-22.534763],[150.773448,-22.530206],[150.78297,-22.542739],[150.787364,-22.569594],[150.779796,-22.62656],[150.784516,-22.653009],[150.80714,-22.652114],[150.813487,-22.671808],[150.826427,-22.697931],[150.827647,-22.713556],[150.823253,-22.733575],[150.809906,-22.771742],[150.804942,-22.812921],[150.795665,-22.848321],[150.789724,-22.897882],[150.787364,-22.905938],[150.786876,-22.910577],[150.788422,-22.92254],[150.787364,-22.926446],[150.781749,-22.927992],[150.765636,-22.925551],[150.741466,-22.929132],[150.736501,-22.932875],[150.742361,-22.943129],[150.750743,-22.950372],[150.768809,-22.961847],[150.773692,-22.966892],[150.773936,-22.976983],[150.769298,-22.986505],[150.765961,-22.995538],[150.770274,-23.004653],[150.77589,-23.011489],[150.778656,-23.01922],[150.779796,-23.039158],[150.760997,-23.120782],[150.764415,-23.158868],[150.800955,-23.17962],[150.793956,-23.197849],[150.794688,-23.213149],[150.801768,-23.227146],[150.813975,-23.241143],[150.816091,-23.236749],[150.819591,-23.232599],[150.821462,-23.227472],[150.839041,-23.248956],[150.83253,-23.275974],[150.811778,-23.299249],[150.787364,-23.30934],[150.81422,-23.41131],[150.841807,-23.435317],[150.875824,-23.475844],[150.882335,-23.488865],[150.872244,-23.500177],[150.853852,-23.504002],[150.813975,-23.502537],[150.813975,-23.50921],[150.836925,-23.512628],[150.856619,-23.519952],[150.870372,-23.532973],[150.875499,-23.553399],[150.885753,-23.571547],[150.908214,-23.565362],[150.929698,-23.550551],[150.93686,-23.542739],[150.957286,-23.544692],[150.986013,-23.56406],[151.011277,-23.566502],[151.027442,-23.579997],[151.041533,-23.612799],[151.069835,-23.623956],[151.102715,-23.65327],[151.114685,-23.665483],[151.125987,-23.675388],[151.143403,-23.709405],[151.150401,-23.727716],[151.154063,-23.752374],[151.156586,-23.761895],[151.160899,-23.770766],[151.174327,-23.790948],[151.177013,-23.793227],[151.187185,-23.804132],[151.21046,-23.813165],[151.252778,-23.823907],[151.26002,-23.824314],[151.269542,-23.8235],[151.277843,-23.823907],[151.281423,-23.827325],[151.282237,-23.836114],[151.284679,-23.844415],[151.288829,-23.851739],[151.294444,-23.858087],[151.297374,-23.857029],[151.305675,-23.856378],[151.316173,-23.857354],[151.32488,-23.861505],[151.330577,-23.86891],[151.339529,-23.887302],[151.345551,-23.895929],[151.403656,-23.949965],[151.424164,-23.974786],[151.436046,-23.99863],[151.440929,-24.005548],[151.448253,-24.009047],[151.453136,-24.003025],[151.458018,-23.994073],[151.465099,-23.988458],[151.480968,-23.988946],[151.497325,-23.994561],[151.511974,-24.003106],[151.53004,-24.018162],[151.537283,-24.021742],[151.543468,-24.026951],[151.547618,-24.03631],[151.54656,-24.042413],[151.541759,-24.046075],[151.536469,-24.049249],[151.534028,-24.053643],[151.53533,-24.072849],[151.540294,-24.08408],[151.550548,-24.091404],[151.568126,-24.098321],[151.568858,-24.093845],[151.570486,-24.090997],[151.57252,-24.088474],[151.574392,-24.084649],[151.571544,-24.076837],[151.580577,-24.05755],[151.581798,-24.043715],[151.586192,-24.04811],[151.59254,-24.052992],[151.59547,-24.056736],[151.622244,-24.050877],[151.644705,-24.065037],[151.666677,-24.085382],[151.691661,-24.098321],[151.682953,-24.062433],[151.676117,-24.046645],[151.663748,-24.030043],[151.651134,-24.021417],[151.62143,-24.006036],[151.615896,-23.995864],[151.62379,-23.984063],[151.641368,-23.978285],[151.661876,-23.977716],[151.677989,-23.981622],[151.690684,-23.991306],[151.700694,-24.002618],[151.713064,-24.01214],[151.732595,-24.016371],[151.732595,-24.022556],[151.709972,-24.042739],[151.721039,-24.058689],[151.739594,-24.063409],[151.739431,-24.05047],[151.749766,-24.046075],[151.780447,-24.022556],[151.780284,-24.053155],[151.786143,-24.088637],[151.797048,-24.121189],[151.811371,-24.142348],[151.836192,-24.163507],[151.851817,-24.171563],[151.869884,-24.173435],[151.875743,-24.17311],[151.87672,-24.173435],[151.877696,-24.171645],[151.883474,-24.165948],[151.886974,-24.159845],[151.887543,-24.153741],[151.889659,-24.148614],[151.897716,-24.14544],[151.900076,-24.155369],[151.901215,-24.177911],[151.903982,-24.187107],[151.912446,-24.196466],[151.93336,-24.211033],[151.937348,-24.217869],[151.940929,-24.23561],[152.003673,-24.410414],[152.058604,-24.51393],[152.084646,-24.531671],[152.123057,-24.591729],[152.150401,-24.619073],[152.306163,-24.724216],[152.325694,-24.728285],[152.345958,-24.730157],[152.404796,-24.748712],[152.439464,-24.771173],[152.469737,-24.805597],[152.491466,-24.847589],[152.499766,-24.892755],[152.499766,-24.978692],[152.506033,-24.999444],[152.57781,-25.099867],[152.582286,-25.108819],[152.592133,-25.120864],[152.632335,-25.142755],[152.636974,-25.160333],[152.632335,-25.169122],[152.625499,-25.173028],[152.602794,-25.174574],[152.598888,-25.173517],[152.585297,-25.16839],[152.578624,-25.167169],[152.571544,-25.169366],[152.567882,-25.174005],[152.567719,-25.178643],[152.571544,-25.180841],[152.596202,-25.183526],[152.618826,-25.191013],[152.637462,-25.201593],[152.650645,-25.214288],[152.66212,-25.228448],[152.677094,-25.241876],[152.697032,-25.251886],[152.746349,-25.258233],[152.772309,-25.264581],[152.796397,-25.273533],[152.815115,-25.283868],[152.817068,-25.271905],[152.815929,-25.258559],[152.817719,-25.247491],[152.828787,-25.242283],[152.835704,-25.247247],[152.84254,-25.270929],[152.853282,-25.276462],[152.901134,-25.283868],[152.913829,-25.287693],[152.918142,-25.297296],[152.918142,-25.324151],[152.931814,-25.416681],[152.926036,-25.42311],[152.887055,-25.444594],[152.880138,-25.453546],[152.87436,-25.464939],[152.870372,-25.475681],[152.890391,-25.46852],[152.944184,-25.43727],[152.962413,-25.437433],[152.969086,-25.452813],[152.959727,-25.463311],[152.945649,-25.470392],[152.93865,-25.475681],[152.945811,-25.486505],[152.958995,-25.490981],[152.966156,-25.497247],[152.95574,-25.513116],[152.918793,-25.543715],[152.90504,-25.560724],[152.897716,-25.584893],[152.909516,-25.644301],[152.90797,-25.66961],[152.884044,-25.674249],[152.893809,-25.688165],[152.908376,-25.698907],[152.93865,-25.715916],[152.924327,-25.721287],[152.918142,-25.722101],[152.927013,-25.740167],[152.942882,-25.753188],[152.962657,-25.760919],[152.983409,-25.763604],[153.021251,-25.825128],[153.027843,-25.844822],[153.03419,-25.885349],[153.034841,-25.903578],[153.033051,-25.90781],[153.024262,-25.91961],[153.021251,-25.927423],[153.02003,-25.937433],[153.021251,-25.969008],[153.028005,-25.969008],[153.057384,-25.91546],[153.061534,-25.903578],[153.060557,-25.871026],[153.06422,-25.852797],[153.075206,-25.838067],[153.065766,-25.822686],[153.061534,-25.81756],[153.077159,-25.825291],[153.083995,-25.836033],[153.089366,-25.865411],[153.110037,-25.917169],[153.121593,-25.93377],[153.148936,-25.943536],[153.180675,-25.944757],[153.205577,-25.934991],[153.200043,-25.948907],[153.18214,-25.975193],[153.174815,-25.998142],[153.156505,-26.034926],[153.147472,-26.047621],[153.141775,-26.061456],[153.132091,-26.103936],[153.12672,-26.113051],[153.110037,-26.164239],[153.107432,-26.179132],[153.077485,-26.280857],[153.074067,-26.316583],[153.075206,-26.335056],[153.079763,-26.351983],[153.089366,-26.366306],[153.103526,-26.373468],[153.117198,-26.374444],[153.129161,-26.378106],[153.137218,-26.392999],[153.122406,-26.423272],[153.113455,-26.457452],[153.110037,-26.646905],[153.114024,-26.662774],[153.117035,-26.671157],[153.119884,-26.6749],[153.15089,-26.684747],[153.144216,-26.732843],[153.144054,-26.750584],[153.150076,-26.781834],[153.155121,-26.793552],[153.161143,-26.798272],[153.15211,-26.805922],[153.146495,-26.823907],[153.143809,-26.844496],[153.144054,-26.860447],[153.144054,-26.852309],[153.146169,-26.891778],[153.152517,-26.924981],[153.206228,-27.046075],[153.210216,-27.077244],[153.191742,-27.099298],[153.154552,-27.084242],[153.116547,-27.089939],[153.082205,-27.110447],[153.055349,-27.140313],[153.047862,-27.152276],[153.038422,-27.173435],[153.038259,-27.193455],[153.05836,-27.202325],[153.079926,-27.203383],[153.091075,-27.202569],[153.099376,-27.198907],[153.112804,-27.191013],[153.117442,-27.196954],[153.113617,-27.242364],[153.103852,-27.254164],[153.089122,-27.261651],[153.072032,-27.274672],[153.061371,-27.294529],[153.064952,-27.310479],[153.076345,-27.323012],[153.089366,-27.332127],[153.109141,-27.340509],[153.151134,-27.352227],[153.167979,-27.363702],[153.177501,-27.382501],[153.184093,-27.428399],[153.191742,-27.449395],[153.207774,-27.46502],[153.223806,-27.468194],[153.238455,-27.467869],[153.250499,-27.472752],[153.260265,-27.484063],[153.268321,-27.49627],[153.281261,-27.523858],[153.283539,-27.53281],[153.283946,-27.539727],[153.285492,-27.546563],[153.304535,-27.570245],[153.307628,-27.578058],[153.310802,-27.640313],[153.31544,-27.65488],[153.324474,-27.666925],[153.34547,-27.6867],[153.349457,-27.698907],[153.350434,-27.700942],[153.356293,-27.723077],[153.36199,-27.73211],[153.366954,-27.736423],[153.371837,-27.73919],[153.399913,-27.766209],[153.409841,-27.781915],[153.407888,-27.795099],[153.401866,-27.809177],[153.411469,-27.815606],[153.427094,-27.810724],[153.438975,-27.791436],[153.445811,-27.791436],[153.445567,-27.810479],[153.43214,-27.860284],[153.430186,-27.878513],[153.43214,-27.935317],[153.418305,-27.908787],[153.409028,-27.917901],[153.402192,-27.934991],[153.399913,-27.954197],[153.404063,-27.970147],[153.413341,-27.97617],[153.422048,-27.969008],[153.430186,-27.957208],[153.438975,-27.948989],[153.445079,-27.98089],[153.449474,-28.073175],[153.462738,-28.092462],[153.48227,-28.110528],[153.505219,-28.147719],[153.506521,-28.149265],[153.531993,-28.177911],[153.562511,-28.174981],[153.570567,-28.19378],[153.581228,-28.246759],[153.591075,-28.268487],[153.590831,-28.318536],[153.563487,-28.46087],[153.562511,-28.504571],[153.57602,-28.589614],[153.584239,-28.608087],[153.620942,-28.644464],[153.630626,-28.661554],[153.62908,-28.66725],[153.619884,-28.686619],[153.616954,-28.695733],[153.617524,-28.705824],[153.61964,-28.717543],[153.61964,-28.729587],[153.601329,-28.761407],[153.600108,-28.78338],[153.610118,-28.826104],[153.605968,-28.867446],[153.582286,-28.896091],[153.521332,-28.943455],[153.475597,-29.000177],[153.453787,-29.035577],[153.438975,-29.073012],[153.436209,-29.085138],[153.435557,-29.093845],[153.445079,-29.140069],[153.445811,-29.151625],[153.441417,-29.155369],[153.422699,-29.161065],[153.418305,-29.164972],[153.415212,-29.175958],[153.37086,-29.241632],[153.350597,-29.28102],[153.340343,-29.322686],[153.349457,-29.361098],[153.36671,-29.382745],[153.369965,-29.396661],[153.360118,-29.412042],[153.356456,-29.424005],[153.357595,-29.443129],[153.36085,-29.461521],[153.36378,-29.470392],[153.352061,-29.490004],[153.344005,-29.535414],[153.327485,-29.565037],[153.324474,-29.57586],[153.322276,-29.597589],[153.323253,-29.602634],[153.327891,-29.612074],[153.329112,-29.618097],[153.326996,-29.624444],[153.317719,-29.635186],[153.31544,-29.642267],[153.317882,-29.666599],[153.323009,-29.682306],[153.321625,-29.697524],[153.296397,-29.73504],[153.291189,-29.753188],[153.288422,-29.771254],[153.288097,-29.78574],[153.294932,-29.826593],[153.290782,-29.835545],[153.276703,-29.850763],[153.273774,-29.857354],[153.271495,-29.901625],[153.267345,-29.924249],[153.260102,-29.943292],[153.224457,-29.986912],[153.2199,-30.001397],[153.216563,-30.007257],[153.202403,-30.024672],[153.199229,-30.035821],[153.200043,-30.046563],[153.205577,-30.073663],[153.203787,-30.129164],[153.189626,-30.174981],[153.137218,-30.257989],[153.146495,-30.286065],[153.132091,-30.323826],[153.089366,-30.38893],[153.08253,-30.406427],[153.07545,-30.438409],[153.050548,-30.473321],[153.043142,-30.493829],[153.02307,-30.575506],[153.018077,-30.633071],[153.007986,-30.651625],[153.010997,-30.655369],[152.987796,-30.734634],[152.999859,-30.751122],[153.005001,-30.835814],[153.027517,-30.875584],[153.034841,-30.882501],[153.043142,-30.887953],[153.054535,-30.892999],[153.064626,-30.893487],[153.068858,-30.885512],[153.072113,-30.881931],[153.079112,-30.885919],[153.086274,-30.894708],[153.089366,-30.905694],[153.087901,-30.92669],[153.085704,-30.935154],[153.081879,-30.943943],[153.063327,-30.959593],[153.046599,-30.992754],[153.03988,-31.029965],[153.045924,-31.046573],[153.057892,-31.051637],[153.060919,-31.060583],[153.059501,-31.07721],[153.041631,-31.090103],[153.00888,-31.122248],[152.980615,-31.165915],[152.979218,-31.199245],[152.959894,-31.240315],[152.970412,-31.255677],[152.976736,-31.320001],[152.932589,-31.366008],[152.917828,-31.395254],[152.916435,-31.420657],[152.934354,-31.438392],[152.938874,-31.454869],[152.940381,-31.462484],[152.934502,-31.482811],[152.906298,-31.505728],[152.876587,-31.532446],[152.845381,-31.569319],[152.849915,-31.59978],[152.836562,-31.625196],[152.848533,-31.64422],[152.832147,-31.655679],[152.812788,-31.676032],[152.788949,-31.704009],[152.803901,-31.719227],[152.800929,-31.733208],[152.775548,-31.754853],[152.744185,-31.793023],[152.736728,-31.827349],[152.747215,-31.842585],[152.715776,-31.85917],[152.692882,-31.885349],[152.664317,-31.903497],[152.609255,-31.945848],[152.546373,-32.043679],[152.555346,-32.071631],[152.528331,-32.097101],[152.520274,-32.115818],[152.51531,-32.136489],[152.510083,-32.161881],[152.516953,-32.177392],[152.535679,-32.1832],[152.545382,-32.196888],[152.564787,-32.206021],[152.569509,-32.219334],[152.556651,-32.232029],[152.54656,-32.24627],[152.539988,-32.259797],[152.533515,-32.268908],[152.525957,-32.281665],[152.524871,-32.294426],[152.527043,-32.312661],[152.539977,-32.314489],[152.554454,-32.321222],[152.552013,-32.328058],[152.54835,-32.332127],[152.5442,-32.335707],[152.540782,-32.341729],[152.536632,-32.354587],[152.533946,-32.369561],[152.524835,-32.388305],[152.520499,-32.410176],[152.52156,-32.427494],[152.539886,-32.442092],[152.402394,-32.489429],[152.35356,-32.514923],[152.294764,-32.559589],[152.28593,-32.588804],[152.264174,-32.594256],[152.235862,-32.606999],[152.21067,-32.630739],[152.191989,-32.65267],[152.187501,-32.669136],[152.203721,-32.686536],[152.219249,-32.697198],[152.205577,-32.697931],[152.202159,-32.695896],[152.194102,-32.687188],[152.190684,-32.684259],[152.186046,-32.683526],[152.175304,-32.685154],[152.170746,-32.684259],[152.145274,-32.666599],[152.136729,-32.663751],[152.135265,-32.666681],[152.11671,-32.680108],[152.109386,-32.684259],[152.060883,-32.697931],[152.086762,-32.715916],[152.092296,-32.718438],[152.167328,-32.718438],[152.177989,-32.720636],[152.190196,-32.725274],[152.197765,-32.729913],[152.194835,-32.73211],[152.190929,-32.736586],[152.189464,-32.758559],[152.185069,-32.766778],[152.174815,-32.76922],[152.150157,-32.766046],[152.140147,-32.770196],[152.131196,-32.780857],[152.127615,-32.786554],[152.122569,-32.790134],[152.109386,-32.794122],[152.059429,-32.785254],[151.984927,-32.798746],[151.935188,-32.815829],[151.875662,-32.842088],[151.856219,-32.855859],[151.834033,-32.864967],[151.799237,-32.89368],[151.803559,-32.919366],[151.787852,-32.931899],[151.772507,-32.945609],[151.748863,-32.957023],[151.737635,-32.972002],[151.736035,-32.993997],[151.734386,-33.014825],[151.720535,-33.019371],[151.7038,-33.028521],[151.681488,-33.049981],[151.670584,-33.06113],[151.667003,-33.073337],[151.665689,-33.087343],[151.652915,-33.110433],[151.646739,-33.144708],[151.634939,-33.158624],[151.629568,-33.174249],[151.625987,-33.191583],[151.612263,-33.207551],[151.589994,-33.218937],[151.568953,-33.244225],[151.563181,-33.26501],[151.57602,-33.282485],[151.568957,-33.292228],[151.530686,-33.319119],[151.515341,-33.327082],[151.515463,-33.316666],[151.532259,-33.302929],[151.540867,-33.277542],[151.51611,-33.261109],[151.49102,-33.273611],[151.453795,-33.304199],[151.452727,-33.311515],[151.469737,-33.32822],[151.456392,-33.331088],[151.442704,-33.334216],[151.444021,-33.345636],[151.451228,-33.355461],[151.459957,-33.359611],[151.474546,-33.363001],[151.488357,-33.349291],[151.495294,-33.339587],[151.504995,-33.343743],[151.503829,-33.36001],[151.49,-33.374534],[151.485846,-33.394025],[151.457227,-33.419805],[151.4453,-33.435972],[151.451998,-33.444986],[151.45091,-33.453114],[151.439065,-33.463585],[151.44276,-33.47827],[151.447521,-33.486454],[151.441596,-33.491283],[151.427876,-33.494414],[151.432465,-33.509535],[151.430024,-33.515069],[151.428884,-33.521742],[151.424164,-33.527765],[151.414317,-33.532892],[151.406993,-33.534601],[151.386485,-33.533949],[151.380056,-33.536798],[151.362682,-33.532103],[151.353717,-33.541796],[151.34311,-33.548272],[151.320567,-33.551365],[151.308767,-33.547621],[151.282888,-33.562107],[151.266449,-33.561212],[151.255544,-33.546808],[151.245942,-33.521091],[151.230724,-33.534926],[151.226817,-33.554864],[151.23406,-33.573337],[151.252778,-33.582452],[151.248057,-33.590102],[151.241954,-33.59588],[151.234548,-33.599867],[151.225597,-33.602227],[151.225597,-33.609063],[151.249522,-33.606378],[151.281641,-33.572902],[151.299338,-33.570624],[151.309993,-33.578875],[151.298736,-33.606489],[151.291502,-33.636533],[151.29526,-33.64878],[151.309094,-33.637533],[151.317123,-33.622148],[151.325472,-33.592058],[151.340753,-33.617466],[151.321342,-33.667817],[151.309179,-33.692973],[151.305675,-33.720147],[151.304454,-33.72617],[151.311778,-33.736098],[151.317638,-33.746759],[151.317149,-33.757501],[151.308767,-33.78102],[151.304698,-33.825372],[151.291759,-33.829848],[151.279145,-33.827569],[151.266368,-33.828383],[151.252778,-33.842462],[151.246918,-33.856378],[151.247325,-33.867283],[151.254731,-33.8742],[151.269867,-33.876642],[151.280121,-33.870701],[151.284679,-33.860121],[151.287852,-33.856378],[151.294444,-33.870375],[151.292491,-33.891778],[151.273692,-33.937433],[151.281423,-33.952325],[151.267426,-33.981703],[151.260265,-33.992608],[151.24936,-34.003839],[151.24171,-33.99863],[151.213145,-33.966729],[151.201915,-33.959161],[151.182302,-33.963474],[151.177908,-33.97381],[151.176036,-33.987481],[151.164073,-34.000746],[151.145356,-34.003676],[151.124685,-34.000421],[151.106293,-34.000909],[151.095225,-34.014418],[151.125499,-34.02044],[151.13266,-34.024102],[151.143565,-34.03281],[151.149181,-34.031996],[151.16033,-34.017511],[151.221446,-34.024998],[151.23227,-34.024102],[151.231212,-34.04046],[151.225841,-34.047052],[151.179698,-34.047947],[151.175548,-34.046645],[151.172374,-34.047947],[151.164073,-34.054783],[151.158458,-34.062595],[151.15504,-34.070896],[151.149181,-34.078302],[151.136078,-34.082696],[151.146821,-34.086033],[151.170421,-34.086033],[151.177013,-34.089532],[151.177094,-34.100356],[151.168956,-34.110121],[151.150401,-34.124282],[151.112861,-34.14947],[151.096117,-34.162938],[151.068357,-34.175111],[151.027957,-34.200796],[151.009686,-34.219917],[150.968953,-34.262675],[150.940628,-34.302159],[150.924918,-34.330419],[150.928275,-34.363487],[150.90805,-34.407641],[150.90305,-34.450861],[150.918868,-34.486404],[150.897779,-34.502081],[150.887218,-34.530206],[150.873302,-34.545505],[150.854991,-34.541436],[150.867035,-34.522556],[150.86085,-34.513279],[150.848155,-34.510512],[150.841319,-34.510675],[150.835134,-34.513767],[150.800955,-34.548272],[150.805837,-34.557224],[150.812185,-34.561212],[150.820323,-34.562107],[150.842052,-34.5617],[150.854991,-34.56992],[150.882335,-34.592218],[150.897227,-34.60117],[150.917003,-34.603448],[150.883637,-34.607029],[150.870453,-34.626723],[150.847911,-34.751723],[150.833751,-34.782403],[150.810557,-34.79518],[150.779307,-34.806899],[150.753429,-34.858087],[150.728689,-34.869806],[150.727061,-34.874119],[150.73878,-34.883722],[150.75408,-34.893324],[150.763194,-34.897638],[150.778494,-34.901625],[150.776866,-34.910089],[150.764008,-34.917413],[150.745779,-34.918145],[150.754161,-34.928155],[150.776134,-34.935805],[150.787364,-34.945489],[150.779796,-34.952895],[150.787364,-34.959731],[150.776215,-34.986993],[150.796153,-35.004002],[150.827647,-35.012628],[150.851573,-35.014907],[150.854991,-35.021661],[150.843598,-35.054132],[150.844737,-35.077244],[150.832856,-35.090916],[150.80714,-35.110528],[150.798839,-35.099379],[150.786143,-35.089125],[150.778087,-35.078546],[150.783539,-35.066176],[150.792817,-35.05047],[150.781261,-35.028578],[150.787364,-35.014907],[150.767589,-35.007257],[150.74879,-35.010349],[150.731456,-35.017267],[150.695567,-35.026137],[150.687022,-35.038995],[150.677501,-35.075779],[150.696951,-35.079767],[150.701508,-35.092869],[150.700938,-35.10947],[150.703787,-35.120457],[150.704763,-35.1242],[150.721039,-35.135186],[150.737153,-35.131768],[150.752615,-35.124688],[150.766856,-35.1242],[150.770356,-35.132908],[150.769542,-35.148858],[150.765391,-35.166192],[150.759451,-35.178888],[150.751475,-35.183201],[150.742524,-35.18255],[150.735199,-35.180841],[150.732188,-35.182306],[150.72877,-35.1867],[150.720876,-35.191827],[150.711925,-35.196547],[150.704763,-35.199395],[150.684418,-35.176039],[150.637218,-35.179295],[150.613048,-35.18727],[150.585948,-35.196222],[150.553966,-35.213556],[150.548106,-35.221368],[150.543712,-35.23797],[150.539724,-35.247735],[150.534434,-35.254978],[150.523123,-35.264337],[150.499522,-35.289727],[150.489106,-35.305759],[150.48463,-35.324314],[150.485037,-35.350193],[150.488455,-35.364516],[150.491873,-35.369399],[150.492035,-35.373142],[150.485037,-35.384373],[150.455821,-35.403985],[150.450938,-35.408461],[150.445486,-35.42547],[150.432953,-35.440688],[150.4192,-35.454522],[150.409923,-35.466892],[150.406993,-35.4874],[150.409353,-35.538507],[150.406505,-35.548761],[150.389659,-35.557875],[150.372325,-35.578871],[150.33253,-35.639418],[150.306895,-35.700291],[150.291677,-35.722833],[150.273692,-35.730645],[150.253429,-35.726251],[150.231781,-35.713311],[150.221934,-35.717706],[150.190929,-35.726821],[150.21811,-35.751153],[150.225841,-35.778904],[150.228689,-35.785252],[150.238536,-35.799493],[150.240977,-35.809747],[150.238617,-35.833103],[150.232432,-35.843845],[150.21811,-35.850193],[150.190929,-35.857192],[150.189301,-35.859552],[150.152599,-35.893731],[150.14975,-35.898207],[150.150238,-35.91253],[150.160818,-35.939711],[150.163422,-35.956638],[150.156586,-36.025079],[150.148692,-36.062595],[150.129649,-36.059503],[150.106781,-36.048598],[150.087738,-36.062677],[150.091156,-36.070245],[150.09018,-36.075291],[150.081554,-36.083754],[150.087657,-36.082778],[150.09254,-36.082696],[150.097016,-36.081313],[150.102061,-36.076349],[150.119151,-36.085056],[150.135753,-36.097752],[150.143321,-36.114435],[150.123057,-36.152602],[150.121104,-36.173761],[150.124197,-36.195245],[150.144786,-36.252862],[150.146495,-36.273533],[150.132823,-36.282403],[150.132823,-36.286798],[150.140391,-36.309747],[150.142345,-36.320001],[150.138194,-36.330011],[150.128429,-36.338311],[150.108246,-36.351332],[150.092296,-36.367852],[150.079275,-36.386],[150.070486,-36.406345],[150.067393,-36.429295],[150.073009,-36.453058],[150.074229,-36.463311],[150.070974,-36.470147],[150.056814,-36.488946],[150.053559,-36.500909],[150.06365,-36.543145],[150.065766,-36.566583],[150.056977,-36.587172],[150.029063,-36.624282],[149.995372,-36.686456],[149.989106,-36.704685],[149.986095,-36.722914],[149.985362,-36.744806],[149.979503,-36.769952],[149.965099,-36.794529],[149.947032,-36.815688],[149.930024,-36.830499],[149.939952,-36.85296],[149.934825,-36.870701],[149.909679,-36.905532],[149.903819,-36.928399],[149.911388,-36.938572],[149.926524,-36.944106],[149.943696,-36.953383],[149.93214,-36.965509],[149.923106,-36.983494],[149.920177,-37.002618],[149.926768,-37.018243],[149.934825,-37.026625],[149.939952,-37.033868],[149.942882,-37.042169],[149.943696,-37.053399],[149.94158,-37.062188],[149.93686,-37.068943],[149.932302,-37.070977],[149.930024,-37.066339],[149.922537,-37.061782],[149.905772,-37.070977],[149.89031,-37.08408],[149.885509,-37.090509],[149.87615,-37.09588],[149.882091,-37.107599],[149.896658,-37.119317],[149.913097,-37.124688],[149.930186,-37.122817],[149.938975,-37.119806],[149.946056,-37.119236],[149.958751,-37.124688],[149.997569,-37.150486],[150.00587,-37.158868],[150.011404,-37.173435],[150.014415,-37.205336],[150.019542,-37.22088],[150.053559,-37.268731],[150.053559,-37.276137],[150.03004,-37.266046],[150.007335,-37.259373],[149.985362,-37.259047],[149.964366,-37.268731],[149.95102,-37.284275],[149.951345,-37.299737],[149.97169,-37.337579],[149.957286,-37.377862],[149.956798,-37.41546],[149.967133,-37.453709],[149.985362,-37.495864],[149.972097,-37.510268],[149.953136,-37.530857],[149.896332,-37.548598],[149.778656,-37.556085],[149.78712,-37.55283],[149.791352,-37.547947],[149.79127,-37.542087],[149.786143,-37.535577],[149.797862,-37.519708],[149.793956,-37.510837],[149.782725,-37.512791],[149.772472,-37.529392],[149.76002,-37.524021],[149.718435,-37.515802],[149.761485,-37.566339],[149.766287,-37.58408],[149.757579,-37.597101],[149.725434,-37.620294],[149.711681,-37.648533],[149.678477,-37.691013],[149.666677,-37.700128],[149.615245,-37.710382],[149.609874,-37.717462],[149.604828,-37.726332],[149.594981,-37.734796],[149.575043,-37.740981],[149.532074,-37.74627],[149.512462,-37.755304],[149.507335,-37.761407],[149.497813,-37.777602],[149.491222,-37.783298],[149.479015,-37.785903],[149.341075,-37.786716],[149.299001,-37.798517],[149.272227,-37.8235],[149.265391,-37.817071],[149.261078,-37.810317],[149.259125,-37.802504],[149.258556,-37.792901],[149.253184,-37.789483],[149.173106,-37.790216],[149.152354,-37.786391],[149.13559,-37.775811],[149.092784,-37.789646],[148.943858,-37.789483],[148.902192,-37.796319],[148.786306,-37.79811],[148.765147,-37.803806],[148.736013,-37.820489],[148.724132,-37.8235],[148.604015,-37.81113],[148.306407,-37.823419],[148.130626,-37.85711],[147.916515,-37.918552],[147.757579,-37.985121],[147.589366,-38.080662],[147.395518,-38.220147],[147.180675,-38.397882],[147.082774,-38.472833],[146.983653,-38.572198],[146.894867,-38.63421],[146.884451,-38.638604],[146.878591,-38.644301],[146.847667,-38.684991],[146.836436,-38.682387],[146.832042,-38.672784],[146.846528,-38.659601],[146.830251,-38.654718],[146.688813,-38.680108],[146.641449,-38.676853],[146.617686,-38.679132],[146.574718,-38.70322],[146.553477,-38.704522],[146.53061,-38.701349],[146.503917,-38.700616],[146.458669,-38.710138],[146.432791,-38.719659],[146.421397,-38.731622],[146.411794,-38.739841],[146.391124,-38.726007],[146.372244,-38.707452],[146.367442,-38.700616],[146.350434,-38.695001],[146.255707,-38.701755],[146.238292,-38.705824],[146.224132,-38.714451],[146.182384,-38.755955],[146.215994,-38.783787],[146.220958,-38.791681],[146.229503,-38.808852],[146.237071,-38.817966],[146.241222,-38.819024],[146.26059,-38.817966],[146.263927,-38.820408],[146.263927,-38.826267],[146.263194,-38.833103],[146.263845,-38.838474],[146.266775,-38.851251],[146.266612,-38.863377],[146.270274,-38.873224],[146.284923,-38.879327],[146.27768,-38.899347],[146.286388,-38.909845],[146.302908,-38.911879],[146.319021,-38.906671],[146.334239,-38.893487],[146.354991,-38.868585],[146.373709,-38.858331],[146.382986,-38.857192],[146.402354,-38.858575],[146.410899,-38.855157],[146.416759,-38.846856],[146.418305,-38.837335],[146.418956,-38.827569],[146.421397,-38.817966],[146.432628,-38.801446],[146.447765,-38.790297],[146.463552,-38.791274],[146.476736,-38.810479],[146.47047,-38.823826],[146.468516,-38.840265],[146.469249,-38.869236],[146.470958,-38.879164],[146.474864,-38.885919],[146.479503,-38.89186],[146.482921,-38.899998],[146.484141,-38.907403],[146.48406,-38.910903],[146.483246,-38.915134],[146.482921,-38.924086],[146.47755,-38.929457],[146.465831,-38.937677],[146.454112,-38.949314],[146.448578,-38.96502],[146.446544,-38.975763],[146.437266,-39.005141],[146.435069,-39.019952],[146.437999,-39.026951],[146.444672,-39.030369],[146.452647,-39.030369],[146.465994,-39.023614],[146.470551,-39.028253],[146.483409,-39.06463],[146.477875,-39.07171],[146.464854,-39.073337],[146.448578,-39.078058],[146.434337,-39.089125],[146.434906,-39.097426],[146.438975,-39.108087],[146.435069,-39.126397],[146.425548,-39.136407],[146.410655,-39.143162],[146.394216,-39.144952],[146.380382,-39.140069],[146.350597,-39.128025],[146.335785,-39.118585],[146.325857,-39.10589],[146.322602,-39.088962],[146.330577,-39.082778],[146.341482,-39.077813],[146.346934,-39.064386],[146.340343,-39.055271],[146.298513,-39.037693],[146.289073,-39.02809],[146.263845,-38.996026],[146.250987,-38.93963],[146.181651,-38.868341],[146.091807,-38.819757],[146.017345,-38.831638],[146.008149,-38.846938],[146.004242,-38.865492],[146.003673,-38.896417],[145.992442,-38.90016],[145.938975,-38.908787],[145.921153,-38.906671],[145.915782,-38.895766],[145.896495,-38.829197],[145.855235,-38.759535],[145.821544,-38.71795],[145.767833,-38.674737],[145.757172,-38.659601],[145.785004,-38.668634],[145.825531,-38.696222],[145.853526,-38.700616],[145.833018,-38.669122],[145.809337,-38.65016],[145.777354,-38.640883],[145.733084,-38.638604],[145.699229,-38.646254],[145.639496,-38.677423],[145.59962,-38.680108],[145.570811,-38.661716],[145.52947,-38.593438],[145.513682,-38.578383],[145.501801,-38.57464],[145.44809,-38.55047],[145.391612,-38.542739],[145.373057,-38.536798],[145.373057,-38.530532],[145.39503,-38.525811],[145.420258,-38.515313],[145.433849,-38.50213],[145.420746,-38.488946],[145.431163,-38.475763],[145.434581,-38.459731],[145.431163,-38.442804],[145.420746,-38.426935],[145.451834,-38.413263],[145.462169,-38.415216],[145.470876,-38.419854],[145.477712,-38.424493],[145.48227,-38.426935],[145.506114,-38.424086],[145.521332,-38.412042],[145.531586,-38.399021],[145.540863,-38.392755],[145.556895,-38.385186],[145.554373,-38.368585],[145.54005,-38.351983],[145.520518,-38.344415],[145.515473,-38.339044],[145.517263,-38.327569],[145.523936,-38.310805],[145.518565,-38.301853],[145.50294,-38.285252],[145.476573,-38.244887],[145.464366,-38.234552],[145.44809,-38.228285],[145.429861,-38.226821],[145.383311,-38.234552],[145.345714,-38.234552],[145.338552,-38.238865],[145.333995,-38.245375],[145.327647,-38.247247],[145.314952,-38.23797],[145.29656,-38.231703],[145.271739,-38.233168],[145.25587,-38.241469],[145.264415,-38.255548],[145.256114,-38.264825],[145.246837,-38.272882],[145.239106,-38.281915],[145.2317,-38.306248],[145.22169,-38.310805],[145.210623,-38.314386],[145.202403,-38.324477],[145.20281,-38.335707],[145.218598,-38.350356],[145.22283,-38.361993],[145.223806,-38.386],[145.229015,-38.413263],[145.136567,-38.400811],[145.112966,-38.406427],[145.105724,-38.415216],[145.100759,-38.426528],[145.092296,-38.436293],[145.06072,-38.445001],[145.050466,-38.455987],[145.037283,-38.48211],[145.044688,-38.488946],[145.024669,-38.49391],[144.955333,-38.498793],[144.944591,-38.510349],[144.921072,-38.503025],[144.886404,-38.48211],[144.729015,-38.351332],[144.711192,-38.342055],[144.691254,-38.338149],[144.676768,-38.333185],[144.673025,-38.323337],[144.676606,-38.316583],[144.684744,-38.320489],[144.69337,-38.326349],[144.72877,-38.331313],[144.748057,-38.342218],[144.783458,-38.372735],[144.803966,-38.379083],[144.84962,-38.378513],[144.89324,-38.372817],[144.952891,-38.347914],[144.982921,-38.341404],[144.993175,-38.333754],[144.998057,-38.323907],[144.992849,-38.313653],[144.991466,-38.304946],[145.001801,-38.296075],[145.023692,-38.282892],[145.027192,-38.275811],[145.032725,-38.258396],[145.037283,-38.248793],[145.044444,-38.239841],[145.061778,-38.223565],[145.072439,-38.206231],[145.119314,-38.159356],[145.129161,-38.126153],[145.125499,-38.088149],[145.110199,-38.05169],[145.084972,-38.023533],[145.075369,-38.018162],[145.044688,-38.00921],[145.03297,-38.002374],[145.02711,-37.99627],[145.002452,-37.960056],[144.992442,-37.920099],[144.982677,-37.899347],[144.963145,-37.881931],[144.934825,-37.867934],[144.911469,-37.869806],[144.906993,-37.899347],[144.842052,-37.893162],[144.82545,-37.898533],[144.817231,-37.911391],[144.812022,-37.927341],[144.804454,-37.940851],[144.794444,-37.947686],[144.778331,-37.954278],[144.760916,-37.959405],[144.746104,-37.961358],[144.733653,-37.96795],[144.695811,-37.997491],[144.687836,-38.005792],[144.672048,-38.017185],[144.558442,-38.047621],[144.543305,-38.058282],[144.531261,-38.071547],[144.523285,-38.084242],[144.523774,-38.091485],[144.527843,-38.09824],[144.528087,-38.104913],[144.5171,-38.111586],[144.507823,-38.112074],[144.498057,-38.108657],[144.489024,-38.103204],[144.482432,-38.097345],[144.454112,-38.106378],[144.39503,-38.106622],[144.373057,-38.118422],[144.362559,-38.14658],[144.381847,-38.15781],[144.433849,-38.159356],[144.523611,-38.177992],[144.558116,-38.173028],[144.582042,-38.163263],[144.653575,-38.124688],[144.704763,-38.146091],[144.725108,-38.164809],[144.718272,-38.190118],[144.715831,-38.195977],[144.716645,-38.209568],[144.715099,-38.214614],[144.708995,-38.218357],[144.695323,-38.218438],[144.687836,-38.221449],[144.670421,-38.238051],[144.661143,-38.249688],[144.653575,-38.261814],[144.652843,-38.285821],[144.611583,-38.292576],[144.530121,-38.290297],[144.518809,-38.295017],[144.510753,-38.299412],[144.502126,-38.302667],[144.489268,-38.303399],[144.479015,-38.301039],[144.456065,-38.29225],[144.444835,-38.290297],[144.422374,-38.29339],[144.401866,-38.301202],[144.309744,-38.356703],[144.259532,-38.395766],[144.249034,-38.401625],[144.227875,-38.403416],[144.214854,-38.406427],[144.20753,-38.411798],[144.194102,-38.428399],[144.187511,-38.43434],[144.136404,-38.447361],[144.131358,-38.450616],[144.121267,-38.465265],[144.116222,-38.46852],[144.071462,-38.475274],[144.052501,-38.485772],[143.999197,-38.533624],[143.996837,-38.540134],[143.999278,-38.547459],[144.000173,-38.55641],[143.992361,-38.567804],[143.979503,-38.575616],[143.953868,-38.580336],[143.941173,-38.585138],[143.928477,-38.600518],[143.905528,-38.643813],[143.889659,-38.652927],[143.879893,-38.656915],[143.869884,-38.666192],[143.855154,-38.683526],[143.8449,-38.691176],[143.745453,-38.719334],[143.725108,-38.721775],[143.7046,-38.728123],[143.692393,-38.743097],[143.683604,-38.761163],[143.671072,-38.780369],[143.670909,-38.78338],[143.670584,-38.78631],[143.666759,-38.790134],[143.662283,-38.790948],[143.65089,-38.789239],[143.646251,-38.790134],[143.61085,-38.806573],[143.601329,-38.814223],[143.573253,-38.84295],[143.556407,-38.853936],[143.536957,-38.858331],[143.517345,-38.850193],[143.483409,-38.823663],[143.471934,-38.817966],[143.46697,-38.81463],[143.456309,-38.800063],[143.451182,-38.796808],[143.413422,-38.783787],[143.37615,-38.764337],[143.357432,-38.758233],[143.334483,-38.755955],[143.241547,-38.762791],[143.223399,-38.75628],[143.20281,-38.742852],[143.185883,-38.726495],[143.178884,-38.711114],[143.118663,-38.666436],[143.080903,-38.644789],[143.060069,-38.635919],[142.947439,-38.618748],[142.900238,-38.60117],[142.871349,-38.596612],[142.854015,-38.587335],[142.847992,-38.585138],[142.810232,-38.578383],[142.761974,-38.537042],[142.735362,-38.525811],[142.653819,-38.472752],[142.589854,-38.443129],[142.553071,-38.419529],[142.539073,-38.414646],[142.532481,-38.409845],[142.528331,-38.407892],[142.518728,-38.407485],[142.515391,-38.406427],[142.503754,-38.384861],[142.504893,-38.378513],[142.502452,-38.374444],[142.487804,-38.372817],[142.478526,-38.37656],[142.472911,-38.385349],[142.469493,-38.396417],[142.46754,-38.406427],[142.444347,-38.397068],[142.432465,-38.390313],[142.410655,-38.371759],[142.397716,-38.36712],[142.312836,-38.366957],[142.281912,-38.373793],[142.269542,-38.392755],[142.22462,-38.405694],[142.175466,-38.398696],[142.090831,-38.365411],[141.985199,-38.299005],[141.946788,-38.282892],[141.935313,-38.281427],[141.899099,-38.282892],[141.887543,-38.279962],[141.864513,-38.271091],[141.761974,-38.261814],[141.721446,-38.267511],[141.672537,-38.284275],[141.632091,-38.30877],[141.617849,-38.338149],[141.62379,-38.353611],[141.644054,-38.372979],[141.65211,-38.386489],[141.653982,-38.399835],[141.64796,-38.402765],[141.621267,-38.399021],[141.614513,-38.397149],[141.608084,-38.393731],[141.60141,-38.392267],[141.594005,-38.395766],[141.573253,-38.413263],[141.568044,-38.419529],[141.564626,-38.43141],[141.557872,-38.439711],[141.542817,-38.43434],[141.533214,-38.423761],[141.519379,-38.398126],[141.507986,-38.386489],[141.496755,-38.380548],[141.483084,-38.376235],[141.467296,-38.373793],[141.449718,-38.372817],[141.434418,-38.375095],[141.429861,-38.38128],[141.428477,-38.39072],[141.422374,-38.402765],[141.41033,-38.406508],[141.394542,-38.401625],[141.379649,-38.392999],[141.37086,-38.386489],[141.37615,-38.376886],[141.391368,-38.358657],[141.398285,-38.344334],[141.399913,-38.336358],[141.398123,-38.320489],[141.391124,-38.306085],[141.374766,-38.291192],[141.213878,-38.173028],[141.134288,-38.127618],[140.987559,-38.06992],[140.970551,-38.060154],[140.951427,-38.054295],[140.713552,-38.070571],[140.690196,-38.068129],[140.6692,-38.061782],[140.65089,-38.052179],[140.634776,-38.040216],[140.625011,-38.036879],[140.602387,-38.037774],[140.593761,-38.03338],[140.583832,-38.023207],[140.575938,-38.018243],[140.555349,-38.00921],[140.477061,-37.95086],[140.457286,-37.939142],[140.416515,-37.927667],[140.398204,-37.919854],[140.396251,-37.916192],[140.392426,-37.90309],[140.390798,-37.899347],[140.386729,-37.897638],[140.374766,-37.894952],[140.37086,-37.893162],[140.359874,-37.882094],[140.357432,-37.875177],[140.3567,-37.861749],[140.353526,-37.847101],[140.337169,-37.816095],[140.287771,-37.748793],[140.281505,-37.731541],[140.240571,-37.665948],[140.213145,-37.642511],[140.137218,-37.59531],[140.110199,-37.570408],[140.110199,-37.563572],[140.134288,-37.556736],[140.131684,-37.537367],[140.114268,-37.517511],[140.093516,-37.508396],[140.082693,-37.50506],[140.063243,-37.490981],[140.052094,-37.487888],[140.046153,-37.486912],[140.036469,-37.482517],[140.031423,-37.481622],[140.025238,-37.484633],[140.021983,-37.491469],[140.021007,-37.498305],[140.021495,-37.50156],[139.988048,-37.487074],[139.794932,-37.268731],[139.77003,-37.22088],[139.741547,-37.180841],[139.747406,-37.170831],[139.764171,-37.164646],[139.781261,-37.152602],[139.788341,-37.126235],[139.774181,-37.103692],[139.753429,-37.081638],[139.739757,-37.05641],[139.735688,-37.018731],[139.729177,-37.003839],[139.71225,-36.988051],[139.686209,-36.976495],[139.675629,-36.968194],[139.672048,-36.953383],[139.784841,-36.902032],[139.81544,-36.879002],[139.842133,-36.84588],[139.857188,-36.80877],[139.863536,-36.767267],[139.857107,-36.634942],[139.853689,-36.621759],[139.729015,-36.372328],[139.634613,-36.203546],[139.567393,-36.075291],[139.548188,-36.058201],[139.514985,-36.035333],[139.472667,-35.984552],[139.466563,-35.970147],[139.456716,-35.95794],[139.272146,-35.805108],[139.198904,-35.746759],[139.161388,-35.727797],[139.129893,-35.699314],[139.098888,-35.686456],[139.062348,-35.658136],[139.031505,-35.64544],[138.999034,-35.617283],[138.968272,-35.606622],[138.917817,-35.576755],[138.959239,-35.566664],[139.000987,-35.585382],[139.348155,-35.847833],[139.44752,-35.927341],[139.49822,-35.977227],[139.565196,-36.049737],[139.600434,-36.111017],[139.665212,-36.227797],[139.672048,-36.227797],[139.665701,-36.183852],[139.610525,-36.076349],[139.600271,-36.037856],[139.593761,-36.022556],[139.475434,-35.896417],[139.457774,-35.882989],[139.418142,-35.871677],[139.401378,-35.857354],[139.375987,-35.830011],[139.186778,-35.690688],[139.167735,-35.685968],[139.103526,-35.64129],[139.094574,-35.632094],[139.053396,-35.611993],[139.041352,-35.604099],[139.036143,-35.586847],[139.041352,-35.573989],[139.055186,-35.569431],[139.075531,-35.576755],[139.076834,-35.551446],[139.085948,-35.535333],[139.113455,-35.511163],[139.135427,-35.498305],[139.155284,-35.503351],[139.184825,-35.528253],[139.201427,-35.535252],[139.219493,-35.539483],[139.234141,-35.54754],[139.240001,-35.565525],[139.23585,-35.59002],[139.228363,-35.604181],[139.224864,-35.615411],[139.232595,-35.63128],[139.241873,-35.635837],[139.251231,-35.634373],[139.256521,-35.636407],[139.253673,-35.651788],[139.246104,-35.658136],[139.233572,-35.665785],[139.224864,-35.675877],[139.229503,-35.689386],[139.243907,-35.694513],[139.297618,-35.700616],[139.315196,-35.700291],[139.338064,-35.687433],[139.340099,-35.668715],[139.337657,-35.647638],[139.346202,-35.627862],[139.360362,-35.607843],[139.355724,-35.593357],[139.284434,-35.538507],[139.270763,-35.531345],[139.236176,-35.524591],[139.222667,-35.517999],[139.218923,-35.507257],[139.230479,-35.500584],[139.260509,-35.494236],[139.266856,-35.490411],[139.269786,-35.485935],[139.273936,-35.48211],[139.284434,-35.480564],[139.295095,-35.481134],[139.350434,-35.492934],[139.361013,-35.489516],[139.373057,-35.476739],[139.375499,-35.463962],[139.366873,-35.452569],[139.355479,-35.441502],[139.349864,-35.428969],[139.364268,-35.38893],[139.362966,-35.376886],[139.351329,-35.370212],[139.338634,-35.376886],[139.315196,-35.397882],[139.301443,-35.356622],[139.267589,-35.331313],[139.223155,-35.31878],[139.177989,-35.315362],[139.182628,-35.320571],[139.185232,-35.324395],[139.189301,-35.327081],[139.198497,-35.329034],[139.184255,-35.344008],[139.137543,-35.367283],[139.11964,-35.380548],[139.102061,-35.389255],[139.074718,-35.392348],[139.046641,-35.39072],[139.02768,-35.384373],[138.9817,-35.400079],[138.961192,-35.413832],[138.952647,-35.435805],[138.956879,-35.4638],[138.969086,-35.475356],[139.014008,-35.486749],[139.031423,-35.497003],[139.037934,-35.508396],[139.030935,-35.517511],[139.007172,-35.521417],[138.994884,-35.51922],[138.974457,-35.509942],[138.917817,-35.501072],[138.908702,-35.494724],[138.898611,-35.479181],[138.890636,-35.473077],[138.881114,-35.471124],[138.803722,-35.475763],[138.793793,-35.483982],[138.808604,-35.501072],[138.826345,-35.507013],[138.897309,-35.507745],[138.910004,-35.509942],[138.919119,-35.515395],[138.935232,-35.531671],[138.946625,-35.536391],[138.958344,-35.533787],[138.969493,-35.529392],[138.97934,-35.528253],[138.999766,-35.538751],[138.993419,-35.54754],[138.972341,-35.553888],[138.948985,-35.556248],[138.93865,-35.554946],[138.919119,-35.549981],[138.907563,-35.548761],[138.897797,-35.551039],[138.882009,-35.560642],[138.869477,-35.561782],[138.852387,-35.556736],[138.814464,-35.538995],[138.79127,-35.535089],[138.74586,-35.538751],[138.660655,-35.558526],[138.639008,-35.567071],[138.629893,-35.579767],[138.622813,-35.595636],[138.605805,-35.61004],[138.569102,-35.63128],[138.531261,-35.645929],[138.437022,-35.65781],[138.280528,-35.651788],[138.280528,-35.644301],[138.264659,-35.653741],[138.244151,-35.66253],[138.222016,-35.669041],[138.201671,-35.671645],[138.176768,-35.668227],[138.158376,-35.659845],[138.107432,-35.620701],[138.104991,-35.610447],[138.111339,-35.597752],[138.115977,-35.572931],[138.122732,-35.555352],[138.139008,-35.54046],[138.159434,-35.528904],[138.257579,-35.490655],[138.287283,-35.469903],[138.315196,-35.438897],[138.339854,-35.402765],[138.356456,-35.384535],[138.37322,-35.376886],[138.388845,-35.372979],[138.408946,-35.363865],[138.427419,-35.352634],[138.438162,-35.342706],[138.444509,-35.322035],[138.441091,-35.281671],[138.445567,-35.260837],[138.451915,-35.252537],[138.459972,-35.246759],[138.467296,-35.239679],[138.472179,-35.227227],[138.471934,-35.214614],[138.46754,-35.204685],[138.46225,-35.195408],[138.459239,-35.185642],[138.458507,-35.166681],[138.466563,-35.110528],[138.476573,-35.091892],[138.507335,-35.056573],[138.513927,-35.038263],[138.509532,-34.995538],[138.490733,-34.913751],[138.486501,-34.873468],[138.493907,-34.791599],[138.500987,-34.770929],[138.516938,-34.769138],[138.535004,-34.780857],[138.548025,-34.801446],[138.550629,-34.781915],[138.547048,-34.759454],[138.536306,-34.740899],[138.517589,-34.733168],[138.506358,-34.730564],[138.496349,-34.723728],[138.489268,-34.713962],[138.486501,-34.702813],[138.480968,-34.698419],[138.4546,-34.691013],[138.445567,-34.685968],[138.440196,-34.675551],[138.439708,-34.665704],[138.440196,-34.65545],[138.438162,-34.644464],[138.433604,-34.636489],[138.39796,-34.607843],[138.368826,-34.590509],[138.3567,-34.576104],[138.341319,-34.537856],[138.3296,-34.520603],[138.2942,-34.504571],[138.279063,-34.483575],[138.259939,-34.438409],[138.226573,-34.320489],[138.205333,-34.288181],[138.172211,-34.271254],[138.15561,-34.260431],[138.153819,-34.250258],[138.164073,-34.230157],[138.158865,-34.211847],[138.100271,-34.144138],[138.078136,-34.128351],[138.068126,-34.140802],[138.063813,-34.162856],[138.053396,-34.180922],[138.016287,-34.227309],[138.009288,-34.244317],[138.010102,-34.263279],[138.023204,-34.284356],[138.029959,-34.291111],[138.036143,-34.298923],[138.037771,-34.308038],[137.999278,-34.356541],[137.930919,-34.414809],[137.927908,-34.42962],[137.892263,-34.526056],[137.889985,-34.541436],[137.890147,-34.569268],[137.888927,-34.580987],[137.883149,-34.589776],[137.910411,-34.623956],[137.897309,-34.644301],[137.886485,-34.666599],[137.87908,-34.690606],[137.873302,-34.760186],[137.870128,-34.774102],[137.864024,-34.786716],[137.845958,-34.811944],[137.842296,-34.818943],[137.837901,-34.830743],[137.819184,-34.851251],[137.814789,-34.860121],[137.813324,-34.8742],[137.800548,-34.918145],[137.774425,-34.976251],[137.766124,-35.008071],[137.773936,-35.034845],[137.752208,-35.047947],[137.746918,-35.058852],[137.752778,-35.093194],[137.750824,-35.126072],[137.749522,-35.131036],[137.747244,-35.132989],[137.718761,-35.144708],[137.693614,-35.172296],[137.684581,-35.178888],[137.671397,-35.180841],[137.619884,-35.166599],[137.581798,-35.140395],[137.561046,-35.131036],[137.549571,-35.129653],[137.520193,-35.131036],[137.508962,-35.127862],[137.491059,-35.119236],[137.481944,-35.117364],[137.444184,-35.116388],[137.425548,-35.118259],[137.403494,-35.1242],[137.383556,-35.136163],[137.350759,-35.166111],[137.332042,-35.172052],[137.260997,-35.165785],[137.238943,-35.172052],[137.208832,-35.197686],[137.191742,-35.224379],[137.1692,-35.242283],[137.122813,-35.240899],[137.062022,-35.226658],[137.039724,-35.227227],[136.980968,-35.255304],[136.95338,-35.283949],[136.913585,-35.296563],[136.873871,-35.294692],[136.855968,-35.271091],[136.853038,-35.266046],[136.839366,-35.256117],[136.83546,-35.247735],[136.837087,-35.241306],[136.846365,-35.226495],[136.848481,-35.216729],[136.855479,-35.204685],[136.889822,-35.188653],[136.903087,-35.178888],[136.895681,-35.172052],[136.904307,-35.165785],[136.922537,-35.156671],[136.929861,-35.151544],[136.933849,-35.145929],[136.939708,-35.132013],[136.960948,-35.096449],[136.962657,-35.081801],[136.957774,-35.062758],[136.948904,-35.047459],[136.941905,-35.03867],[136.941254,-35.02988],[136.951508,-35.014907],[136.975759,-34.996759],[136.980724,-34.984959],[136.971446,-34.965916],[137.014171,-34.917901],[137.019786,-34.901462],[137.03061,-34.899835],[137.094981,-34.924981],[137.139496,-34.926039],[137.223643,-34.906996],[137.266856,-34.905043],[137.287446,-34.911228],[137.29713,-34.92018],[137.307872,-34.928318],[137.357188,-34.937595],[137.374034,-34.948012],[137.391287,-34.954034],[137.417735,-34.945489],[137.446137,-34.917413],[137.452973,-34.883396],[137.452322,-34.844415],[137.458018,-34.801446],[137.474376,-34.772638],[137.478526,-34.761163],[137.479259,-34.7492],[137.477712,-34.724705],[137.478526,-34.71266],[137.512706,-34.617771],[137.499034,-34.589776],[137.493988,-34.554132],[137.480235,-34.526544],[137.482432,-34.483982],[137.478526,-34.466241],[137.459483,-34.447524],[137.444835,-34.451837],[137.431163,-34.46502],[137.414317,-34.472426],[137.415294,-34.463311],[137.435802,-34.419203],[137.444998,-34.404229],[137.448741,-34.403253],[137.461111,-34.405043],[137.464854,-34.404229],[137.467052,-34.399835],[137.470225,-34.388279],[137.476329,-34.376642],[137.483897,-34.355401],[137.492198,-34.282485],[137.492198,-34.260186],[137.489106,-34.237726],[137.483165,-34.214614],[137.474132,-34.192966],[137.453868,-34.163995],[137.452403,-34.155694],[137.455577,-34.14837],[137.461436,-34.140802],[137.470551,-34.137872],[137.49464,-34.148858],[137.506521,-34.150323],[137.519542,-34.137872],[137.548595,-34.087172],[137.55421,-34.072035],[137.553722,-34.058689],[137.551606,-34.049574],[137.540538,-34.02752],[137.534434,-34.017999],[137.531912,-34.015395],[137.540538,-34.000746],[137.552745,-33.984552],[137.5713,-33.966404],[137.590505,-33.951755],[137.615082,-33.941502],[137.622895,-33.931573],[137.62794,-33.920099],[137.629405,-33.910821],[137.625255,-33.899102],[137.618175,-33.891371],[137.609874,-33.884861],[137.602061,-33.876642],[137.617524,-33.869236],[137.631114,-33.85768],[137.653575,-33.832208],[137.704112,-33.793145],[137.715343,-33.787286],[137.751964,-33.72617],[137.776622,-33.693536],[137.794444,-33.6985],[137.800548,-33.6985],[137.862966,-33.626153],[137.878842,-33.59787],[137.903678,-33.587694],[137.910067,-33.596237],[137.898079,-33.613657],[137.906059,-33.627566],[137.930919,-33.616469],[137.933279,-33.603204],[137.930657,-33.577969],[137.936773,-33.552465],[137.937492,-33.52784],[137.929017,-33.511234],[137.918461,-33.48788],[137.903672,-33.455998],[137.892532,-33.438465],[137.883513,-33.424976],[137.873998,-33.413096],[137.86234,-33.39601],[137.864668,-33.374082],[137.869625,-33.358437],[137.861712,-33.343164],[137.843654,-33.323355],[137.818188,-33.293635],[137.810444,-33.259985],[137.821788,-33.246677],[137.830089,-33.226007],[137.840831,-33.205987],[137.854991,-33.190606],[137.894298,-33.179295],[137.952159,-33.14365],[137.95753,-33.14365],[137.966807,-33.149021],[137.972667,-33.149835],[137.977306,-33.147149],[137.98878,-33.137628],[137.992442,-33.135512],[138.004161,-33.139337],[138.014659,-33.145929],[138.025157,-33.148533],[138.03712,-33.139581],[138.043305,-33.129815],[138.043956,-33.125095],[138.041759,-33.120538],[138.040212,-33.112237],[138.041189,-33.089288],[138.040212,-33.081638],[138.035492,-33.066095],[138.028982,-33.050714],[138.020518,-33.036554],[138.010102,-33.024102],[138.000824,-33.020196],[137.978363,-33.021173],[137.969249,-33.017267],[137.961192,-33.009454],[137.957774,-33.004653],[137.902354,-32.78753],[137.902354,-32.774021],[137.913341,-32.765232],[137.938487,-32.752618],[137.896821,-32.721612],[137.889985,-32.715265],[137.887462,-32.709893],[137.88087,-32.707208],[137.87322,-32.705011],[137.862478,-32.69964],[137.851899,-32.698907],[137.849132,-32.697931],[137.847667,-32.693943],[137.848155,-32.689711],[137.848155,-32.685479],[137.845714,-32.681248],[137.844981,-32.676365],[137.849783,-32.658787],[137.849132,-32.65016],[137.843516,-32.640883],[137.821788,-32.622817],[137.810802,-32.609063],[137.803966,-32.594659],[137.805919,-32.580662],[137.821788,-32.568292],[137.812755,-32.560235],[137.803233,-32.558038],[137.794281,-32.557306],[137.786957,-32.553888],[137.783214,-32.545831],[137.779063,-32.525486],[137.773936,-32.519789],[137.764415,-32.524184],[137.760102,-32.540623],[137.757579,-32.560235],[137.752778,-32.574395],[137.760427,-32.59352],[137.762218,-32.617608],[137.760265,-32.660333],[137.75294,-32.682875],[137.753917,-32.693455],[137.78004,-32.702407],[137.789806,-32.713067],[137.79656,-32.726495],[137.800548,-32.738946],[137.806651,-32.77988],[137.809255,-32.846938],[137.808279,-32.858005],[137.804373,-32.866143],[137.796072,-32.877699],[137.78712,-32.901137],[137.780121,-32.910821],[137.771739,-32.912856],[137.765798,-32.90781],[137.76002,-32.905938],[137.752778,-32.917657],[137.751964,-32.927179],[137.754161,-32.938084],[137.758556,-32.948175],[137.775157,-32.970473],[137.778331,-32.982843],[137.769786,-32.990818],[137.746104,-32.992771],[137.733084,-32.991795],[137.724132,-32.989841],[137.704926,-32.97975],[137.674001,-32.955255],[137.656261,-32.951349],[137.632091,-32.961521],[137.609223,-32.977797],[137.595063,-32.992771],[137.594493,-32.999119],[137.596202,-33.019627],[137.595063,-33.02752],[137.590343,-33.034845],[137.512706,-33.108819],[137.491954,-33.119561],[137.469737,-33.128106],[137.452159,-33.140069],[137.444998,-33.16074],[137.444021,-33.185154],[137.440603,-33.204685],[137.434337,-33.221856],[137.388031,-33.293878],[137.382986,-33.311456],[137.37672,-33.389907],[137.36964,-33.413263],[137.359223,-33.431248],[137.316661,-33.481215],[137.305675,-33.4992],[137.251638,-33.612481],[137.224864,-33.653253],[137.201427,-33.671157],[137.184337,-33.677504],[137.15504,-33.705743],[137.132498,-33.712172],[137.083507,-33.716485],[137.020193,-33.730157],[137.013194,-33.729425],[137.005544,-33.726332],[136.993907,-33.719415],[136.990977,-33.713556],[136.990082,-33.707127],[136.985118,-33.6985],[136.965343,-33.684503],[136.945567,-33.682306],[136.930431,-33.69256],[136.924327,-33.715509],[136.920177,-33.724542],[136.910899,-33.73211],[136.900238,-33.737481],[136.892589,-33.739435],[136.883149,-33.744317],[136.883149,-33.754815],[136.886974,-33.765558],[136.889415,-33.77044],[136.946544,-33.751235],[136.96461,-33.753106],[136.912364,-33.780938],[136.899425,-33.790948],[136.878917,-33.802504],[136.855479,-33.804864],[136.831065,-33.80462],[136.807465,-33.808364],[136.79005,-33.818129],[136.77711,-33.82936],[136.761241,-33.838556],[136.735199,-33.842462],[136.724783,-33.846856],[136.711111,-33.866143],[136.701182,-33.870375],[136.695649,-33.872003],[136.670421,-33.883477],[136.607432,-33.902927],[136.591319,-33.914483],[136.585216,-33.921808],[136.58253,-33.928481],[136.581554,-33.948907],[136.54005,-33.972833],[136.511241,-33.998224],[136.4935,-34.009698],[136.451182,-34.017836],[136.431651,-34.027032],[136.369395,-34.073419],[136.36199,-34.082696],[136.358084,-34.093357],[136.357188,-34.113702],[136.35434,-34.124282],[136.348643,-34.133233],[136.334239,-34.148207],[136.32781,-34.15781],[136.318126,-34.185479],[136.293468,-34.208917],[136.232188,-34.308689],[136.199229,-34.330987],[136.138031,-34.35475],[136.114757,-34.383722],[136.126638,-34.39837],[136.120372,-34.408624],[136.11085,-34.417576],[136.111664,-34.428155],[136.122325,-34.442153],[136.124848,-34.452895],[136.122325,-34.483331],[136.115733,-34.516778],[136.10141,-34.534845],[136.087169,-34.532403],[136.08074,-34.504164],[136.069347,-34.481866],[136.042817,-34.486505],[135.991384,-34.513442],[135.966075,-34.515558],[135.951427,-34.520685],[135.936778,-34.534601],[135.930431,-34.549005],[135.924327,-34.578871],[135.91627,-34.589776],[135.939708,-34.62005],[135.943614,-34.637465],[135.930512,-34.65252],[135.910981,-34.633396],[135.890798,-34.631117],[135.874766,-34.643731],[135.868419,-34.668634],[135.867361,-34.678806],[135.862071,-34.698175],[135.861013,-34.709649],[135.864919,-34.718683],[135.883149,-34.735447],[135.888927,-34.74684],[135.882986,-34.768487],[135.861176,-34.769464],[135.837901,-34.766697],[135.826915,-34.77752],[135.82252,-34.787693],[135.803884,-34.799249],[135.79949,-34.805271],[135.805186,-34.81699],[135.81837,-34.82171],[135.847423,-34.821954],[135.867361,-34.819431],[135.886974,-34.813246],[135.904959,-34.803888],[135.941905,-34.77044],[135.947032,-34.767348],[135.959239,-34.771905],[135.966319,-34.780532],[135.973399,-34.786065],[135.985118,-34.780938],[135.990489,-34.771254],[135.988536,-34.748793],[135.991384,-34.740004],[135.999766,-34.735121],[136.009044,-34.736749],[136.016368,-34.744073],[136.019298,-34.75742],[136.018077,-34.801365],[136.012218,-34.818455],[135.99879,-34.835626],[135.982758,-34.850193],[135.972016,-34.8624],[135.969493,-34.876642],[135.99879,-34.945489],[135.997895,-34.94671],[135.998383,-34.962172],[136.000336,-34.965753],[136.012462,-34.979669],[136.003103,-34.990818],[135.977306,-34.997003],[135.96461,-35.007501],[135.94516,-34.997735],[135.927501,-34.955173],[135.912852,-34.945489],[135.902599,-34.943292],[135.878673,-34.931817],[135.864024,-34.929457],[135.85963,-34.923435],[135.858653,-34.914972],[135.854747,-34.905043],[135.822276,-34.874282],[135.782725,-34.857599],[135.741466,-34.861017],[135.703949,-34.890802],[135.697765,-34.91131],[135.694591,-34.914972],[135.690115,-34.916762],[135.684093,-34.918145],[135.68572,-34.926528],[135.689789,-34.938165],[135.690196,-34.9485],[135.680675,-34.952895],[135.632579,-34.952895],[135.623546,-34.947931],[135.621593,-34.935968],[135.622406,-34.922133],[135.622081,-34.91131],[135.604015,-34.880141],[135.512218,-34.79518],[135.47641,-34.74977],[135.45753,-34.731541],[135.429535,-34.71266],[135.3838,-34.696466],[135.371593,-34.689142],[135.359874,-34.685235],[135.332205,-34.689874],[135.319672,-34.685968],[135.342296,-34.6513],[135.340099,-34.638116],[135.323497,-34.620782],[135.287852,-34.592462],[135.251475,-34.56992],[135.230479,-34.565037],[135.212169,-34.567804],[135.194021,-34.573175],[135.17335,-34.576104],[135.157237,-34.583185],[135.138927,-34.596368],[135.121349,-34.604425],[135.108084,-34.595961],[135.109874,-34.578302],[135.140961,-34.540948],[135.149099,-34.524672],[135.153168,-34.502211],[135.163829,-34.489435],[135.177094,-34.479669],[135.189952,-34.466241],[135.193614,-34.456476],[135.196056,-34.445082],[135.20045,-34.435642],[135.209809,-34.431573],[135.218516,-34.43613],[135.21754,-34.446873],[135.209809,-34.469415],[135.213715,-34.492364],[135.224783,-34.504327],[135.242198,-34.509861],[135.313975,-34.523533],[135.327159,-34.527765],[135.309337,-34.53867],[135.302745,-34.550714],[135.306326,-34.563409],[135.319672,-34.576104],[135.349132,-34.585707],[135.355479,-34.59238],[135.340831,-34.603448],[135.351573,-34.614679],[135.37086,-34.628188],[135.391287,-34.639581],[135.405772,-34.644464],[135.415538,-34.642267],[135.436046,-34.632908],[135.497895,-34.623956],[135.503591,-34.611912],[135.48113,-34.605645],[135.437022,-34.599786],[135.437999,-34.588556],[135.442231,-34.568943],[135.443207,-34.55877],[135.438487,-34.545668],[135.428071,-34.548923],[135.418712,-34.557794],[135.416026,-34.561782],[135.407888,-34.570408],[135.406586,-34.577569],[135.404959,-34.580336],[135.395518,-34.576104],[135.389171,-34.569268],[135.38502,-34.55877],[135.382579,-34.547296],[135.381847,-34.538018],[135.379731,-34.533461],[135.376638,-34.523126],[135.376964,-34.512628],[135.391612,-34.504164],[135.394867,-34.49505],[135.395844,-34.483331],[135.395518,-34.472426],[135.388438,-34.45143],[135.366059,-34.42197],[135.361339,-34.407892],[135.346446,-34.275567],[135.328624,-34.221287],[135.30128,-34.179783],[135.265147,-34.178318],[135.245372,-34.159356],[135.237478,-34.148858],[135.230968,-34.136814],[135.249034,-34.134535],[135.265473,-34.127048],[135.273123,-34.115899],[135.265147,-34.103204],[135.271169,-34.091567],[135.270518,-34.081964],[135.267426,-34.072849],[135.265147,-34.062188],[135.265147,-34.017511],[135.259532,-33.997979],[135.246104,-33.980564],[135.217947,-33.952325],[135.189789,-33.892999],[135.177013,-33.883477],[135.154307,-33.879327],[135.13852,-33.869073],[135.064301,-33.794366],[135.005056,-33.74627],[134.945567,-33.711196],[134.936209,-33.701918],[134.912852,-33.687107],[134.905528,-33.681248],[134.888194,-33.656996],[134.882091,-33.650649],[134.849864,-33.63836],[134.840831,-33.63128],[134.854259,-33.622735],[134.847341,-33.602716],[134.853038,-33.58408],[134.862641,-33.565037],[134.867931,-33.54461],[134.865245,-33.49977],[134.861013,-33.479425],[134.854259,-33.458917],[134.824229,-33.392999],[134.813975,-33.352797],[134.799001,-33.336033],[134.764903,-33.308038],[134.730724,-33.27337],[134.719737,-33.266778],[134.696137,-33.256768],[134.686046,-33.250095],[134.676606,-33.233331],[134.692393,-33.228611],[134.716075,-33.228448],[134.730724,-33.225518],[134.728689,-33.213474],[134.719249,-33.192641],[134.706228,-33.172947],[134.693207,-33.164158],[134.670177,-33.161798],[134.607758,-33.14365],[134.581554,-33.145929],[134.570649,-33.160414],[134.574392,-33.176853],[134.590831,-33.184666],[134.618663,-33.182875],[134.630382,-33.185479],[134.635102,-33.194513],[134.638438,-33.205824],[134.646007,-33.211684],[134.65504,-33.216729],[134.662364,-33.225518],[134.652354,-33.227146],[134.644054,-33.231134],[134.636567,-33.237726],[134.628266,-33.246677],[134.604828,-33.21266],[134.589366,-33.202081],[134.541759,-33.192966],[134.47755,-33.157322],[134.446056,-33.153985],[134.422862,-33.161716],[134.40211,-33.172459],[134.37794,-33.17783],[134.378429,-33.17197],[134.36964,-33.160821],[134.359141,-33.153985],[134.354015,-33.16074],[134.353852,-33.17547],[134.352224,-33.188165],[134.346202,-33.198012],[134.333507,-33.205011],[134.278819,-33.162693],[134.271495,-33.146661],[134.269705,-33.125665],[134.265147,-33.10711],[134.241954,-33.058201],[134.233735,-33.047296],[134.221446,-33.041599],[134.199718,-33.039972],[134.170665,-33.043145],[134.16033,-33.040134],[134.148611,-33.02752],[134.164806,-33.018324],[134.198497,-33.011489],[134.209972,-33.000177],[134.211925,-32.981541],[134.204356,-32.962172],[134.190684,-32.946466],[134.175141,-32.938165],[134.164073,-32.938653],[134.156749,-32.943536],[134.151866,-32.949151],[134.148611,-32.951837],[134.138682,-32.949477],[134.120616,-32.938165],[134.08253,-32.935968],[134.068696,-32.929295],[134.059825,-32.910821],[134.067638,-32.906345],[134.078949,-32.890802],[134.087087,-32.882908],[134.115001,-32.866388],[134.124034,-32.859308],[134.132823,-32.835626],[134.124522,-32.806899],[134.108246,-32.779392],[134.069591,-32.733087],[134.06658,-32.725844],[134.074067,-32.713962],[134.087087,-32.712579],[134.117198,-32.718438],[134.193207,-32.721368],[134.216807,-32.725844],[134.2046,-32.741388],[134.200369,-32.749282],[134.1963,-32.760024],[134.195323,-32.769301],[134.195486,-32.782973],[134.196951,-32.795587],[134.199718,-32.800958],[134.214041,-32.806248],[134.220714,-32.803969],[134.226329,-32.779718],[134.23227,-32.768487],[134.244802,-32.752618],[134.264659,-32.73919],[134.271495,-32.73211],[134.276134,-32.722914],[134.283539,-32.702244],[134.297618,-32.678481],[134.296641,-32.660333],[134.273285,-32.588067],[134.25408,-32.554295],[134.229828,-32.523696],[134.195649,-32.495864],[134.148285,-32.456964],[134.131114,-32.451593],[134.118012,-32.452081],[134.108653,-32.45436],[134.100271,-32.459649],[134.090505,-32.46852],[134.082856,-32.470473],[134.063243,-32.461602],[134.052989,-32.45908],[134.031993,-32.466404],[134.017751,-32.482599],[134.006358,-32.498793],[133.994477,-32.506117],[133.969249,-32.502699],[133.952322,-32.498224],[133.936697,-32.500909],[133.915782,-32.519789],[133.909841,-32.529392],[133.906749,-32.537205],[133.901215,-32.543064],[133.887706,-32.547052],[133.875336,-32.548435],[133.864431,-32.546808],[133.8567,-32.541111],[133.853689,-32.529718],[133.854828,-32.525567],[133.861176,-32.51336],[133.863943,-32.509535],[133.865082,-32.505792],[133.861583,-32.494806],[133.860525,-32.488865],[133.859141,-32.45908],[133.860525,-32.451593],[133.869151,-32.43255],[133.883067,-32.410252],[133.896251,-32.399184],[133.90211,-32.413995],[133.910899,-32.422459],[133.929861,-32.420017],[133.946625,-32.40838],[133.949962,-32.389418],[133.939952,-32.375665],[133.908702,-32.34295],[133.90211,-32.324884],[133.89503,-32.313653],[133.847423,-32.27337],[133.832286,-32.249933],[133.826427,-32.245375],[133.812266,-32.247166],[133.802419,-32.254571],[133.795095,-32.262791],[133.788829,-32.266534],[133.776703,-32.264255],[133.769298,-32.257582],[133.765391,-32.247979],[133.763682,-32.220636],[133.760753,-32.216485],[133.754568,-32.215753],[133.735037,-32.207696],[133.712576,-32.201837],[133.703461,-32.197686],[133.693614,-32.191095],[133.692068,-32.189386],[133.694347,-32.185805],[133.696056,-32.174086],[133.692638,-32.163507],[133.684337,-32.160089],[133.674164,-32.15838],[133.664887,-32.153253],[133.66212,-32.143731],[133.669444,-32.136489],[133.678722,-32.129978],[133.682384,-32.122654],[133.671235,-32.11004],[133.649181,-32.101658],[133.62379,-32.096856],[133.603282,-32.09531],[133.586192,-32.103123],[133.581391,-32.121759],[133.579845,-32.144301],[133.57252,-32.163507],[133.561371,-32.172133],[133.552013,-32.172296],[133.509288,-32.15252],[133.496349,-32.144708],[133.490571,-32.139337],[133.486664,-32.114841],[133.476817,-32.111912],[133.450369,-32.12949],[133.439464,-32.130629],[133.427989,-32.130141],[133.418712,-32.133477],[133.414806,-32.146417],[133.418224,-32.156915],[133.426768,-32.160903],[133.450369,-32.163507],[133.472667,-32.173028],[133.490733,-32.186944],[133.494314,-32.19964],[133.473481,-32.205173],[133.464203,-32.202569],[133.448497,-32.192071],[133.435883,-32.190851],[133.431326,-32.194431],[133.427094,-32.201349],[133.421397,-32.208185],[133.411794,-32.211358],[133.356781,-32.205987],[133.32602,-32.199477],[133.305512,-32.190851],[133.27947,-32.214939],[133.270844,-32.218845],[133.262218,-32.215753],[133.244884,-32.201104],[133.224294,-32.195571],[133.202322,-32.1867],[133.192638,-32.184666],[133.180675,-32.1867],[133.161876,-32.195896],[133.154796,-32.197686],[133.147797,-32.19671],[133.145681,-32.19378],[133.142833,-32.187758],[133.134288,-32.177179],[133.055675,-32.108168],[133.033946,-32.097101],[133.010753,-32.09531],[133.003429,-32.099705],[132.996267,-32.106622],[132.987804,-32.111423],[132.976573,-32.108982],[132.973155,-32.100681],[132.971202,-32.086521],[132.966075,-32.073175],[132.952973,-32.067315],[132.934255,-32.0617],[132.868826,-32.015313],[132.844086,-31.990655],[132.798025,-31.956313],[132.776215,-31.95086],[132.752696,-31.949477],[132.704845,-31.952081],[132.658946,-31.949314],[132.58725,-31.934747],[132.56365,-31.934177],[132.516124,-31.941339],[132.494477,-31.947198],[132.475841,-31.955011],[132.462738,-31.964939],[132.452891,-31.983982],[132.457693,-31.997328],[132.470225,-32.009942],[132.483165,-32.026462],[132.471853,-32.03045],[132.462576,-32.028904],[132.441661,-32.019627],[132.420095,-32.013849],[132.397797,-32.012791],[132.374848,-32.015069],[132.326182,-32.033136],[132.278087,-32.038018],[132.233735,-32.032973],[132.194591,-32.017836],[132.161632,-31.991632],[132.107432,-31.932387],[132.077891,-31.90781],[131.923106,-31.823989],[131.78297,-31.727797],[131.535899,-31.605564]]],[[[128.158865,-15.090265],[128.162608,-15.097263],[128.171397,-15.101007],[128.180675,-15.103936],[128.186778,-15.107599],[128.194509,-15.126886],[128.198578,-15.152032],[128.196788,-15.175551],[128.186778,-15.190199],[128.181895,-15.181899],[128.174083,-15.174086],[128.163829,-15.16725],[128.152029,-15.162286],[128.133962,-15.14658],[128.125987,-15.134698],[128.124278,-15.119561],[128.12379,-15.048598],[128.131358,-15.03753],[128.152029,-15.052423],[128.157725,-15.087091],[128.158865,-15.090265]]],[[[128.416189,-14.956231],[128.429535,-14.965916],[128.437836,-14.988946],[128.441254,-15.01629],[128.440684,-15.038751],[128.412771,-15.018243],[128.358246,-14.956313],[128.351329,-14.932712],[128.348399,-14.882989],[128.35377,-14.869236],[128.371755,-14.874282],[128.384939,-14.891697],[128.409353,-14.94492],[128.416189,-14.956231]]],[[[129.632498,-14.846938],[129.634939,-14.859308],[129.633637,-14.870701],[129.626638,-14.875258],[129.611827,-14.867364],[129.606456,-14.857599],[129.590099,-14.836358],[129.585216,-14.82643],[129.581309,-14.80877],[129.583018,-14.803806],[129.589041,-14.806573],[129.606456,-14.817071],[129.616466,-14.824884],[129.625987,-14.835056],[129.632498,-14.846938]]],[[[129.533458,-14.798517],[129.57781,-14.860528],[129.587087,-14.883477],[129.590994,-14.909356],[129.591482,-14.963637],[129.589122,-14.952325],[129.584809,-14.942478],[129.578949,-14.934503],[129.571544,-14.928888],[129.557791,-14.90781],[129.534841,-14.858168],[129.519786,-14.836358],[129.504649,-14.802911],[129.501964,-14.798517],[129.508149,-14.78574],[129.515473,-14.787205],[129.523936,-14.794203],[129.533458,-14.798517]]],[[[126.500987,-13.873712],[126.523204,-13.870864],[126.553966,-13.875258],[126.585704,-13.88421],[126.61085,-13.89422],[126.61085,-13.901056],[126.598643,-13.905206],[126.585623,-13.902114],[126.5713,-13.896905],[126.555675,-13.89422],[126.539561,-13.897882],[126.52589,-13.903741],[126.515147,-13.90488],[126.507823,-13.89422],[126.505626,-13.889825],[126.500987,-13.873712]]],[[[134.885265,-12.05755],[134.907237,-12.059828],[134.918224,-12.063165],[134.92628,-12.068129],[134.932872,-12.087335],[134.924815,-12.106703],[134.90797,-12.117852],[134.888357,-12.112237],[134.878103,-12.100274],[134.867198,-12.076755],[134.854259,-12.037774],[134.880219,-12.054946],[134.885265,-12.05755]]],[[[134.965256,-12.026465],[134.984485,-12.036161],[134.985986,-12.04145],[134.948729,-12.054669],[134.93521,-12.050259],[134.920789,-12.040263],[134.90937,-12.03585],[134.908472,-12.022625],[134.956246,-12.016469],[134.965256,-12.026465]]],[[[135.121962,-11.929696],[135.107484,-11.942098],[135.084852,-11.946093],[135.057697,-11.953185],[135.046072,-11.941502],[135.053888,-11.919437],[135.084468,-11.920041],[135.110854,-11.924958],[135.121962,-11.929696]]],[[[133.408702,-11.592055],[133.429047,-11.586684],[133.454275,-11.583673],[133.475434,-11.587172],[133.484386,-11.601983],[133.474376,-11.611098],[133.451671,-11.616388],[133.411794,-11.619399],[133.396169,-11.623224],[133.398448,-11.632582],[133.406505,-11.643813],[133.408702,-11.653497],[133.398774,-11.662367],[133.385753,-11.666192],[133.372081,-11.665297],[133.360199,-11.660333],[133.367035,-11.653497],[133.358409,-11.628839],[133.359548,-11.617364],[133.37086,-11.612481],[133.38087,-11.609633],[133.408702,-11.592055]]],[[[133.476899,-11.454848],[133.480805,-11.47088],[133.488943,-11.484063],[133.499522,-11.494561],[133.510997,-11.503188],[133.493337,-11.508966],[133.475841,-11.507257],[133.458995,-11.503595],[133.442882,-11.503188],[133.429698,-11.509047],[133.415294,-11.519952],[133.402599,-11.532647],[133.39503,-11.544203],[133.395518,-11.536554],[133.396821,-11.531915],[133.401866,-11.523126],[133.403005,-11.512384],[133.402354,-11.502618],[133.399587,-11.494724],[133.39503,-11.489028],[133.424001,-11.48504],[133.443696,-11.475518],[133.459727,-11.464288],[133.476899,-11.454848]]],[[[147.998546,-43.230401],[147.978038,-43.228204],[147.964041,-43.222426],[147.904552,-43.180271],[147.894867,-43.169041],[147.889659,-43.15309],[147.88795,-43.137953],[147.882823,-43.131524],[147.867524,-43.141697],[147.856781,-43.156183],[147.85377,-43.172296],[147.857432,-43.188246],[147.867524,-43.203058],[147.837576,-43.201918],[147.821462,-43.214288],[147.809744,-43.231215],[147.792491,-43.244073],[147.771983,-43.216892],[147.700206,-43.162774],[147.695567,-43.13421],[147.708507,-43.13006],[147.733897,-43.118259],[147.747895,-43.105727],[147.664561,-43.081801],[147.647797,-43.072849],[147.638194,-43.061293],[147.627208,-43.042739],[147.620616,-43.023126],[147.624278,-43.008233],[147.633556,-43.001153],[147.666026,-42.989435],[147.679047,-42.986423],[147.682628,-42.984552],[147.686046,-42.976739],[147.684906,-42.971938],[147.682628,-42.968357],[147.682628,-42.963556],[147.681,-42.955743],[147.677013,-42.946873],[147.678233,-42.939223],[147.692556,-42.936212],[147.71518,-42.937433],[147.725841,-42.940525],[147.730479,-42.946873],[147.730805,-42.976821],[147.727224,-42.98797],[147.716807,-43.005141],[147.763031,-43.03753],[147.785818,-43.048598],[147.816417,-43.052911],[147.823253,-43.051935],[147.833832,-43.04754],[147.840343,-43.046075],[147.840994,-43.046157],[147.858653,-43.045587],[147.860688,-43.046075],[147.875499,-43.040948],[147.887055,-43.034438],[147.90919,-43.018731],[147.879242,-43.017999],[147.85906,-43.007501],[147.845063,-42.988702],[147.833507,-42.963556],[147.843516,-42.964044],[147.849783,-42.962335],[147.860688,-42.95672],[147.860688,-42.950453],[147.833832,-42.944513],[147.831554,-42.931899],[147.838878,-42.916599],[147.840343,-42.902032],[147.826915,-42.893976],[147.765147,-42.902032],[147.757009,-42.899672],[147.739919,-42.89129],[147.730479,-42.888442],[147.720388,-42.889093],[147.689464,-42.895278],[147.676524,-42.889825],[147.6692,-42.882501],[147.663585,-42.874688],[147.655284,-42.867364],[147.647716,-42.86533],[147.628184,-42.863865],[147.621267,-42.861098],[147.617931,-42.854262],[147.616954,-42.845147],[147.614513,-42.835219],[147.606944,-42.826349],[147.595714,-42.821466],[147.585623,-42.821222],[147.533539,-42.836602],[147.51531,-42.845147],[147.503917,-42.854262],[147.50294,-42.882094],[147.519298,-42.918552],[147.559093,-42.977227],[147.539806,-43.004327],[147.529307,-43.014907],[147.511404,-43.024998],[147.454356,-43.038263],[147.436209,-43.046075],[147.426117,-43.03867],[147.413341,-43.025323],[147.403494,-43.010431],[147.40211,-42.998224],[147.416677,-42.984552],[147.430512,-42.993585],[147.442882,-43.009942],[147.453298,-43.018731],[147.469005,-43.011326],[147.479666,-42.994806],[147.483735,-42.978448],[147.480317,-42.970961],[147.466482,-42.963556],[147.466075,-42.945896],[147.477306,-42.908868],[147.458263,-42.91367],[147.438243,-42.923517],[147.422211,-42.926935],[147.415782,-42.912286],[147.409679,-42.888116],[147.394379,-42.877699],[147.374278,-42.872003],[147.353689,-42.861098],[147.299083,-42.788751],[147.2942,-42.778578],[147.283702,-42.778497],[147.27296,-42.782647],[147.26002,-42.790134],[147.268077,-42.799981],[147.280528,-42.80934],[147.285981,-42.812677],[147.304373,-42.829197],[147.319591,-42.846856],[147.336599,-42.88242],[147.359141,-42.910821],[147.360199,-42.925226],[147.340017,-42.95672],[147.330821,-42.978611],[147.329438,-42.997979],[147.333181,-43.042657],[147.323741,-43.046319],[147.302989,-43.034438],[147.271739,-43.011326],[147.254405,-43.027276],[147.26295,-43.044203],[147.292247,-43.066013],[147.30128,-43.083103],[147.293712,-43.092462],[147.276703,-43.100681],[147.257579,-43.114353],[147.247732,-43.129164],[147.244884,-43.144627],[147.246837,-43.160252],[147.256602,-43.197198],[147.258149,-43.21502],[147.257579,-43.254327],[147.249278,-43.268162],[147.230235,-43.28045],[147.208669,-43.286716],[147.192638,-43.281671],[147.184906,-43.276544],[147.163829,-43.270115],[147.15447,-43.264581],[147.154145,-43.25742],[147.158865,-43.248468],[147.158702,-43.240981],[147.144542,-43.237888],[147.103038,-43.238702],[147.092133,-43.231866],[147.103201,-43.213311],[147.118012,-43.196954],[147.118988,-43.189142],[147.112804,-43.178806],[147.106619,-43.154718],[147.09783,-43.1749],[147.079112,-43.191827],[147.060557,-43.201593],[147.052013,-43.19964],[147.028494,-43.185154],[147.024099,-43.179295],[147.024099,-43.137953],[147.017833,-43.1124],[147.003184,-43.109959],[146.986095,-43.119724],[146.972911,-43.131117],[146.965587,-43.147719],[146.962657,-43.174412],[146.966482,-43.198989],[146.979991,-43.209893],[146.991222,-43.214125],[147.062266,-43.253676],[147.081309,-43.267185],[147.095958,-43.28281],[147.099783,-43.299412],[147.094412,-43.306573],[147.083832,-43.315606],[147.07252,-43.323175],[147.065115,-43.326593],[147.052989,-43.326104],[147.047862,-43.321954],[147.04477,-43.316664],[147.038341,-43.312921],[147.019379,-43.312188],[146.996755,-43.316583],[146.975922,-43.32586],[146.962657,-43.340265],[147.021332,-43.337172],[147.038341,-43.340265],[147.055186,-43.348891],[147.055349,-43.356215],[147.031505,-43.374444],[147.021332,-43.386407],[147.005056,-43.413751],[146.997325,-43.422784],[146.981212,-43.42962],[146.961274,-43.431329],[146.921641,-43.42962],[146.941905,-43.44378],[147.00115,-43.455662],[147.017833,-43.478123],[146.962413,-43.472426],[146.94337,-43.476658],[146.936046,-43.495212],[146.940684,-43.502699],[146.949718,-43.509373],[146.955333,-43.517836],[146.949555,-43.531996],[146.939952,-43.537286],[146.926036,-43.538344],[146.911794,-43.536391],[146.901703,-43.531996],[146.894054,-43.557875],[146.906098,-43.566827],[146.926036,-43.570571],[146.942149,-43.58115],[146.942231,-43.598321],[146.927013,-43.611749],[146.855724,-43.639581],[146.846528,-43.64129],[146.831554,-43.639907],[146.830251,-43.636],[146.832042,-43.629815],[146.826182,-43.621515],[146.803233,-43.610447],[146.781505,-43.608494],[146.759613,-43.61297],[146.710704,-43.629002],[146.70045,-43.62363],[146.692882,-43.608575],[146.675141,-43.587335],[146.608409,-43.558852],[146.600108,-43.552504],[146.591156,-43.53574],[146.582042,-43.494724],[146.572113,-43.478123],[146.554698,-43.469415],[146.548188,-43.481866],[146.550141,-43.504164],[146.558442,-43.52516],[146.543793,-43.52158],[146.538097,-43.518487],[146.51352,-43.533949],[146.489106,-43.537205],[146.37794,-43.528497],[146.358653,-43.520278],[146.339366,-43.504815],[146.318614,-43.522882],[146.305512,-43.53045],[146.291677,-43.531996],[146.278982,-43.525649],[146.274425,-43.515232],[146.271495,-43.503025],[146.263845,-43.491795],[146.253673,-43.487237],[146.238129,-43.484552],[146.221853,-43.485447],[146.209158,-43.491795],[146.203868,-43.50449],[146.20338,-43.519138],[146.200694,-43.531996],[146.18922,-43.539483],[146.180186,-43.523858],[146.171641,-43.51214],[146.161388,-43.504815],[146.149913,-43.505629],[146.115408,-43.515069],[146.1067,-43.518487],[146.105642,-43.523858],[146.108084,-43.541274],[146.1067,-43.546319],[146.099376,-43.547784],[146.09254,-43.544692],[146.085948,-43.540785],[146.079356,-43.539483],[146.024181,-43.552504],[146.030772,-43.48268],[146.023936,-43.451837],[146.000255,-43.419366],[145.943858,-43.386407],[145.934825,-43.378106],[145.943207,-43.364841],[145.96339,-43.36891],[145.986095,-43.378676],[146.003673,-43.381931],[145.998057,-43.37127],[145.975759,-43.347752],[145.993907,-43.344985],[146.085623,-43.353936],[146.113048,-43.364353],[146.129161,-43.381606],[146.142263,-43.400649],[146.161388,-43.415948],[146.165863,-43.404229],[146.159516,-43.385186],[146.161388,-43.374444],[146.167247,-43.378188],[146.171397,-43.379653],[146.182384,-43.381931],[146.175466,-43.368422],[146.180186,-43.364841],[146.189464,-43.366388],[146.195486,-43.368259],[146.206716,-43.374444],[146.222179,-43.39186],[146.230235,-43.395603],[146.237804,-43.384373],[146.237966,-43.35947],[146.233897,-43.333673],[146.229503,-43.319757],[146.222992,-43.315037],[146.195486,-43.299412],[146.179454,-43.283461],[146.168224,-43.277602],[146.15797,-43.281671],[146.129893,-43.325616],[146.111013,-43.336033],[146.085623,-43.319757],[146.083995,-43.313409],[146.080903,-43.291274],[146.079356,-43.28574],[146.067638,-43.281915],[146.059093,-43.285089],[146.053477,-43.292739],[146.051524,-43.30283],[146.04363,-43.325942],[146.025401,-43.324884],[146.004893,-43.311782],[145.990001,-43.299412],[145.975352,-43.283949],[145.967296,-43.268243],[145.964041,-43.250177],[145.96339,-43.226983],[145.958832,-43.222589],[145.938162,-43.211033],[145.917166,-43.195896],[145.913259,-43.200942],[145.914317,-43.223565],[145.917735,-43.238539],[145.915701,-43.246759],[145.904063,-43.250258],[145.896007,-43.250584],[145.886974,-43.251886],[145.878673,-43.254327],[145.873302,-43.258396],[145.869314,-43.273045],[145.881358,-43.2763],[145.917735,-43.272068],[145.928559,-43.277439],[145.925792,-43.289158],[145.914073,-43.300714],[145.897227,-43.306085],[145.860037,-43.30462],[145.844249,-43.300551],[145.831798,-43.292576],[145.805675,-43.244073],[145.80421,-43.237481],[145.805675,-43.213311],[145.802745,-43.208103],[145.77475,-43.187921],[145.763927,-43.182387],[145.757172,-43.175877],[145.755219,-43.169203],[145.754405,-43.160089],[145.752289,-43.152032],[145.746918,-43.148533],[145.73463,-43.143324],[145.728038,-43.130548],[145.726817,-43.114679],[145.729991,-43.10003],[145.721202,-43.103774],[145.71046,-43.107029],[145.698904,-43.108494],[145.688324,-43.106866],[145.674083,-43.099298],[145.670665,-43.091485],[145.674653,-43.069431],[145.678722,-43.065851],[145.68572,-43.057875],[145.688243,-43.049737],[145.678396,-43.046075],[145.666677,-43.044041],[145.654796,-43.038995],[145.6338,-43.024998],[145.597504,-42.971856],[145.582286,-42.963556],[145.519786,-42.962335],[145.510265,-42.958429],[145.472423,-42.915134],[145.449718,-42.882501],[145.429942,-42.846287],[145.409679,-42.795587],[145.398936,-42.778009],[145.393565,-42.771091],[145.387055,-42.76686],[145.371593,-42.762302],[145.366222,-42.757501],[145.364757,-42.751072],[145.367442,-42.746759],[145.371267,-42.743585],[145.384288,-42.72503],[145.386485,-42.714451],[145.376475,-42.709649],[145.370616,-42.704278],[145.352712,-42.650811],[145.349132,-42.648207],[145.328868,-42.649184],[145.324555,-42.648207],[145.317068,-42.635919],[145.312022,-42.622491],[145.305919,-42.611586],[145.2942,-42.607192],[145.265473,-42.604262],[145.264171,-42.59531],[145.297862,-42.558852],[145.271739,-42.538995],[145.247244,-42.504327],[145.234386,-42.464532],[145.243419,-42.429132],[145.218435,-42.370375],[145.208263,-42.337172],[145.202403,-42.305597],[145.202403,-42.247491],[145.199718,-42.235447],[145.189626,-42.212823],[145.188731,-42.195733],[145.201996,-42.203383],[145.217621,-42.21852],[145.230479,-42.235447],[145.23585,-42.247491],[145.241059,-42.264581],[145.254161,-42.271905],[145.290538,-42.278253],[145.303966,-42.283298],[145.309744,-42.287286],[145.31837,-42.299412],[145.322602,-42.306899],[145.325531,-42.315688],[145.330821,-42.323012],[145.358572,-42.330173],[145.42449,-42.370701],[145.434825,-42.379327],[145.440278,-42.39129],[145.443126,-42.430597],[145.450531,-42.466485],[145.463145,-42.502537],[145.472016,-42.512791],[145.479259,-42.509698],[145.48227,-42.487481],[145.48227,-42.41546],[145.509451,-42.428481],[145.519786,-42.426935],[145.52711,-42.394138],[145.535004,-42.377211],[145.554942,-42.350681],[145.558116,-42.341567],[145.546723,-42.343194],[145.533539,-42.349298],[145.53061,-42.354099],[145.5324,-42.35589],[145.529063,-42.357843],[145.523936,-42.359552],[145.520518,-42.360121],[145.516612,-42.358657],[145.516938,-42.355076],[145.51824,-42.350681],[145.5171,-42.347263],[145.51352,-42.340509],[145.514171,-42.333103],[145.512706,-42.325779],[145.503429,-42.319268],[145.492686,-42.318943],[145.490001,-42.32643],[145.48878,-42.335545],[145.48227,-42.339776],[145.463145,-42.327244],[145.40561,-42.270766],[145.389659,-42.249933],[145.371918,-42.240981],[145.366222,-42.2374],[145.359386,-42.209405],[145.346039,-42.182224],[145.341319,-42.163832],[145.345714,-42.147231],[145.333263,-42.141778],[145.323741,-42.142755],[145.30421,-42.15545],[145.303966,-42.156996],[145.297862,-42.16839],[145.294119,-42.170994],[145.281505,-42.177016],[145.276866,-42.182061],[145.276622,-42.194106],[145.282237,-42.205743],[145.283376,-42.215916],[145.27003,-42.223728],[145.262218,-42.220798],[145.229015,-42.195733],[145.266368,-42.123468],[145.251475,-42.041436],[145.206554,-41.966567],[145.154552,-41.915785],[145.073497,-41.858168],[145.066091,-41.855157],[145.060395,-41.849542],[145.055919,-41.823175],[145.049815,-41.817153],[145.040782,-41.813246],[145.030528,-41.805922],[144.992035,-41.746759],[144.972504,-41.73268],[144.967052,-41.723403],[144.959727,-41.714044],[144.948253,-41.709731],[144.934337,-41.710138],[144.926036,-41.70908],[144.920177,-41.702895],[144.914317,-41.688653],[144.912446,-41.679295],[144.914317,-41.6513],[144.866466,-41.54461],[144.810802,-41.476332],[144.794444,-41.446466],[144.78712,-41.442153],[144.776703,-41.438653],[144.765636,-41.430434],[144.749848,-41.414239],[144.753917,-41.411065],[144.755138,-41.40781],[144.755382,-41.404392],[144.756602,-41.400567],[144.781912,-41.391534],[144.781098,-41.365167],[144.767345,-41.335545],[144.700369,-41.242446],[144.681651,-41.223077],[144.689464,-41.199151],[144.691254,-41.168064],[144.684744,-41.138849],[144.667247,-41.120701],[144.675304,-41.080743],[144.656505,-41.048761],[144.605805,-40.996515],[144.620372,-40.993259],[144.631358,-40.98561],[144.638194,-40.974216],[144.640636,-40.95908],[144.622895,-40.938572],[144.617361,-40.92962],[144.624034,-40.925063],[144.640636,-40.921482],[144.656423,-40.899835],[144.666515,-40.895115],[144.684744,-40.893487],[144.696951,-40.886895],[144.703787,-40.871352],[144.708263,-40.838962],[144.708751,-40.810479],[144.68922,-40.704522],[144.68922,-40.68141],[144.698578,-40.660252],[144.721365,-40.640313],[144.724946,-40.657159],[144.735118,-40.671482],[144.756602,-40.695489],[144.759125,-40.702895],[144.76295,-40.720473],[144.766287,-40.726495],[144.772472,-40.727634],[144.779552,-40.72381],[144.78712,-40.71852],[144.793956,-40.715997],[144.828461,-40.721368],[144.894786,-40.744806],[144.931163,-40.750177],[144.967947,-40.744561],[144.984711,-40.744806],[144.999685,-40.753839],[145.014008,-40.766697],[145.026866,-40.773045],[145.05836,-40.784275],[145.075369,-40.807061],[145.084646,-40.809991],[145.095225,-40.812188],[145.118826,-40.821384],[145.137218,-40.818129],[145.146251,-40.807712],[145.133556,-40.791681],[145.226736,-40.797784],[145.250255,-40.791681],[145.261485,-40.775486],[145.263927,-40.752862],[145.259451,-40.730645],[145.250255,-40.715997],[145.269216,-40.719985],[145.295177,-40.736912],[145.307872,-40.755141],[145.277843,-40.766697],[145.270356,-40.774184],[145.266856,-40.784845],[145.27003,-40.797296],[145.278656,-40.805434],[145.31837,-40.82586],[145.332367,-40.838067],[145.342133,-40.84352],[145.355968,-40.845798],[145.388438,-40.847101],[145.405284,-40.850274],[145.443044,-40.867934],[145.471039,-40.864923],[145.523936,-40.845798],[145.533702,-40.885024],[145.572113,-40.909438],[145.620942,-40.92254],[145.711599,-40.930434],[145.729259,-40.93906],[145.736095,-40.95908],[145.743907,-40.975356],[145.761567,-40.993585],[145.79127,-41.017022],[145.809825,-41.026951],[145.830333,-41.033298],[145.852794,-41.036554],[145.90268,-41.038263],[145.915538,-41.041274],[145.921153,-41.048028],[145.925141,-41.05877],[145.934744,-41.061212],[145.955333,-41.058689],[145.978526,-41.065199],[146.016612,-41.087823],[146.041515,-41.094903],[146.062266,-41.105401],[146.068858,-41.109796],[146.078949,-41.114435],[146.11964,-41.120701],[146.214366,-41.155369],[146.35377,-41.167901],[146.423676,-41.166192],[146.491547,-41.151137],[146.546397,-41.132745],[146.555186,-41.137872],[146.558442,-41.157892],[146.562511,-41.168227],[146.572113,-41.17669],[146.585623,-41.180108],[146.600108,-41.175388],[146.58253,-41.161065],[146.591075,-41.147149],[146.626801,-41.126886],[146.635997,-41.118422],[146.648611,-41.099216],[146.654796,-41.092869],[146.666759,-41.088067],[146.689789,-41.087498],[146.702647,-41.085219],[146.714692,-41.079767],[146.730642,-41.068536],[146.744151,-41.065525],[146.753673,-41.066339],[146.765391,-41.069757],[146.776703,-41.074395],[146.785004,-41.079034],[146.795909,-41.091729],[146.808279,-41.112563],[146.812511,-41.132094],[146.798676,-41.140558],[146.808116,-41.156671],[146.824718,-41.160903],[146.843516,-41.162042],[146.860199,-41.168552],[146.872895,-41.159601],[146.881684,-41.155532],[146.891124,-41.154718],[146.905121,-41.15488],[146.916515,-41.157647],[146.926443,-41.162774],[146.93686,-41.16546],[146.949555,-41.161065],[146.934093,-41.151462],[146.922374,-41.140232],[146.907888,-41.130955],[146.858735,-41.124282],[146.838064,-41.115818],[146.824229,-41.099786],[146.819347,-41.075372],[146.837738,-41.039727],[146.881521,-41.026137],[146.932628,-41.018243],[146.972911,-40.999933],[146.979177,-40.994399],[146.986583,-40.989679],[146.994884,-40.985772],[147.009044,-40.981134],[147.013031,-40.978692],[147.017589,-40.976658],[147.024099,-40.976007],[147.03004,-40.978204],[147.033051,-40.986993],[147.038341,-40.989841],[147.171072,-41.006524],[147.210216,-40.989923],[147.285981,-40.941339],[147.295665,-40.957127],[147.342784,-40.942153],[147.353689,-40.952244],[147.354503,-40.964532],[147.358165,-40.971775],[147.365489,-40.975193],[147.392914,-40.978611],[147.397797,-40.98504],[147.400401,-40.99391],[147.408376,-41.003351],[147.444835,-41.008396],[147.48463,-40.986017],[147.520356,-40.952081],[147.581391,-40.87184],[147.586436,-40.856215],[147.597423,-40.846856],[147.650564,-40.828546],[147.668956,-40.82586],[147.683767,-40.835707],[147.700206,-40.853936],[147.717133,-40.867364],[147.753673,-40.856622],[147.776052,-40.867934],[147.798676,-40.884454],[147.819835,-40.893487],[147.849457,-40.888767],[147.885753,-40.873793],[147.916189,-40.852716],[147.929047,-40.829034],[147.93214,-40.820408],[147.9463,-40.795505],[147.951671,-40.762465],[147.958263,-40.751153],[147.969249,-40.743748],[147.984223,-40.736505],[147.990977,-40.741306],[147.996918,-40.742608],[148.020274,-40.743748],[148.029307,-40.746759],[148.035981,-40.752211],[148.042735,-40.769708],[148.051931,-40.769789],[148.069347,-40.763849],[148.080903,-40.767755],[148.094005,-40.777032],[148.114024,-40.797296],[148.131114,-40.824802],[148.143809,-40.834893],[148.165538,-40.838962],[148.198985,-40.837009],[148.209321,-40.840753],[148.287364,-40.923028],[148.314626,-40.961602],[148.325694,-40.98268],[148.331391,-41.002211],[148.323497,-41.010837],[148.308849,-41.014825],[148.292654,-41.024509],[148.279063,-41.035821],[148.272309,-41.045017],[148.284028,-41.047784],[148.294444,-41.05169],[148.302257,-41.05755],[148.306407,-41.065525],[148.290538,-41.106215],[148.289073,-41.113214],[148.27475,-41.124933],[148.268891,-41.151625],[148.268891,-41.181573],[148.272309,-41.202569],[148.277517,-41.21559],[148.281993,-41.221938],[148.316254,-41.255304],[148.321544,-41.268487],[148.316417,-41.281427],[148.271983,-41.308282],[148.254161,-41.325942],[148.257986,-41.346612],[148.333263,-41.292169],[148.354177,-41.291436],[148.331065,-41.322524],[148.27947,-41.450372],[148.28004,-41.466241],[148.283865,-41.482843],[148.285899,-41.507094],[148.284028,-41.519952],[148.281098,-41.528253],[148.281261,-41.53631],[148.307953,-41.575128],[148.312673,-41.586196],[148.314952,-41.606541],[148.311046,-41.629815],[148.302013,-41.65252],[148.289073,-41.671563],[148.286143,-41.689386],[148.306407,-41.750665],[148.294688,-41.762953],[148.274425,-41.779962],[148.260997,-41.800388],[148.268565,-41.822686],[148.273611,-41.830499],[148.283946,-41.855239],[148.285899,-41.863702],[148.289073,-41.872328],[148.312673,-41.894708],[148.315766,-41.901544],[148.316417,-41.906834],[148.318696,-41.911228],[148.326915,-41.915785],[148.313487,-41.948663],[148.300304,-42.00156],[148.299327,-42.050551],[148.36378,-42.110284],[148.363943,-42.115655],[148.356456,-42.119236],[148.34669,-42.127537],[148.319347,-42.156834],[148.315929,-42.17018],[148.360688,-42.184503],[148.364268,-42.20436],[148.354177,-42.240818],[148.349946,-42.246677],[148.331065,-42.262628],[148.326915,-42.267755],[148.321788,-42.278009],[148.311046,-42.273045],[148.30128,-42.262953],[148.299001,-42.258396],[148.264659,-42.250258],[148.257986,-42.244236],[148.260509,-42.23561],[148.281016,-42.225681],[148.285899,-42.219903],[148.289073,-42.214288],[148.296153,-42.206964],[148.303233,-42.197524],[148.306407,-42.185805],[148.302501,-42.178888],[148.293224,-42.169692],[148.281993,-42.160903],[148.272309,-42.15545],[148.300629,-42.143731],[148.313975,-42.134698],[148.320079,-42.119399],[148.292735,-42.119561],[148.27475,-42.113214],[148.244314,-42.08587],[148.226573,-42.075291],[148.162446,-42.059177],[148.189708,-42.041274],[148.205821,-42.034275],[148.22047,-42.031183],[148.231944,-42.023696],[148.24171,-42.00742],[148.242442,-41.990899],[148.211192,-41.976983],[148.205089,-41.96266],[148.202403,-41.948419],[148.1963,-41.941827],[148.181,-41.947361],[148.182872,-41.959568],[148.196544,-41.979669],[148.193696,-42.000909],[148.18629,-42.001235],[148.175548,-41.993585],[148.162446,-41.99033],[148.146983,-41.999282],[148.146739,-42.012628],[148.152517,-42.028741],[148.15504,-42.045587],[148.149425,-42.048028],[148.138682,-42.051039],[148.130138,-42.055434],[148.131358,-42.061944],[148.141368,-42.071466],[148.146983,-42.075616],[148.15504,-42.079685],[148.167979,-42.083754],[148.217052,-42.093357],[148.119395,-42.091404],[148.092947,-42.100193],[148.08253,-42.115655],[148.078949,-42.138767],[148.079845,-42.185805],[148.074474,-42.197361],[148.03891,-42.223728],[148.034679,-42.234959],[148.034434,-42.24627],[148.03061,-42.254978],[148.014903,-42.258396],[148.018077,-42.264337],[148.012218,-42.277927],[147.983409,-42.319024],[147.963878,-42.339776],[147.975841,-42.335545],[147.993826,-42.317315],[148.004731,-42.312433],[148.022472,-42.317804],[148.030935,-42.332289],[148.030447,-42.347263],[148.005219,-42.366876],[148.003184,-42.395685],[148.011567,-42.443455],[148.011078,-42.489435],[148.006033,-42.514093],[147.994884,-42.524672],[147.980968,-42.528985],[147.965668,-42.548272],[147.953298,-42.552667],[147.942882,-42.547784],[147.927908,-42.524998],[147.915294,-42.517267],[147.915782,-42.529718],[147.910655,-42.537856],[147.901378,-42.542657],[147.888682,-42.545099],[147.93686,-42.590916],[147.94337,-42.610447],[147.942393,-42.628025],[147.94337,-42.634535],[147.9463,-42.640558],[147.950857,-42.64544],[147.955089,-42.649021],[147.957042,-42.651625],[147.957367,-42.678969],[147.955333,-42.691664],[147.949555,-42.702813],[147.953136,-42.719985],[147.939952,-42.735528],[147.920421,-42.74684],[147.905447,-42.751235],[147.889334,-42.760675],[147.881114,-42.781915],[147.88087,-42.804946],[147.888682,-42.819513],[147.883637,-42.82822],[147.879893,-42.830987],[147.875255,-42.829848],[147.867524,-42.826349],[147.850597,-42.851821],[147.844574,-42.866143],[147.847179,-42.880955],[147.858409,-42.888442],[147.877778,-42.892836],[147.899099,-42.893243],[147.915294,-42.888442],[147.915294,-42.880955],[147.881602,-42.871677],[147.893077,-42.850193],[147.920746,-42.838311],[147.936534,-42.85768],[147.939301,-42.872328],[147.946462,-42.874282],[147.956309,-42.870294],[147.967296,-42.867364],[147.975352,-42.868259],[147.980724,-42.871189],[147.983409,-42.876397],[147.984223,-42.884698],[147.98699,-42.893243],[147.999766,-42.900649],[148.004731,-42.908868],[148.002778,-42.913751],[147.997325,-42.919854],[147.992198,-42.927423],[147.991059,-42.936212],[147.994395,-42.938409],[148.001231,-42.941502],[148.008067,-42.945408],[148.011567,-42.950453],[148.009776,-42.969903],[148.000662,-42.977472],[147.987559,-42.98089],[147.973969,-42.987726],[147.963878,-43.010512],[147.96518,-43.060317],[147.949555,-43.072849],[147.973155,-43.098077],[147.977387,-43.106866],[147.978363,-43.118341],[147.976329,-43.125258],[147.963878,-43.141697],[147.986339,-43.142999],[147.999522,-43.147882],[148.003429,-43.158136],[147.998546,-43.175877],[147.993419,-43.18141],[147.986339,-43.185479],[147.979991,-43.191583],[147.977387,-43.203058],[147.988455,-43.211602],[147.995779,-43.219985],[147.998546,-43.230401]]],[[[158.893403,-54.510837],[158.907725,-54.496189],[158.948497,-54.486017],[158.962413,-54.469334],[158.963227,-54.48919],[158.955577,-54.551202],[158.948416,-54.571222],[158.925629,-54.615655],[158.915538,-54.650974],[158.892589,-54.686944],[158.887218,-54.705987],[158.886241,-54.732599],[158.880544,-54.745701],[158.865733,-54.749933],[158.838227,-54.750421],[158.832042,-54.738051],[158.832367,-54.733657],[158.838227,-54.729913],[158.832367,-54.711684],[158.835134,-54.689874],[158.845714,-54.65488],[158.848155,-54.649591],[158.856456,-54.639337],[158.859386,-54.633722],[158.858246,-54.630792],[158.855317,-54.625584],[158.852794,-54.619236],[158.85255,-54.613214],[158.856456,-54.603774],[158.860606,-54.599298],[158.865733,-54.594903],[158.872325,-54.58587],[158.881358,-54.566339],[158.893403,-54.510837]]],[[[147.336599,-43.340265],[147.337576,-43.344496],[147.360525,-43.368259],[147.364024,-43.379327],[147.365489,-43.387872],[147.364513,-43.396742],[147.360525,-43.408624],[147.355479,-43.417901],[147.344574,-43.429864],[147.340017,-43.436456],[147.334972,-43.447686],[147.326345,-43.478123],[147.315929,-43.500665],[147.303884,-43.508884],[147.287364,-43.504978],[147.264334,-43.491795],[147.257579,-43.489679],[147.250824,-43.489923],[147.244395,-43.489353],[147.237559,-43.484308],[147.236827,-43.47975],[147.237804,-43.473403],[147.240408,-43.468927],[147.243826,-43.469985],[147.236176,-43.450779],[147.229991,-43.444268],[147.216482,-43.442641],[147.223318,-43.43906],[147.231944,-43.432387],[147.237559,-43.42962],[147.215587,-43.415216],[147.2046,-43.425714],[147.196056,-43.469985],[147.184906,-43.489841],[147.167735,-43.501642],[147.149181,-43.501153],[147.133962,-43.484308],[147.125336,-43.464776],[147.10963,-43.450779],[147.094086,-43.439874],[147.086192,-43.42962],[147.090668,-43.410903],[147.109223,-43.414972],[147.161632,-43.454034],[147.172211,-43.458917],[147.17921,-43.454034],[147.182384,-43.436456],[147.180431,-43.397231],[147.175955,-43.379327],[147.168142,-43.368259],[147.173513,-43.36004],[147.181,-43.354262],[147.190115,-43.352716],[147.200043,-43.357029],[147.215668,-43.377537],[147.225597,-43.385512],[147.233572,-43.371515],[147.239268,-43.364841],[147.241547,-43.356215],[147.233897,-43.344008],[147.228526,-43.332208],[147.234874,-43.323012],[147.254405,-43.309503],[147.285981,-43.275567],[147.304454,-43.261814],[147.312755,-43.268243],[147.336599,-43.340265]]],[[[147.40211,-43.131117],[147.402599,-43.144708],[147.404633,-43.155369],[147.408865,-43.164972],[147.415782,-43.175877],[147.419932,-43.188409],[147.431163,-43.213962],[147.437511,-43.238946],[147.426036,-43.250258],[147.401215,-43.24505],[147.391856,-43.244073],[147.379242,-43.247817],[147.369151,-43.254653],[147.36085,-43.257908],[147.353689,-43.250258],[147.347341,-43.22796],[147.35727,-43.21795],[147.374034,-43.210707],[147.387869,-43.196222],[147.368907,-43.182875],[147.318126,-43.177179],[147.295665,-43.165623],[147.291759,-43.153009],[147.304698,-43.145685],[147.354177,-43.139418],[147.348969,-43.133884],[147.334972,-43.126886],[147.326345,-43.120538],[147.330333,-43.101007],[147.344574,-43.082208],[147.360037,-43.074884],[147.372813,-43.101251],[147.396658,-43.11712],[147.40211,-43.131117]]],[[[148.141856,-42.603774],[148.143728,-42.620294],[148.149262,-42.632745],[148.159841,-42.64186],[148.176036,-42.648207],[148.149587,-42.666436],[148.104666,-42.664727],[148.073009,-42.666762],[148.086681,-42.696547],[148.110118,-42.716485],[148.104828,-42.719496],[148.043468,-42.729181],[148.029063,-42.736505],[148.018321,-42.751235],[148.011567,-42.751235],[148.011567,-42.730727],[148.024262,-42.719334],[148.03297,-42.703871],[148.045177,-42.668715],[148.022716,-42.666274],[148.012869,-42.651625],[148.013682,-42.631768],[148.024587,-42.613458],[148.039561,-42.603204],[148.067556,-42.593032],[148.079845,-42.579278],[148.096365,-42.584405],[148.116954,-42.585707],[148.134451,-42.590102],[148.141856,-42.603774]]],[[[148.299001,-42.305597],[148.316905,-42.314386],[148.324718,-42.323663],[148.330089,-42.336033],[148.340587,-42.354099],[148.334483,-42.356622],[148.329763,-42.35711],[148.320079,-42.354099],[148.304698,-42.346287],[148.292817,-42.337009],[148.28004,-42.32936],[148.249197,-42.323907],[148.242686,-42.318129],[148.230724,-42.299412],[148.246349,-42.295099],[148.265636,-42.296482],[148.299001,-42.305597]]],[[[145.013682,-40.668227],[145.031016,-40.67254],[145.046153,-40.683038],[145.058116,-40.696466],[145.065196,-40.709161],[145.037283,-40.709161],[145.01588,-40.694268],[144.982758,-40.699314],[144.927419,-40.723403],[144.92213,-40.723321],[144.914887,-40.721856],[144.906261,-40.721856],[144.896983,-40.726495],[144.89031,-40.728123],[144.882986,-40.724867],[144.876475,-40.719985],[144.872813,-40.715997],[144.871755,-40.671319],[144.86964,-40.664809],[144.917491,-40.623224],[144.930512,-40.61533],[144.937185,-40.625095],[144.944998,-40.639907],[144.962169,-40.647719],[144.977224,-40.650974],[144.996593,-40.664972],[145.013682,-40.668227]]],[[[148.114024,-40.524184],[148.131114,-40.513767],[148.171153,-40.507094],[148.186046,-40.500095],[148.25115,-40.489435],[148.245779,-40.498305],[148.235362,-40.510431],[148.230724,-40.517348],[148.22877,-40.529067],[148.229503,-40.540134],[148.226817,-40.548272],[148.213634,-40.551528],[148.209483,-40.562188],[148.205333,-40.582778],[148.194184,-40.596287],[148.168712,-40.585626],[148.161876,-40.570571],[148.145356,-40.566095],[148.128591,-40.565362],[148.12086,-40.5617],[148.118907,-40.558038],[148.109548,-40.544203],[148.107188,-40.537856],[148.105724,-40.53045],[148.104991,-40.530043],[148.107107,-40.530043],[148.114024,-40.524184]]],[[[144.790863,-40.421157],[144.792166,-40.427911],[144.790538,-40.50213],[144.78712,-40.509942],[144.765636,-40.524509],[144.764659,-40.584568],[144.742442,-40.592462],[144.732921,-40.577407],[144.729503,-40.56992],[144.72877,-40.513604],[144.725352,-40.505792],[144.710785,-40.495782],[144.708263,-40.489435],[144.715994,-40.476658],[144.730154,-40.475274],[144.746918,-40.47617],[144.76295,-40.469496],[144.767263,-40.460056],[144.77711,-40.410903],[144.779145,-40.405369],[144.783702,-40.408868],[144.790863,-40.421157]]],[[[144.900727,-40.469496],[144.874522,-40.467543],[144.85906,-40.456313],[144.846934,-40.441502],[144.831228,-40.427992],[144.839529,-40.425714],[144.85906,-40.423761],[144.866466,-40.421157],[144.873709,-40.415216],[144.881602,-40.405938],[144.884451,-40.397638],[144.87615,-40.393813],[144.873383,-40.391697],[144.879242,-40.386814],[144.88852,-40.381768],[144.896983,-40.379571],[144.920258,-40.380629],[144.930675,-40.382745],[144.941091,-40.386407],[144.96046,-40.397882],[144.960948,-40.407485],[144.953461,-40.419529],[144.948497,-40.437921],[144.952647,-40.448907],[144.950206,-40.453383],[144.927013,-40.455987],[144.917247,-40.458266],[144.908539,-40.46266],[144.900727,-40.469496]]],[[[148.429942,-40.373305],[148.468028,-40.415297],[148.484548,-40.427992],[148.476817,-40.438084],[148.468923,-40.440688],[148.461762,-40.437188],[148.456554,-40.427992],[148.452647,-40.432712],[148.444184,-40.4485],[148.425304,-40.455011],[148.422537,-40.455255],[148.410981,-40.468438],[148.407888,-40.476658],[148.408865,-40.489435],[148.389334,-40.481866],[148.370942,-40.484308],[148.354503,-40.492934],[148.340587,-40.503676],[148.340587,-40.469496],[148.327322,-40.435968],[148.295665,-40.434666],[148.230724,-40.462091],[148.224132,-40.451593],[148.21697,-40.445489],[148.208018,-40.44256],[148.196544,-40.441664],[148.189789,-40.443536],[148.180919,-40.452895],[148.176036,-40.455255],[148.168793,-40.454522],[148.1574,-40.44964],[148.151622,-40.4485],[148.082042,-40.454278],[148.058849,-40.4485],[148.050304,-40.443048],[148.039806,-40.431817],[148.032725,-40.427992],[148.011892,-40.428481],[148.002452,-40.426528],[147.998546,-40.417739],[148.002208,-40.392022],[148.013031,-40.378106],[148.074067,-40.35117],[148.09254,-40.346938],[148.138194,-40.345392],[148.160411,-40.347833],[148.17156,-40.35117],[148.194102,-40.365655],[148.203136,-40.358494],[148.210216,-40.338637],[148.25294,-40.336033],[148.28004,-40.331231],[148.292166,-40.321222],[148.297374,-40.319513],[148.319591,-40.307387],[148.323497,-40.304457],[148.337901,-40.305759],[148.345958,-40.309503],[148.391449,-40.356052],[148.400157,-40.361749],[148.420665,-40.368341],[148.429942,-40.373305]]],[[[148.014903,-40.150567],[148.017833,-40.137384],[148.012462,-40.119399],[148.002452,-40.102472],[147.991059,-40.092218],[147.971934,-40.089125],[147.958995,-40.091485],[147.951671,-40.086358],[147.949555,-40.061456],[147.941417,-40.045099],[147.922374,-40.03574],[147.900727,-40.031671],[147.88502,-40.030857],[147.885916,-40.024102],[147.90447,-39.99033],[147.90919,-39.97617],[147.906016,-39.962009],[147.891856,-39.932061],[147.888682,-39.917576],[147.88087,-39.894952],[147.862478,-39.895929],[147.826671,-39.914158],[147.807465,-39.91074],[147.75766,-39.879327],[147.773692,-39.869073],[147.795909,-39.847263],[147.812999,-39.838311],[147.853689,-39.827732],[147.863617,-39.81699],[147.854015,-39.797459],[147.862804,-39.794203],[147.881196,-39.783136],[147.8685,-39.769138],[147.863048,-39.761163],[147.860688,-39.752699],[147.865082,-39.742852],[147.875336,-39.745701],[147.886729,-39.752862],[147.894867,-39.756443],[147.910899,-39.749282],[147.953298,-39.711684],[148.141856,-39.899347],[148.148123,-39.91074],[148.167003,-39.935642],[148.210948,-39.951349],[148.299001,-39.961847],[148.292247,-39.984145],[148.292166,-40.061456],[148.283214,-40.081476],[148.240001,-40.107029],[148.223888,-40.126397],[148.245372,-40.132908],[148.267426,-40.127374],[148.286632,-40.114516],[148.299001,-40.099054],[148.308849,-40.113539],[148.319835,-40.135837],[148.333751,-40.174737],[148.332042,-40.192153],[148.321137,-40.190199],[148.292166,-40.167901],[148.286306,-40.189711],[148.303477,-40.201104],[148.323578,-40.209568],[148.326915,-40.222589],[148.307384,-40.237726],[148.288422,-40.231134],[148.269054,-40.216892],[148.247732,-40.208917],[148.225922,-40.204522],[148.214122,-40.204197],[148.20281,-40.208917],[148.197765,-40.218683],[148.192556,-40.24505],[148.186046,-40.250584],[148.167491,-40.255466],[148.146658,-40.264907],[148.124278,-40.270603],[148.074718,-40.255141],[148.049978,-40.240981],[148.039887,-40.222833],[148.058849,-40.202081],[148.028819,-40.178806],[148.014496,-40.164239],[148.014903,-40.150567]]],[[[144.105479,-39.892999],[144.112966,-39.902602],[144.122895,-39.90602],[144.132986,-39.908298],[144.140391,-39.914158],[144.144786,-39.926446],[144.144298,-39.936212],[144.141856,-39.945977],[144.138682,-39.981378],[144.135265,-39.99212],[144.129161,-39.996677],[144.120372,-40.000909],[144.117198,-40.011],[144.115896,-40.022393],[144.112478,-40.030857],[144.103038,-40.037042],[144.081716,-40.045343],[144.071462,-40.051202],[144.064301,-40.059177],[144.058116,-40.068048],[144.050792,-40.075372],[144.040375,-40.078546],[144.019054,-40.081638],[143.922537,-40.127374],[143.902843,-40.126153],[143.886485,-40.106541],[143.88087,-40.09238],[143.872244,-40.051202],[143.886485,-40.052179],[143.892426,-40.034763],[143.892751,-39.992852],[143.885997,-39.967869],[143.870128,-39.95672],[143.851899,-39.949151],[143.838145,-39.934503],[143.837169,-39.918634],[143.842947,-39.864435],[143.848318,-39.852634],[143.861339,-39.842543],[143.866547,-39.819431],[143.865977,-39.776951],[143.86378,-39.772149],[143.854259,-39.761326],[143.851736,-39.756443],[143.853526,-39.752618],[143.863455,-39.740981],[143.865977,-39.735284],[143.860118,-39.712172],[143.86199,-39.700616],[143.875662,-39.695571],[143.894786,-39.691502],[143.917247,-39.680841],[143.937022,-39.66725],[143.948009,-39.653985],[143.946462,-39.634373],[143.938162,-39.609308],[143.934093,-39.587986],[143.944591,-39.578871],[143.955577,-39.577732],[143.974376,-39.572524],[143.985525,-39.571466],[143.993175,-39.575128],[144.023692,-39.599379],[144.06544,-39.615004],[144.084158,-39.626153],[144.095063,-39.648696],[144.102224,-39.656183],[144.109223,-39.665785],[144.112478,-39.677911],[144.105479,-39.722263],[144.108165,-39.746026],[144.122732,-39.786879],[144.12615,-39.807712],[144.121593,-39.828871],[144.104991,-39.872491],[144.105479,-39.892999]]],[[[146.626801,-38.755955],[146.634532,-38.753188],[146.642589,-38.752537],[146.651378,-38.753513],[146.660899,-38.755955],[146.657563,-38.764418],[146.652029,-38.768813],[146.644054,-38.770278],[146.582774,-38.769464],[146.57602,-38.773207],[146.566173,-38.790785],[146.558442,-38.796808],[146.53891,-38.797052],[146.516124,-38.789483],[146.49464,-38.778009],[146.479747,-38.766209],[146.471365,-38.747247],[146.489757,-38.745701],[146.534679,-38.755955],[146.580577,-38.747817],[146.602306,-38.74684],[146.626801,-38.755955]]],[[[145.335216,-38.509454],[145.343435,-38.510512],[145.344412,-38.51336],[145.343272,-38.517755],[145.345714,-38.523126],[145.354503,-38.534438],[145.361013,-38.548517],[145.361339,-38.561782],[145.35255,-38.570977],[145.352306,-38.566502],[145.350597,-38.563572],[145.348318,-38.560805],[145.345714,-38.557224],[145.319591,-38.539321],[145.292817,-38.525649],[145.263682,-38.51922],[145.229015,-38.523126],[145.220388,-38.530043],[145.213145,-38.534601],[145.20574,-38.536798],[145.198009,-38.534763],[145.181651,-38.525486],[145.175059,-38.523126],[145.15919,-38.523858],[145.129731,-38.53045],[145.112966,-38.530532],[145.120616,-38.519627],[145.154552,-38.495212],[145.175792,-38.475518],[145.187673,-38.466974],[145.202403,-38.461114],[145.264415,-38.455499],[145.273204,-38.453709],[145.279307,-38.451593],[145.286306,-38.45143],[145.297862,-38.455499],[145.304698,-38.459161],[145.313162,-38.465753],[145.31837,-38.46852],[145.308279,-38.47381],[145.30421,-38.475274],[145.312999,-38.490492],[145.31837,-38.495212],[145.314952,-38.503676],[145.317393,-38.507908],[145.324474,-38.509373],[145.335216,-38.509454]]],[[[145.441905,-38.316502],[145.454356,-38.32171],[145.463145,-38.328546],[145.494395,-38.365167],[145.48878,-38.369073],[145.468598,-38.372817],[145.427013,-38.374933],[145.414073,-38.379083],[145.376638,-38.41546],[145.353282,-38.428399],[145.324555,-38.420668],[145.315766,-38.414321],[145.283702,-38.402602],[145.282481,-38.390558],[145.279796,-38.379327],[145.27003,-38.358657],[145.297862,-38.324477],[145.292979,-38.317804],[145.290212,-38.310154],[145.29127,-38.302667],[145.297862,-38.296563],[145.306895,-38.295343],[145.313243,-38.2999],[145.318614,-38.306329],[145.324555,-38.310805],[145.364106,-38.323419],[145.379893,-38.324477],[145.425059,-38.315037],[145.441905,-38.316502]]],[[[138.129649,-35.816339],[138.123546,-35.830987],[138.128184,-35.84881],[138.125824,-35.863946],[138.098888,-35.870294],[138.086762,-35.877374],[138.059825,-35.909763],[138.047699,-35.918634],[138.026703,-35.919122],[138.003754,-35.913507],[137.983165,-35.904474],[137.950531,-35.880792],[137.932465,-35.875258],[137.912934,-35.875258],[137.889985,-35.877699],[137.874278,-35.876886],[137.844981,-35.866632],[137.821788,-35.864028],[137.79713,-35.864841],[137.756684,-35.871515],[137.67335,-35.902032],[137.628754,-35.910333],[137.613292,-35.924249],[137.606944,-35.943943],[137.608897,-35.966485],[137.611827,-35.972101],[137.616466,-35.976983],[137.620616,-35.98268],[137.622569,-35.990818],[137.620372,-36.000095],[137.615733,-36.007582],[137.611095,-36.013604],[137.608897,-36.017999],[137.602306,-36.025811],[137.55421,-36.035333],[137.493175,-36.070408],[137.459239,-36.082696],[137.444998,-36.069513],[137.415863,-36.055434],[137.371104,-36.010837],[137.338552,-36.001235],[137.290294,-35.998793],[137.2435,-35.983087],[137.227875,-35.97975],[137.211681,-35.980157],[137.187999,-35.993097],[137.181,-36.014093],[137.171235,-36.033624],[137.139903,-36.04225],[137.124278,-36.040134],[137.092133,-36.030694],[137.074474,-36.028497],[137.0442,-36.034601],[137.030284,-36.03338],[137.019786,-36.021742],[136.951915,-36.046075],[136.920421,-36.049493],[136.889415,-36.04225],[136.869477,-36.030532],[136.862153,-36.028497],[136.850759,-36.03045],[136.833263,-36.039972],[136.824718,-36.04225],[136.802908,-36.041192],[136.791352,-36.041925],[136.783376,-36.045668],[136.771821,-36.056085],[136.765147,-36.057224],[136.758474,-36.054946],[136.746104,-36.055841],[136.728526,-36.060805],[136.715587,-36.062758],[136.707286,-36.056899],[136.7046,-36.038751],[136.698741,-36.026544],[136.685232,-36.007013],[136.656749,-35.973891],[136.642914,-35.96852],[136.605479,-35.963149],[136.591319,-35.956638],[136.532563,-35.911879],[136.536876,-35.902114],[136.537364,-35.882257],[136.54005,-35.870294],[136.544607,-35.86533],[136.551524,-35.861423],[136.557628,-35.854262],[136.562022,-35.829522],[136.566254,-35.820571],[136.571788,-35.812758],[136.577891,-35.806329],[136.582367,-35.79697],[136.578949,-35.77752],[136.581554,-35.768487],[136.59783,-35.757501],[136.621104,-35.751235],[136.691254,-35.746026],[136.738617,-35.726821],[136.768077,-35.724298],[136.780284,-35.720798],[136.795746,-35.711684],[136.805186,-35.70794],[137.074474,-35.671645],[137.093923,-35.665704],[137.143891,-35.644301],[137.279959,-35.616957],[137.292979,-35.609145],[137.305024,-35.597752],[137.318207,-35.587335],[137.335134,-35.58294],[137.352224,-35.585626],[137.435883,-35.61061],[137.444998,-35.610935],[137.453787,-35.608087],[137.472341,-35.596612],[137.489757,-35.596124],[137.516124,-35.598321],[137.533051,-35.596612],[137.568858,-35.585545],[137.586762,-35.583591],[137.602061,-35.590427],[137.622895,-35.582127],[137.634288,-35.590509],[137.633637,-35.603774],[137.619395,-35.610935],[137.597992,-35.617283],[137.583344,-35.63128],[137.581554,-35.64544],[137.598643,-35.651788],[137.632823,-35.651788],[137.647146,-35.654067],[137.647716,-35.659438],[137.624034,-35.68727],[137.580821,-35.726821],[137.601817,-35.74391],[137.62379,-35.744561],[137.646007,-35.742364],[137.686046,-35.757501],[137.711599,-35.75628],[137.752778,-35.747979],[137.764903,-35.743585],[137.772227,-35.739435],[137.778494,-35.739516],[137.786957,-35.747979],[137.791759,-35.757257],[137.79127,-35.764581],[137.788585,-35.772882],[137.786957,-35.785252],[137.794444,-35.804783],[137.812755,-35.811456],[137.835297,-35.809259],[137.855968,-35.802667],[137.871349,-35.793064],[137.884451,-35.779229],[137.893403,-35.762465],[137.896821,-35.744317],[137.908539,-35.729099],[137.935557,-35.726495],[137.965587,-35.730239],[138.006847,-35.740411],[138.048106,-35.757501],[138.064708,-35.761],[138.066905,-35.76629],[138.074392,-35.799249],[138.080333,-35.809259],[138.094005,-35.81463],[138.110118,-35.816502],[138.129649,-35.816339]]],[[[136.447276,-35.148126],[136.462901,-35.139744],[136.476329,-35.144708],[136.487966,-35.157403],[136.498546,-35.172052],[136.492198,-35.178888],[136.484874,-35.172052],[136.464203,-35.17254],[136.44752,-35.169366],[136.439952,-35.161716],[136.447276,-35.148126]]],[[[136.173595,-35.011326],[136.185069,-35.021173],[136.193614,-35.025811],[136.199718,-35.03281],[136.204845,-35.049086],[136.206554,-35.061212],[136.205903,-35.071384],[136.201345,-35.075372],[136.190603,-35.069594],[136.16212,-35.065525],[136.152843,-35.048517],[136.150564,-35.024672],[136.142833,-35.000665],[136.099294,-34.968194],[136.086111,-34.948175],[136.111664,-34.939223],[136.126964,-34.948419],[136.173595,-35.011326]]],[[[137.369151,-34.472426],[137.37379,-34.498224],[137.367198,-34.524102],[137.354828,-34.538018],[137.34197,-34.527765],[137.336192,-34.515313],[137.344086,-34.500746],[137.369151,-34.472426]]],[[[134.546397,-33.712172],[134.550629,-33.733657],[134.543468,-33.740167],[134.528819,-33.741306],[134.511567,-33.74627],[134.490489,-33.775649],[134.479015,-33.783624],[134.471365,-33.766778],[134.482595,-33.73797],[134.484386,-33.729587],[134.484548,-33.716485],[134.486339,-33.711684],[134.499278,-33.705336],[134.526703,-33.699477],[134.528982,-33.6985],[134.539561,-33.696466],[134.542003,-33.699965],[134.546397,-33.712172]]],[[[133.565684,-32.321222],[133.541515,-32.312595],[133.543793,-32.29461],[133.560395,-32.274591],[133.579356,-32.259698],[133.597992,-32.251153],[133.623302,-32.24391],[133.650645,-32.239435],[133.675548,-32.239353],[133.675548,-32.245375],[133.620372,-32.259698],[133.629161,-32.275323],[133.633962,-32.280206],[133.622569,-32.285089],[133.616222,-32.294366],[133.612641,-32.303399],[133.610118,-32.30755],[133.59783,-32.308852],[133.565684,-32.321222]]],[[[159.044444,-31.51922],[159.068858,-31.520929],[159.083344,-31.534845],[159.093761,-31.552992],[159.106456,-31.567641],[159.098399,-31.579278],[159.08961,-31.589044],[159.078868,-31.593357],[159.064789,-31.588149],[159.080089,-31.576267],[159.083018,-31.558364],[159.075206,-31.539809],[159.057953,-31.526056],[159.051768,-31.533461],[159.047048,-31.526544],[159.044444,-31.51922]]],[[[153.487315,-27.415216],[153.50115,-27.417657],[153.548839,-27.415216],[153.527517,-27.455662],[153.508556,-27.504083],[153.455903,-27.720798],[153.450694,-27.723077],[153.435557,-27.723077],[153.421723,-27.72503],[153.411306,-27.727634],[153.403331,-27.726251],[153.391368,-27.701837],[153.392263,-27.687758],[153.39796,-27.657892],[153.400076,-27.654555],[153.404796,-27.650567],[153.409434,-27.645115],[153.411469,-27.63714],[153.409679,-27.628351],[153.400645,-27.615004],[153.39796,-27.606378],[153.399425,-27.59238],[153.40919,-27.562107],[153.411469,-27.548028],[153.409434,-27.531915],[153.39796,-27.493097],[153.402517,-27.478204],[153.424327,-27.450453],[153.43214,-27.435724],[153.432384,-27.406427],[153.434093,-27.392999],[153.442393,-27.387302],[153.458507,-27.390883],[153.469086,-27.399184],[153.477306,-27.408461],[153.487315,-27.415216]]],[[[153.411469,-27.339532],[153.41212,-27.322686],[153.406586,-27.295017],[153.397472,-27.269138],[153.38738,-27.257582],[153.376475,-27.247817],[153.369477,-27.225518],[153.36378,-27.163344],[153.369965,-27.102716],[153.365977,-27.080499],[153.360525,-27.066013],[153.363129,-27.055271],[153.383637,-27.044122],[153.418305,-27.037856],[153.439626,-27.022556],[153.451345,-27.017022],[153.462738,-27.020603],[153.469005,-27.037042],[153.466075,-27.060154],[153.425792,-27.180434],[153.418224,-27.222833],[153.418305,-27.271254],[153.421153,-27.283136],[153.430186,-27.308689],[153.43214,-27.322442],[153.431651,-27.339044],[153.42921,-27.354425],[153.423025,-27.358168],[153.411469,-27.339532]]],[[[113.216645,-26.068048],[113.22462,-26.085382],[113.225108,-26.108331],[113.219005,-26.128839],[113.207042,-26.139744],[113.196137,-26.136],[113.177257,-26.125584],[113.170685,-26.092617],[113.155699,-26.054059],[113.13559,-26.033461],[113.127696,-26.023696],[113.082698,-25.965498],[113.046153,-25.940037],[113.012426,-25.845132],[112.964529,-25.794041],[112.953868,-25.773045],[112.962901,-25.763604],[112.963552,-25.75449],[112.954791,-25.697521],[112.919599,-25.631555],[112.919849,-25.577111],[112.922459,-25.558975],[112.919444,-25.523614],[112.931814,-25.507013],[112.946056,-25.491876],[112.959483,-25.482517],[112.969005,-25.494317],[112.983653,-25.493097],[112.998383,-25.489923],[113.007823,-25.496189],[113.006521,-25.504571],[113.006182,-25.53165],[113.006064,-25.552923],[113.020011,-25.589135],[113.043379,-25.629647],[113.050181,-25.680762],[113.05128,-25.716974],[113.071084,-25.746848],[113.089763,-25.795819],[113.117854,-25.847127],[113.137543,-25.885919],[113.115245,-25.937758],[113.115571,-25.963311],[113.14503,-25.969008],[113.140391,-25.962579],[113.134776,-25.952244],[113.131358,-25.947931],[113.144705,-25.946222],[113.15504,-25.958673],[113.164561,-25.976983],[113.175792,-25.992771],[113.183279,-26.000909],[113.196056,-26.018976],[113.20338,-26.027032],[113.208995,-26.036554],[113.212169,-26.059177],[113.216645,-26.068048]]],[[[152.962413,-25.269627],[152.993663,-25.303969],[153.006358,-25.327732],[152.993907,-25.338474],[152.963715,-25.299086],[152.953624,-25.278497],[152.962413,-25.269627]]],[[[113.055675,-25.262791],[113.05128,-25.239679],[113.075857,-25.169854],[113.083018,-25.136651],[113.079112,-25.062433],[113.08839,-25.029067],[113.117686,-25.009454],[113.110606,-25.044692],[113.110118,-25.063084],[113.114268,-25.070977],[113.105479,-25.079848],[113.103038,-25.100763],[113.103363,-25.140395],[113.097667,-25.156508],[113.079845,-25.190525],[113.076182,-25.205011],[113.076671,-25.242283],[113.074718,-25.260186],[113.069347,-25.276462],[113.063162,-25.276462],[113.057384,-25.267267],[113.055675,-25.262791]]],[[[113.151866,-24.926935],[113.129568,-24.956231],[113.120942,-24.974054],[113.117686,-24.995212],[113.117686,-24.985772],[113.116466,-24.977146],[113.114268,-24.968927],[113.11085,-24.961114],[113.132823,-24.802341],[113.151866,-24.755629],[113.15919,-24.775649],[113.158458,-24.80169],[113.134939,-24.892022],[113.135997,-24.917169],[113.151866,-24.926935]]],[[[153.369965,-24.989028],[153.373546,-25.011814],[153.365733,-25.029555],[153.354828,-25.045343],[153.349457,-25.060968],[153.34547,-25.081638],[153.267426,-25.255548],[153.160655,-25.463149],[153.083507,-25.665785],[153.085704,-25.691339],[153.101736,-25.721856],[153.099864,-25.757745],[153.083263,-25.786879],[153.055349,-25.797133],[153.016287,-25.754002],[152.99936,-25.728611],[152.997325,-25.712091],[153.002208,-25.693048],[152.984223,-25.645766],[152.986501,-25.619561],[152.958263,-25.611749],[152.9463,-25.58294],[152.948253,-25.552179],[152.962413,-25.537693],[152.98585,-25.525079],[152.994151,-25.495701],[153.000743,-25.434015],[153.008556,-25.421645],[153.018077,-25.413344],[153.027517,-25.406834],[153.034841,-25.399835],[153.050059,-25.366388],[153.05836,-25.355157],[153.068533,-25.329034],[153.056163,-25.273207],[153.068858,-25.248468],[153.062266,-25.237237],[153.054454,-25.233494],[153.045421,-25.232192],[153.021821,-25.223403],[153.015961,-25.223321],[153.014415,-25.221612],[153.014415,-25.211521],[153.021332,-25.198175],[153.038341,-25.183526],[153.14796,-25.11419],[153.178722,-25.087498],[153.205577,-25.057306],[153.226085,-25.02752],[153.242524,-24.993259],[153.249197,-24.954848],[153.239594,-24.913263],[153.222341,-24.881524],[153.194102,-24.840753],[153.163259,-24.812433],[153.137218,-24.817071],[153.195567,-24.748712],[153.205089,-24.745212],[153.233409,-24.721449],[153.272472,-24.699884],[153.281261,-24.693536],[153.286143,-24.736505],[153.281261,-24.858575],[153.284923,-24.876642],[153.302257,-24.929457],[153.31186,-24.940606],[153.3213,-24.946384],[153.358897,-24.976007],[153.369965,-24.989028]]],[[[151.372325,-23.820245],[151.383067,-23.840102],[151.388357,-23.864435],[151.383067,-23.879571],[151.362641,-23.871759],[151.35963,-23.847833],[151.352061,-23.832452],[151.328624,-23.802911],[151.322602,-23.771905],[151.321056,-23.768731],[151.326345,-23.757257],[151.333263,-23.750177],[151.339529,-23.751397],[151.344737,-23.782403],[151.351817,-23.796482],[151.372325,-23.820245]]],[[[151.269867,-23.666274],[151.287771,-23.679132],[151.296153,-23.707289],[151.298513,-23.735447],[151.297618,-23.748224],[151.291026,-23.749933],[151.286794,-23.754002],[151.281423,-23.761895],[151.277354,-23.766046],[151.27589,-23.768976],[151.273611,-23.772068],[151.266449,-23.776137],[151.263357,-23.77516],[151.229828,-23.777276],[151.221853,-23.779474],[151.213878,-23.77809],[151.205089,-23.768731],[151.194184,-23.754164],[151.180512,-23.742852],[151.168956,-23.729913],[151.15919,-23.693617],[151.147309,-23.675226],[151.105235,-23.628025],[151.078868,-23.608657],[151.067882,-23.598077],[151.05421,-23.578709],[151.021066,-23.535603],[150.997871,-23.506673],[150.979607,-23.487386],[151.016074,-23.474482],[151.022381,-23.469327],[151.022371,-23.461606],[151.018151,-23.453246],[151.027517,-23.444513],[151.036876,-23.45086],[151.04363,-23.453546],[151.052257,-23.451837],[151.06186,-23.448907],[151.0713,-23.447198],[151.077973,-23.450779],[151.079112,-23.45908],[151.078868,-23.468357],[151.081554,-23.474542],[151.099294,-23.479913],[151.141856,-23.487888],[151.150401,-23.498712],[151.160655,-23.503839],[151.180186,-23.507257],[151.191417,-23.513849],[151.177013,-23.529067],[151.195079,-23.533868],[151.210704,-23.520685],[151.224946,-23.50156],[151.239106,-23.488865],[151.23878,-23.51629],[151.227061,-23.561456],[151.225597,-23.583754],[151.22934,-23.607517],[151.237804,-23.634535],[151.251231,-23.656996],[151.269867,-23.666274]]],[[[149.727794,-22.340509],[149.736176,-22.339044],[149.746755,-22.346856],[149.766287,-22.364679],[149.75587,-22.368748],[149.753754,-22.37656],[149.754405,-22.386895],[149.751964,-22.398858],[149.731212,-22.428155],[149.724783,-22.439874],[149.71339,-22.429295],[149.710297,-22.425551],[149.715587,-22.415216],[149.71811,-22.404474],[149.716807,-22.394301],[149.710297,-22.385186],[149.717052,-22.3742],[149.722504,-22.350763],[149.727794,-22.340509]]],[[[150.536632,-22.275323],[150.544281,-22.277439],[150.552501,-22.282322],[150.558604,-22.288995],[150.560802,-22.295831],[150.555837,-22.306329],[150.54656,-22.312433],[150.537446,-22.316339],[150.533458,-22.319757],[150.531423,-22.328302],[150.526378,-22.335056],[150.519786,-22.340509],[150.51295,-22.344334],[150.495372,-22.350844],[150.48227,-22.344985],[150.47934,-22.331964],[150.491873,-22.316339],[150.476248,-22.304946],[150.471365,-22.302667],[150.467784,-22.306248],[150.466075,-22.307224],[150.463715,-22.307794],[150.457774,-22.310154],[150.466563,-22.293715],[150.482595,-22.274591],[150.493663,-22.25506],[150.488455,-22.237481],[150.480479,-22.229587],[150.475841,-22.221938],[150.478363,-22.216241],[150.491873,-22.213962],[150.504568,-22.216729],[150.511404,-22.224216],[150.515961,-22.234145],[150.522634,-22.244317],[150.526378,-22.253106],[150.527599,-22.26336],[150.529796,-22.271742],[150.536632,-22.275323]]],[[[149.916515,-22.041925],[149.91033,-22.075128],[149.909679,-22.086602],[149.912852,-22.101332],[149.927013,-22.121026],[149.930024,-22.134454],[149.928233,-22.160089],[149.92156,-22.190688],[149.908702,-22.216404],[149.88852,-22.226821],[149.877615,-22.219985],[149.877452,-22.212579],[149.881358,-22.20379],[149.882335,-22.192804],[149.878917,-22.186212],[149.874034,-22.181899],[149.869884,-22.175551],[149.868012,-22.162367],[149.869395,-22.142267],[149.874034,-22.118585],[149.882823,-22.096938],[149.896007,-22.08294],[149.889659,-22.073175],[149.893565,-22.06113],[149.903819,-22.049574],[149.916515,-22.041925]]],[[[150.293224,-21.740899],[150.317719,-21.734063],[150.3296,-21.73447],[150.341075,-21.740899],[150.368907,-21.726739],[150.358897,-21.742934],[150.351736,-21.760675],[150.342784,-21.771742],[150.327403,-21.768813],[150.293224,-21.747735],[150.293224,-21.740899]]],[[[150.300059,-21.678888],[150.298106,-21.67669],[150.297618,-21.675388],[150.296641,-21.674086],[150.293224,-21.672052],[150.290538,-21.681085],[150.286143,-21.684259],[150.280447,-21.683282],[150.272716,-21.678888],[150.264822,-21.670668],[150.257498,-21.66839],[150.250987,-21.671075],[150.246104,-21.678888],[150.241954,-21.670668],[150.241954,-21.663507],[150.245372,-21.657159],[150.251638,-21.651544],[150.24879,-21.64422],[150.247569,-21.638116],[150.246104,-21.62363],[150.251638,-21.62363],[150.26531,-21.638442],[150.288422,-21.648533],[150.305349,-21.659763],[150.300059,-21.678888]]],[[[115.464529,-20.730157],[115.47047,-20.746189],[115.463064,-20.763849],[115.440278,-20.794366],[115.43922,-20.802341],[115.439952,-20.811456],[115.438487,-20.819024],[115.430431,-20.822361],[115.426768,-20.824884],[115.415375,-20.836196],[115.413097,-20.839451],[115.408051,-20.853692],[115.395763,-20.863702],[115.365245,-20.876886],[115.359386,-20.864516],[115.347504,-20.854425],[115.335704,-20.849705],[115.330414,-20.853123],[115.326915,-20.865899],[115.318126,-20.872735],[115.306977,-20.870538],[115.296397,-20.856541],[115.302419,-20.843194],[115.310557,-20.801853],[115.3296,-20.77337],[115.399425,-20.69378],[115.428966,-20.669122],[115.451182,-20.66839],[115.456716,-20.682224],[115.457042,-20.715997],[115.464529,-20.730157]]],[[[149.094086,-20.418227],[149.094981,-20.438735],[149.098399,-20.45322],[149.104991,-20.465509],[149.115082,-20.479669],[149.092621,-20.486098],[149.081798,-20.500177],[149.072113,-20.516209],[149.053071,-20.52809],[149.048676,-20.524184],[149.043142,-20.517511],[149.039317,-20.509454],[149.039399,-20.500746],[149.045177,-20.494236],[149.061778,-20.494399],[149.070567,-20.489923],[149.081798,-20.472263],[149.085948,-20.455011],[149.088145,-20.437595],[149.094086,-20.418227]]],[[[149.067393,-20.315199],[149.059093,-20.309666],[149.052257,-20.303481],[149.039399,-20.287286],[149.026134,-20.319268],[149.018891,-20.328871],[149.003754,-20.311619],[148.991059,-20.315118],[148.980642,-20.323826],[148.971202,-20.321466],[148.971202,-20.28102],[148.953461,-20.292413],[148.947032,-20.294122],[148.939952,-20.293878],[148.931163,-20.292169],[148.927013,-20.287286],[148.933279,-20.277602],[148.964041,-20.250584],[148.968923,-20.237726],[148.950043,-20.23268],[148.958832,-20.211521],[148.963145,-20.186619],[148.969493,-20.164483],[148.984874,-20.151462],[148.988048,-20.165297],[149.002126,-20.190199],[149.005219,-20.202244],[149.00408,-20.229262],[149.010753,-20.236912],[149.029552,-20.239435],[149.029633,-20.24505],[149.046235,-20.274184],[149.067149,-20.289239],[149.073416,-20.299981],[149.067393,-20.315199]]],[[[148.95753,-20.143813],[148.952973,-20.150486],[148.92335,-20.178643],[148.927094,-20.157892],[148.925141,-20.151462],[148.92213,-20.152765],[148.915863,-20.157485],[148.914806,-20.155857],[148.914887,-20.153497],[148.91391,-20.151544],[148.909028,-20.151462],[148.902192,-20.164972],[148.894379,-20.160252],[148.888438,-20.154392],[148.884288,-20.146905],[148.881847,-20.137628],[148.88795,-20.12184],[148.915863,-20.089288],[148.912771,-20.086602],[148.908539,-20.081638],[148.906505,-20.075372],[148.909028,-20.06878],[148.920177,-20.060805],[148.926117,-20.062921],[148.930675,-20.067966],[148.937022,-20.06878],[148.948009,-20.063735],[148.954438,-20.058852],[148.958832,-20.052016],[148.963715,-20.041599],[148.980235,-20.056899],[148.971202,-20.076755],[148.953461,-20.096856],[148.943858,-20.113458],[148.9463,-20.120294],[148.956065,-20.13421],[148.95753,-20.143813]]],[[[148.45045,-19.965753],[148.474294,-19.983087],[148.480968,-20.004571],[148.477306,-20.027114],[148.470225,-20.047621],[148.465343,-20.04339],[148.460948,-20.042413],[148.456228,-20.042576],[148.45045,-20.041599],[148.45102,-20.010349],[148.449392,-19.996189],[148.444184,-19.986261],[148.45045,-19.965753]]],[[[146.860199,-19.115981],[146.863943,-19.105157],[146.868663,-19.102309],[146.872813,-19.107354],[146.874522,-19.119399],[146.873709,-19.142999],[146.871349,-19.153578],[146.867035,-19.163832],[146.856456,-19.1513],[146.820079,-19.175063],[146.798676,-19.163832],[146.793712,-19.150649],[146.785492,-19.14072],[146.780284,-19.132013],[146.785004,-19.122817],[146.79835,-19.117446],[146.810883,-19.118422],[146.822439,-19.116469],[146.832856,-19.102309],[146.837738,-19.107029],[146.844086,-19.110284],[146.860199,-19.115981]]],[[[146.319021,-18.382989],[146.325938,-18.391371],[146.347423,-18.404392],[146.353038,-18.410333],[146.353282,-18.421645],[146.347016,-18.426202],[146.338715,-18.427992],[146.333263,-18.43141],[146.320323,-18.464776],[146.310802,-18.478692],[146.291677,-18.492852],[146.275401,-18.483168],[146.239513,-18.474867],[146.223399,-18.465509],[146.21461,-18.441827],[146.205089,-18.390313],[146.199229,-18.375258],[146.172374,-18.334731],[146.162608,-18.325291],[146.120372,-18.299249],[146.108246,-18.289239],[146.098888,-18.27809],[146.093028,-18.26629],[146.097341,-18.245212],[146.121837,-18.245538],[146.175059,-18.26629],[146.217459,-18.277927],[146.223399,-18.260837],[146.218923,-18.229181],[146.229503,-18.198012],[146.235362,-18.22324],[146.248546,-18.232599],[146.288259,-18.23211],[146.302094,-18.237237],[146.297699,-18.250421],[146.285899,-18.268243],[146.278087,-18.287367],[146.278331,-18.307387],[146.28419,-18.322849],[146.308767,-18.351983],[146.316417,-18.35589],[146.333995,-18.357599],[146.339366,-18.361912],[146.341563,-18.373142],[146.337901,-18.380304],[146.329845,-18.383559],[146.319021,-18.382989]]],[[[139.562185,-17.039239],[139.554047,-17.054457],[139.559825,-17.066176],[139.570323,-17.074802],[139.575857,-17.080824],[139.569347,-17.100356],[139.554535,-17.10711],[139.520681,-17.108087],[139.514496,-17.111912],[139.510916,-17.117446],[139.505382,-17.12184],[139.493907,-17.121759],[139.485362,-17.117283],[139.482432,-17.11061],[139.4817,-17.104425],[139.480235,-17.101251],[139.462657,-17.100763],[139.445567,-17.107517],[139.43393,-17.121515],[139.432384,-17.142836],[139.425059,-17.142836],[139.425059,-17.138116],[139.423513,-17.135186],[139.420909,-17.132745],[139.418224,-17.129164],[139.403982,-17.100681],[139.409679,-17.088556],[139.427419,-17.080336],[139.449229,-17.063409],[139.47283,-17.025567],[139.489513,-17.010431],[139.49464,-17.001072],[139.493907,-16.985121],[139.508556,-16.992771],[139.548839,-17.022556],[139.562185,-17.039239]]],[[[139.089203,-16.827569],[139.1067,-16.820245],[139.133311,-16.812921],[139.15504,-16.812921],[139.158051,-16.827569],[139.148448,-16.834649],[139.121918,-16.836358],[139.116466,-16.844659],[139.113943,-16.857354],[139.107677,-16.862481],[139.101085,-16.85947],[139.09669,-16.848077],[139.096039,-16.840265],[139.09669,-16.834242],[139.09547,-16.830011],[139.089203,-16.827569]]],[[[139.734141,-16.443292],[139.739513,-16.454685],[139.740001,-16.473321],[139.737315,-16.492446],[139.734141,-16.505466],[139.730968,-16.500095],[139.722423,-16.489841],[139.719086,-16.484308],[139.708669,-16.495375],[139.707286,-16.503839],[139.710216,-16.511977],[139.71225,-16.521905],[139.707693,-16.526462],[139.697276,-16.524509],[139.678233,-16.517836],[139.656505,-16.519952],[139.636078,-16.526625],[139.619965,-16.537856],[139.610525,-16.553155],[139.600434,-16.54046],[139.580333,-16.505304],[139.572765,-16.497979],[139.569835,-16.494399],[139.56129,-16.487481],[139.552501,-16.483331],[139.548513,-16.487726],[139.545665,-16.49212],[139.528087,-16.512302],[139.519054,-16.513767],[139.494151,-16.514744],[139.487071,-16.517836],[139.48585,-16.528416],[139.494395,-16.535089],[139.506847,-16.53867],[139.517833,-16.539646],[139.526866,-16.545343],[139.524669,-16.556899],[139.515391,-16.565851],[139.50408,-16.563572],[139.493175,-16.555597],[139.482921,-16.553643],[139.473643,-16.557387],[139.466563,-16.56699],[139.472667,-16.597914],[139.47283,-16.607843],[139.468598,-16.615411],[139.456228,-16.63242],[139.455333,-16.635837],[139.458751,-16.641046],[139.453868,-16.652927],[139.444672,-16.664646],[139.435557,-16.669854],[139.425059,-16.66546],[139.409679,-16.646173],[139.397716,-16.642022],[139.385509,-16.650974],[139.371837,-16.688653],[139.359711,-16.697198],[139.341319,-16.700616],[139.318614,-16.717543],[139.302094,-16.724542],[139.237559,-16.724867],[139.226329,-16.721124],[139.220225,-16.709893],[139.190115,-16.671645],[139.177989,-16.662367],[139.184255,-16.683201],[139.185883,-16.711602],[139.181977,-16.73268],[139.171153,-16.731378],[139.163259,-16.745294],[139.153005,-16.755955],[139.144867,-16.756036],[139.142263,-16.727309],[139.136729,-16.707208],[139.136974,-16.697198],[139.141287,-16.690199],[139.148285,-16.682224],[139.15504,-16.672296],[139.158051,-16.658949],[139.159516,-16.635675],[139.164317,-16.616306],[139.172618,-16.600356],[139.184825,-16.587335],[139.208751,-16.569106],[139.216156,-16.556573],[139.218923,-16.535821],[139.221853,-16.525567],[139.22934,-16.518243],[139.239431,-16.513767],[139.250255,-16.512302],[139.258311,-16.506931],[139.278494,-16.480239],[139.287852,-16.470636],[139.308279,-16.461196],[139.329438,-16.457615],[139.373057,-16.457696],[139.487559,-16.433526],[139.546072,-16.402276],[139.582693,-16.395603],[139.60377,-16.39837],[139.613292,-16.405857],[139.619802,-16.416681],[139.630544,-16.429783],[139.644054,-16.437758],[139.660411,-16.441827],[139.699392,-16.443292],[139.697276,-16.447686],[139.693858,-16.459405],[139.691905,-16.4638],[139.710134,-16.468845],[139.717947,-16.457696],[139.723155,-16.444513],[139.734141,-16.443292]]],[[[136.670421,-15.663181],[136.675955,-15.678969],[136.690115,-15.686944],[136.704763,-15.693048],[136.711925,-15.703546],[136.707693,-15.719659],[136.695486,-15.739923],[136.663585,-15.778578],[136.656749,-15.771173],[136.642914,-15.762384],[136.629731,-15.749119],[136.61964,-15.732599],[136.615733,-15.714044],[136.621837,-15.69256],[136.636567,-15.682306],[136.654552,-15.675226],[136.670421,-15.663181]]],[[[136.800629,-15.642022],[136.815766,-15.652927],[136.830251,-15.668227],[136.834972,-15.682387],[136.8213,-15.689874],[136.81186,-15.687107],[136.803071,-15.672133],[136.793793,-15.669366],[136.78004,-15.672947],[136.778575,-15.679783],[136.788585,-15.702569],[136.791759,-15.705987],[136.7942,-15.710056],[136.793793,-15.717055],[136.790782,-15.722263],[136.78533,-15.725844],[136.773448,-15.731378],[136.752452,-15.745782],[136.741466,-15.749444],[136.731781,-15.744399],[136.734141,-15.720798],[136.740896,-15.698826],[136.742931,-15.675877],[136.731781,-15.648858],[136.748057,-15.646254],[136.783539,-15.648696],[136.800629,-15.642022]]],[[[137.077891,-15.751235],[137.079509,-15.758744],[137.087285,-15.762779],[137.094412,-15.766046],[137.106379,-15.774224],[137.100182,-15.803421],[137.090403,-15.821781],[137.072894,-15.846961],[137.043909,-15.834202],[137.042166,-15.817804],[137.038585,-15.80641],[137.033376,-15.796563],[137.023204,-15.79225],[137.007498,-15.791192],[137.000336,-15.787042],[136.98585,-15.750258],[136.984141,-15.742608],[136.985118,-15.720636],[136.981619,-15.712009],[136.973318,-15.711114],[136.964122,-15.712579],[136.957774,-15.71087],[136.951508,-15.71087],[136.948179,-15.729424],[136.945352,-15.728755],[136.9397,-15.728096],[136.934725,-15.721324],[136.938324,-15.699884],[136.938324,-15.682875],[136.943044,-15.667657],[136.951508,-15.655694],[136.963969,-15.640429],[136.975271,-15.65602],[136.983165,-15.664321],[136.988766,-15.660717],[136.981575,-15.634258],[136.992138,-15.630827],[136.999813,-15.615178],[136.994756,-15.592776],[137.004731,-15.593683],[137.015961,-15.593357],[137.023692,-15.602634],[137.027381,-15.627982],[137.047176,-15.638769],[137.057698,-15.62922],[137.065447,-15.628509],[137.066954,-15.646834],[137.083193,-15.652196],[137.081966,-15.686818],[137.081466,-15.726175],[137.082245,-15.741772],[137.077891,-15.751235]]],[[[136.615733,-15.538995],[136.602306,-15.563653],[136.600352,-15.611586],[136.587901,-15.635186],[136.576671,-15.631117],[136.55836,-15.633884],[136.546886,-15.627699],[136.541026,-15.635186],[136.534923,-15.63893],[136.519542,-15.642022],[136.514171,-15.639744],[136.509288,-15.636814],[136.498546,-15.627699],[136.510265,-15.621189],[136.512218,-15.609063],[136.507172,-15.596287],[136.498546,-15.587498],[136.515636,-15.574314],[136.521495,-15.567804],[136.526378,-15.559503],[136.526622,-15.548435],[136.522716,-15.539727],[136.524913,-15.534275],[136.543468,-15.532159],[136.565115,-15.526056],[136.585216,-15.516371],[136.602794,-15.516371],[136.615733,-15.538995]]],[[[136.895681,-15.587498],[136.883149,-15.590916],[136.873871,-15.597426],[136.870372,-15.60768],[136.875255,-15.621515],[136.86671,-15.623956],[136.861339,-15.626072],[136.848481,-15.635186],[136.847911,-15.630466],[136.846446,-15.627618],[136.844249,-15.625258],[136.841645,-15.621515],[136.847911,-15.619887],[136.848155,-15.61712],[136.841645,-15.608005],[136.83725,-15.599298],[136.840099,-15.594903],[136.845388,-15.591729],[136.848481,-15.587498],[136.849864,-15.583591],[136.854828,-15.575453],[136.855968,-15.570001],[136.853526,-15.565362],[136.843598,-15.556573],[136.841645,-15.553318],[136.847423,-15.535821],[136.857432,-15.520196],[136.869884,-15.50742],[136.883311,-15.498142],[136.874685,-15.522149],[136.877696,-15.544122],[136.895681,-15.587498]]],[[[124.417979,-15.254083],[124.422862,-15.246189],[124.433849,-15.246515],[124.445486,-15.253188],[124.451996,-15.264744],[124.447276,-15.274835],[124.436534,-15.283868],[124.431814,-15.292169],[124.444591,-15.299412],[124.431651,-15.308689],[124.420746,-15.30641],[124.409923,-15.300877],[124.396821,-15.299412],[124.393077,-15.30283],[124.389903,-15.309177],[124.385102,-15.315525],[124.376475,-15.319268],[124.372813,-15.317315],[124.342133,-15.306248],[124.336192,-15.300063],[124.334727,-15.296808],[124.334727,-15.291925],[124.384125,-15.281183],[124.40797,-15.272068],[124.417979,-15.254083]]],[[[124.575694,-15.33294],[124.601736,-15.343845],[124.62794,-15.387384],[124.650157,-15.395115],[124.635427,-15.404392],[124.549164,-15.436293],[124.531261,-15.440362],[124.520356,-15.435968],[124.514985,-15.423028],[124.517751,-15.413263],[124.525238,-15.409763],[124.534679,-15.41546],[124.554373,-15.389337],[124.567068,-15.379327],[124.58253,-15.373956],[124.570323,-15.373712],[124.537771,-15.367771],[124.528494,-15.369724],[124.5171,-15.378595],[124.506684,-15.381443],[124.514171,-15.360935],[124.497732,-15.377618],[124.485688,-15.377618],[124.474294,-15.369236],[124.458832,-15.360935],[124.470551,-15.351007],[124.472992,-15.340997],[124.471934,-15.332289],[124.472667,-15.326104],[124.479747,-15.317966],[124.487071,-15.313735],[124.495616,-15.315851],[124.506684,-15.326104],[124.502452,-15.317153],[124.50172,-15.308689],[124.505382,-15.300388],[124.514171,-15.291925],[124.493175,-15.291925],[124.504405,-15.279392],[124.552013,-15.249444],[124.568696,-15.244236],[124.563243,-15.256524],[124.549571,-15.297459],[124.551443,-15.306248],[124.56129,-15.306817],[124.574474,-15.309991],[124.582205,-15.317966],[124.575694,-15.33294]]],[[[124.928233,-14.973565],[124.921641,-14.983982],[124.926036,-14.991388],[124.933849,-14.996026],[124.938162,-14.997735],[124.939789,-15.01393],[124.93629,-15.026056],[124.927013,-15.029229],[124.911469,-15.018243],[124.908051,-15.012628],[124.900157,-14.995701],[124.897146,-14.990981],[124.890636,-14.989841],[124.874685,-14.99212],[124.869884,-14.990981],[124.86378,-14.972589],[124.87143,-14.95672],[124.886974,-14.952813],[124.903982,-14.970392],[124.906912,-14.961033],[124.911306,-14.952244],[124.917166,-14.944106],[124.924571,-14.936293],[124.928477,-14.944106],[124.931895,-14.954685],[124.932628,-14.965427],[124.928233,-14.973565]]],[[[135.766754,-14.86821],[135.764508,-14.890059],[135.762679,-14.900902],[135.746578,-14.897362],[135.727008,-14.895597],[135.705201,-14.913113],[135.692553,-14.908794],[135.687246,-14.902892],[135.698474,-14.895194],[135.703949,-14.887872],[135.715194,-14.880022],[135.720701,-14.867019],[135.719479,-14.860127],[135.710507,-14.858752],[135.708061,-14.853041],[135.715198,-14.850873],[135.720088,-14.841026],[135.727829,-14.834527],[135.749223,-14.838466],[135.760635,-14.849889],[135.766754,-14.86821]]],[[[125.195079,-14.470147],[125.206391,-14.473565],[125.208751,-14.481622],[125.200531,-14.510431],[125.181895,-14.534275],[125.177745,-14.542169],[125.181407,-14.55283],[125.199229,-14.578302],[125.204926,-14.593032],[125.192882,-14.59588],[125.169607,-14.611098],[125.165294,-14.610772],[125.161388,-14.607843],[125.153575,-14.610935],[125.146983,-14.61712],[125.147634,-14.624119],[125.151622,-14.631931],[125.149913,-14.638442],[125.144542,-14.643976],[125.137462,-14.647638],[125.127126,-14.628025],[125.120616,-14.618341],[125.113455,-14.61419],[125.10377,-14.616469],[125.096446,-14.619806],[125.091563,-14.618585],[125.08961,-14.607354],[125.094737,-14.579197],[125.096446,-14.549005],[125.102224,-14.538995],[125.115245,-14.542169],[125.129161,-14.551365],[125.137462,-14.559015],[125.135509,-14.541274],[125.138927,-14.509698],[125.130544,-14.511163],[125.115571,-14.49684],[125.122813,-14.481215],[125.14088,-14.466974],[125.157888,-14.456476],[125.152843,-14.44378],[125.160655,-14.437921],[125.171886,-14.440606],[125.177745,-14.452813],[125.178477,-14.461033],[125.181407,-14.466404],[125.186778,-14.469334],[125.195079,-14.470147]]],[[[136.807465,-13.818536],[136.808116,-13.812921],[136.810313,-13.808282],[136.813975,-13.804457],[136.818126,-13.801365],[136.811697,-13.808852],[136.809093,-13.813409],[136.807465,-13.818536]]],[[[136.286876,-13.705824],[136.288259,-13.718845],[136.29005,-13.724542],[136.288585,-13.728611],[136.28004,-13.736505],[136.268728,-13.740492],[136.257986,-13.739435],[136.249522,-13.742283],[136.245128,-13.757582],[136.260427,-13.758071],[136.267589,-13.766534],[136.272227,-13.778904],[136.28004,-13.791762],[136.261404,-13.793552],[136.254161,-13.806085],[136.25115,-13.823663],[136.245128,-13.839532],[136.236095,-13.847263],[136.222667,-13.853204],[136.208507,-13.85589],[136.197439,-13.853204],[136.204845,-13.846368],[136.205577,-13.840265],[136.205577,-13.835382],[136.206798,-13.830743],[136.211111,-13.825942],[136.202322,-13.812921],[136.18629,-13.773126],[136.177013,-13.763849],[136.153494,-13.770685],[136.151134,-13.794041],[136.156505,-13.821222],[136.156505,-13.839532],[136.123057,-13.824884],[136.11671,-13.816664],[136.114757,-13.723565],[136.151622,-13.740899],[136.164887,-13.742364],[136.170177,-13.726658],[136.17335,-13.707127],[136.182384,-13.686456],[136.195323,-13.66961],[136.211111,-13.661391],[136.220225,-13.66253],[136.234223,-13.666436],[136.247081,-13.672052],[136.252696,-13.678481],[136.257986,-13.690037],[136.269786,-13.697198],[136.281505,-13.701755],[136.286876,-13.705824]]],[[[136.951508,-14.181573],[136.94752,-14.183852],[136.943126,-14.182387],[136.939626,-14.182387],[136.937266,-14.18906],[136.937755,-14.196222],[136.942882,-14.207208],[136.944102,-14.212986],[136.947765,-14.215509],[136.9546,-14.223891],[136.958832,-14.23268],[136.9546,-14.236749],[136.941254,-14.241957],[136.937999,-14.254002],[136.942149,-14.267755],[136.951508,-14.277765],[136.939464,-14.273858],[136.932953,-14.276544],[136.931977,-14.283298],[136.937266,-14.291436],[136.924571,-14.282403],[136.913585,-14.279962],[136.905772,-14.285252],[136.903087,-14.298923],[136.867849,-14.27988],[136.851573,-14.275567],[136.83546,-14.285252],[136.824474,-14.274102],[136.804942,-14.267836],[136.762869,-14.264825],[136.745616,-14.258071],[136.733084,-14.256117],[136.721934,-14.261],[136.680512,-14.285252],[136.639415,-14.280206],[136.460785,-14.216404],[136.455333,-14.213067],[136.437755,-14.198419],[136.426768,-14.195245],[136.416026,-14.196384],[136.380707,-14.206801],[136.357188,-14.225518],[136.341319,-14.230076],[136.337901,-14.231541],[136.329845,-14.233087],[136.324067,-14.229587],[136.32781,-14.216404],[136.335216,-14.208754],[136.358165,-14.196547],[136.368175,-14.18906],[136.398285,-14.176039],[136.411306,-14.165785],[136.421397,-14.139337],[136.430837,-14.129571],[136.437348,-14.120375],[136.433604,-14.109959],[136.422374,-14.088556],[136.415538,-14.057306],[136.409679,-13.997247],[136.410981,-13.964939],[136.42628,-13.908461],[136.430186,-13.87713],[136.425059,-13.864516],[136.41505,-13.848891],[136.407237,-13.832696],[136.409679,-13.818536],[136.424571,-13.810317],[136.439952,-13.816827],[136.464203,-13.839532],[136.472179,-13.833429],[136.49776,-13.834098],[136.512169,-13.834082],[136.525669,-13.818324],[136.519542,-13.804457],[136.530145,-13.785956],[136.536143,-13.790297],[136.548106,-13.810724],[136.561046,-13.819757],[136.574067,-13.798028],[136.579112,-13.802911],[136.594737,-13.81227],[136.594737,-13.784356],[136.608084,-13.79225],[136.622732,-13.787774],[136.628591,-13.7763],[136.615733,-13.763849],[136.608409,-13.771254],[136.603038,-13.754327],[136.600759,-13.736912],[136.593516,-13.724705],[136.574067,-13.723565],[136.58074,-13.713474],[136.58253,-13.70436],[136.578298,-13.697931],[136.567231,-13.695489],[136.572276,-13.686212],[136.580089,-13.681899],[136.590099,-13.681085],[136.602061,-13.681899],[136.615571,-13.684747],[136.618419,-13.688735],[136.616466,-13.692804],[136.615733,-13.695489],[136.61671,-13.699802],[136.614919,-13.711847],[136.615733,-13.715997],[136.620942,-13.717706],[136.62615,-13.715102],[136.629649,-13.711358],[136.629405,-13.709242],[136.634044,-13.705987],[136.637869,-13.699802],[136.644216,-13.696466],[136.656749,-13.702407],[136.67449,-13.6749],[136.677094,-13.664809],[136.681814,-13.657403],[136.706554,-13.655938],[136.718272,-13.647719],[136.725352,-13.664321],[136.724132,-13.687188],[136.714122,-13.707289],[136.684337,-13.720473],[136.678071,-13.731134],[136.676524,-13.743748],[136.680512,-13.754002],[136.691742,-13.761651],[136.70338,-13.763604],[136.714854,-13.763116],[136.725597,-13.763849],[136.718923,-13.770685],[136.7046,-13.791762],[136.712657,-13.806817],[136.714854,-13.818617],[136.718516,-13.829034],[136.731781,-13.839532],[136.744965,-13.844171],[136.797211,-13.853204],[136.81422,-13.849705],[136.82838,-13.84002],[136.838064,-13.82586],[136.841645,-13.80877],[136.839366,-13.801039],[136.833669,-13.797621],[136.82602,-13.797947],[136.819184,-13.800226],[136.824962,-13.794366],[136.827159,-13.791192],[136.841645,-13.750177],[136.856212,-13.75742],[136.886729,-13.753595],[136.903087,-13.757582],[136.908865,-13.764337],[136.91684,-13.777927],[136.92335,-13.793145],[136.924327,-13.805352],[136.915701,-13.817315],[136.885753,-13.845798],[136.875255,-13.86004],[136.855968,-13.915216],[136.822765,-13.905206],[136.791352,-13.917739],[136.768321,-13.944594],[136.759776,-13.977309],[136.763031,-13.99684],[136.770763,-14.004978],[136.781586,-14.009373],[136.793793,-14.017755],[136.797211,-14.018731],[136.805675,-14.023696],[136.810802,-14.029392],[136.804047,-14.031915],[136.794932,-14.033136],[136.787852,-14.036798],[136.78297,-14.043064],[136.780284,-14.051853],[136.764903,-14.045505],[136.754405,-14.050958],[136.749685,-14.063735],[136.752289,-14.079197],[136.741547,-14.06699],[136.729503,-14.0617],[136.716807,-14.063653],[136.7046,-14.072931],[136.709809,-14.085056],[136.709239,-14.099298],[136.7046,-14.126886],[136.716075,-14.165948],[136.718272,-14.178399],[136.723399,-14.185479],[136.736339,-14.189142],[136.752126,-14.190199],[136.78061,-14.187188],[136.78419,-14.186212],[136.782237,-14.180597],[136.780284,-14.164809],[136.789236,-14.149509],[136.810557,-14.159112],[136.871837,-14.20794],[136.880707,-14.208591],[136.892589,-14.198907],[136.901215,-14.188084],[136.908376,-14.176935],[136.913585,-14.163832],[136.916759,-14.147393],[136.924327,-14.147393],[136.934906,-14.155206],[136.948904,-14.154474],[136.964122,-14.149998],[136.978852,-14.147393],[136.969574,-14.155206],[136.961925,-14.164972],[136.951508,-14.181573]]],[[[136.135916,-13.434828],[136.135427,-13.407973],[136.122337,-13.393388],[136.118988,-13.3742],[136.094981,-13.360447],[136.117849,-13.362237],[136.134025,-13.386395],[136.148407,-13.389896],[136.163341,-13.411554],[136.181,-13.43906],[136.184337,-13.445733],[136.188975,-13.451755],[136.197765,-13.454848],[136.203136,-13.461196],[136.197439,-13.476495],[136.170177,-13.455987],[136.170177,-13.476495],[136.154552,-13.472914],[136.156423,-13.489353],[136.163341,-13.512791],[136.149263,-13.535073],[136.142956,-13.56045],[136.130367,-13.547319],[136.133074,-13.530693],[136.146571,-13.51321],[136.140279,-13.502711],[136.132335,-13.495294],[136.124107,-13.472084],[136.135916,-13.434828]]],[[[136.816956,-12.076077],[136.822004,-12.084449],[136.824243,-12.104028],[136.821461,-12.120832],[136.829356,-12.132257],[136.820974,-12.137953],[136.812999,-12.136163],[136.807465,-12.12656],[136.797069,-12.108355],[136.799105,-12.084558],[136.816956,-12.076077]]],[[[132.387543,-12.071873],[132.411876,-12.083673],[132.415782,-12.110284],[132.405772,-12.132989],[132.387543,-12.133396],[132.339854,-12.098565],[132.344574,-12.08587],[132.357758,-12.077813],[132.374034,-12.073419],[132.387543,-12.071873]]],[[[136.290212,-11.975681],[136.316254,-11.9874],[136.302745,-12.013279],[136.269298,-12.038995],[136.235606,-12.050714],[136.218272,-12.054132],[136.208018,-12.062188],[136.198741,-12.071384],[136.184337,-12.078058],[136.169444,-12.078383],[136.151052,-12.074477],[136.135509,-12.067315],[136.129161,-12.05755],[136.134044,-12.047947],[136.134939,-12.037774],[136.132823,-12.027276],[136.129161,-12.016697],[136.144379,-12.024102],[136.153656,-12.031915],[136.161876,-12.034763],[136.173595,-12.026951],[136.190603,-12.00628],[136.200043,-11.999933],[136.211111,-12.002374],[136.208344,-12.006117],[136.204926,-12.015802],[136.203868,-12.025811],[136.208018,-12.030369],[136.217459,-12.029229],[136.233246,-12.024591],[136.242035,-12.023533],[136.259776,-12.016046],[136.27947,-11.983087],[136.290212,-11.975681]]],[[[136.464203,-11.893731],[136.470551,-11.868259],[136.471853,-11.839614],[136.477794,-11.814223],[136.498546,-11.79811],[136.496918,-11.816502],[136.478038,-11.865818],[136.478363,-11.875584],[136.481781,-11.88242],[136.483246,-11.889418],[136.478038,-11.899835],[136.472667,-11.90545],[136.469086,-11.906508],[136.466482,-11.902765],[136.464203,-11.893731]]],[[[136.605235,-11.746026],[136.6185,-11.735447],[136.623709,-11.736586],[136.622325,-11.745212],[136.615733,-11.756524],[136.595714,-11.774184],[136.586599,-11.784356],[136.581554,-11.79811],[136.56129,-11.793634],[136.528005,-11.798517],[136.519542,-11.790704],[136.528982,-11.776544],[136.53712,-11.773126],[136.55714,-11.777032],[136.57016,-11.773207],[136.584239,-11.764337],[136.605235,-11.746026]]],[[[135.955906,-11.707165],[135.951528,-11.683485],[135.980865,-11.661368],[136.024051,-11.640872],[136.055205,-11.650048],[136.02156,-11.687457],[136.006045,-11.708678],[135.986177,-11.716369],[135.955906,-11.707165]]],[[[132.619802,-11.646661],[132.641124,-11.644708],[132.645518,-11.65016],[132.647716,-11.667169],[132.645844,-11.678888],[132.640636,-11.691176],[132.6338,-11.701918],[132.627208,-11.708754],[132.610037,-11.715509],[132.583832,-11.720147],[132.558849,-11.719171],[132.544688,-11.708754],[132.528168,-11.691664],[132.511974,-11.670587],[132.5088,-11.649591],[132.531016,-11.632989],[132.545177,-11.631606],[132.556895,-11.635675],[132.568044,-11.64186],[132.579356,-11.646661],[132.59197,-11.648614],[132.619802,-11.646661]]],[[[136.42335,-11.509535],[136.453136,-11.489353],[136.468516,-11.476007],[136.478038,-11.461114],[136.483409,-11.48447],[136.474864,-11.505955],[136.457367,-11.523858],[136.402517,-11.554783],[136.392345,-11.557306],[136.389171,-11.562433],[136.375662,-11.592055],[136.325206,-11.614679],[136.316173,-11.624119],[136.310313,-11.626153],[136.305349,-11.624688],[136.300059,-11.620864],[136.297618,-11.616388],[136.284679,-11.62477],[136.273285,-11.639093],[136.258556,-11.652114],[136.232188,-11.660333],[136.230479,-11.652114],[136.195649,-11.680434],[136.177013,-11.688246],[136.181977,-11.682794],[136.182953,-11.678155],[136.182872,-11.67311],[136.190196,-11.646417],[136.198497,-11.639581],[136.211599,-11.636163],[136.232188,-11.626153],[136.242686,-11.612481],[136.253673,-11.591892],[136.266856,-11.572931],[136.283458,-11.564711],[136.286306,-11.573663],[136.302013,-11.591078],[136.319509,-11.60296],[136.32781,-11.595473],[136.33253,-11.587091],[136.368175,-11.544203],[136.371104,-11.547621],[136.375662,-11.55047],[136.379649,-11.536065],[136.393809,-11.524835],[136.42335,-11.509535]]],[[[130.536794,-11.705011],[130.548595,-11.70143],[130.574962,-11.715427],[130.619884,-11.749119],[130.631602,-11.762384],[130.63502,-11.768162],[130.632823,-11.78753],[130.628184,-11.80462],[130.617361,-11.813165],[130.573253,-11.830987],[130.521007,-11.829522],[130.496349,-11.839044],[130.47047,-11.824802],[130.438731,-11.811619],[130.405935,-11.801853],[130.375987,-11.79811],[130.360118,-11.793715],[130.336925,-11.774591],[130.321056,-11.770196],[130.306326,-11.772556],[130.281586,-11.782322],[130.235118,-11.789727],[130.146983,-11.824802],[130.118907,-11.827813],[130.084239,-11.827813],[130.053477,-11.822849],[130.03712,-11.811212],[130.024099,-11.79518],[130.018321,-11.785252],[130.016612,-11.777032],[130.02296,-11.762384],[130.031505,-11.75921],[130.054047,-11.76336],[130.069591,-11.755629],[130.071544,-11.736749],[130.064301,-11.691339],[130.071544,-11.671157],[130.088145,-11.673598],[130.118988,-11.694513],[130.145681,-11.699395],[130.167328,-11.692641],[130.185395,-11.676528],[130.201508,-11.653497],[130.194672,-11.631117],[130.184093,-11.547296],[130.194102,-11.533868],[130.198578,-11.519952],[130.198497,-11.506606],[130.194102,-11.495212],[130.18572,-11.486423],[130.175466,-11.483575],[130.162934,-11.485121],[130.146983,-11.489028],[130.170584,-11.447035],[130.181,-11.43434],[130.193533,-11.424412],[130.217784,-11.409601],[130.228282,-11.399672],[130.2588,-11.348891],[130.269786,-11.338149],[130.289561,-11.333103],[130.308604,-11.33294],[130.326996,-11.330173],[130.344981,-11.317071],[130.349946,-11.339451],[130.360118,-11.366388],[130.37379,-11.393731],[130.399181,-11.433038],[130.398611,-11.444513],[130.386485,-11.46852],[130.383474,-11.484308],[130.386485,-11.519708],[130.396821,-11.534601],[130.445567,-11.567153],[130.461681,-11.592055],[130.465017,-11.62005],[130.462901,-11.650079],[130.456798,-11.67669],[130.448009,-11.694513],[130.448009,-11.701349],[130.458832,-11.697686],[130.465831,-11.693292],[130.473155,-11.689711],[130.485525,-11.688246],[130.497732,-11.690037],[130.530121,-11.699802],[130.536794,-11.705011]]],[[[131.537364,-11.413263],[131.53891,-11.446059],[131.536632,-11.463067],[131.530447,-11.474786],[131.519379,-11.478774],[131.496755,-11.471124],[131.482677,-11.474786],[131.471039,-11.493341],[131.460948,-11.526951],[131.458263,-11.562188],[131.469005,-11.58587],[131.469005,-11.578383],[131.473969,-11.600193],[131.455821,-11.608087],[131.432384,-11.607029],[131.420584,-11.601983],[131.417735,-11.596612],[131.396983,-11.582127],[131.386567,-11.577813],[131.378103,-11.58408],[131.325938,-11.681899],[131.302989,-11.701104],[131.293142,-11.724054],[131.281993,-11.727797],[131.268728,-11.72796],[131.257335,-11.729181],[131.22877,-11.744887],[131.214854,-11.75628],[131.208995,-11.766778],[131.201508,-11.77516],[131.098969,-11.828383],[130.979991,-11.926446],[130.961192,-11.933852],[130.941417,-11.927911],[130.92213,-11.900486],[130.894867,-11.877862],[130.860037,-11.859959],[130.808442,-11.842706],[130.760427,-11.81406],[130.752778,-11.811212],[130.735199,-11.807794],[130.712576,-11.799493],[130.690603,-11.788344],[130.674571,-11.777032],[130.673513,-11.772882],[130.681977,-11.767267],[130.680675,-11.76336],[130.675466,-11.760512],[130.664236,-11.758396],[130.66033,-11.756524],[130.612804,-11.716567],[130.582286,-11.697931],[130.574718,-11.689548],[130.563731,-11.672133],[130.558442,-11.667169],[130.537852,-11.661554],[130.514903,-11.657892],[130.496593,-11.649509],[130.488943,-11.629571],[130.48585,-11.562188],[130.482107,-11.544203],[130.478526,-11.540704],[130.466075,-11.533624],[130.461681,-11.529962],[130.437755,-11.4992],[130.430349,-11.484308],[130.407725,-11.374688],[130.406261,-11.354913],[130.404145,-11.35003],[130.399587,-11.346775],[130.394867,-11.342462],[130.392751,-11.334405],[130.393565,-11.323663],[130.395844,-11.31406],[130.400157,-11.305108],[130.406261,-11.296563],[130.380382,-11.269138],[130.370128,-11.252048],[130.365977,-11.232354],[130.367442,-11.204278],[130.372813,-11.18377],[130.383149,-11.167901],[130.400157,-11.153253],[130.436371,-11.202732],[130.506521,-11.277032],[130.516124,-11.296563],[130.525727,-11.289321],[130.534923,-11.280043],[130.545177,-11.272393],[130.558442,-11.269952],[130.573578,-11.275323],[130.587169,-11.286798],[130.596365,-11.301528],[130.598806,-11.317071],[130.590505,-11.333266],[130.562022,-11.361098],[130.558442,-11.379164],[130.566173,-11.394627],[130.57781,-11.397068],[130.590017,-11.392185],[130.598806,-11.385919],[130.638927,-11.343845],[130.658458,-11.331313],[130.668305,-11.344985],[130.653819,-11.377537],[130.657725,-11.384047],[130.668305,-11.392185],[130.691661,-11.422784],[130.695567,-11.43434],[130.723643,-11.384698],[130.784679,-11.368422],[130.84547,-11.360284],[130.87322,-11.334405],[130.888031,-11.313165],[130.920909,-11.30934],[130.953868,-11.316339],[130.968598,-11.327569],[130.975108,-11.336114],[131.003266,-11.347426],[131.009776,-11.354913],[131.018728,-11.400567],[131.023285,-11.413263],[131.02947,-11.399835],[131.048839,-11.315037],[131.061778,-11.305922],[131.079438,-11.300226],[131.099132,-11.29046],[131.134532,-11.257745],[131.153087,-11.249282],[131.161143,-11.266534],[131.162934,-11.288832],[131.168224,-11.310154],[131.176606,-11.329034],[131.217947,-11.391046],[131.219249,-11.399672],[131.230805,-11.390802],[131.228689,-11.371026],[131.215831,-11.338149],[131.215099,-11.327895],[131.216563,-11.306736],[131.215831,-11.296563],[131.212413,-11.296075],[131.205821,-11.296157],[131.198904,-11.295099],[131.19516,-11.29046],[131.195811,-11.284275],[131.200938,-11.27337],[131.205333,-11.246515],[131.214854,-11.22617],[131.229991,-11.208103],[131.249848,-11.194757],[131.274425,-11.18963],[131.292003,-11.197524],[131.302419,-11.215997],[131.305024,-11.242608],[131.300792,-11.246677],[131.292817,-11.258722],[131.290212,-11.271417],[131.301443,-11.277439],[131.315196,-11.272638],[131.3213,-11.261977],[131.32488,-11.250258],[131.331309,-11.242608],[131.343435,-11.240981],[131.351817,-11.246189],[131.359386,-11.252862],[131.369395,-11.25628],[131.382009,-11.253839],[131.402192,-11.243829],[131.414317,-11.242608],[131.427745,-11.249688],[131.43686,-11.264907],[131.439789,-11.284275],[131.434906,-11.303399],[131.455821,-11.309747],[131.46046,-11.330987],[131.460704,-11.357517],[131.4699,-11.382257],[131.47462,-11.390558],[131.480154,-11.395685],[131.482677,-11.389093],[131.503184,-11.379164],[131.517914,-11.380629],[131.527843,-11.386651],[131.533702,-11.397393],[131.537364,-11.413263]]],[[[136.763685,-11.04007],[136.747152,-11.093376],[136.733638,-11.137652],[136.720088,-11.174425],[136.716482,-11.206231],[136.708181,-11.209568],[136.7046,-11.211602],[136.702403,-11.211358],[136.680024,-11.223024],[136.668737,-11.25605],[136.63911,-11.286167],[136.627126,-11.330255],[136.611867,-11.334231],[136.589948,-11.377765],[136.542861,-11.429655],[136.53529,-11.443169],[136.524615,-11.446964],[136.522286,-11.439488],[136.516149,-11.434276],[136.509289,-11.437303],[136.494098,-11.455346],[136.478019,-11.447934],[136.494765,-11.435126],[136.500051,-11.422372],[136.482436,-11.412721],[136.497643,-11.398425],[136.529613,-11.376563],[136.560557,-11.354913],[136.563731,-11.34588],[136.580333,-11.327407],[136.578876,-11.303701],[136.585653,-11.284946],[136.616707,-11.236105],[136.653872,-11.186455],[136.688029,-11.177596],[136.700044,-11.140087],[136.709869,-11.120558],[136.711269,-11.096581],[136.722911,-11.086358],[136.731035,-11.079236],[136.734776,-11.064228],[136.718667,-11.050836],[136.738617,-11.029718],[136.742442,-11.03281],[136.745616,-11.034356],[136.748871,-11.035414],[136.752289,-11.037205],[136.756033,-11.026788],[136.762462,-11.019301],[136.763685,-11.04007]]],[[[132.489431,-11.160089],[132.493826,-11.150649],[132.501964,-11.146905],[132.510997,-11.144627],[132.517345,-11.139581],[132.517914,-11.127211],[132.511485,-11.086847],[132.507091,-11.07822],[132.495372,-11.073907],[132.487071,-11.063572],[132.480235,-11.051039],[132.472667,-11.040216],[132.46811,-11.029962],[132.482432,-11.032159],[132.50115,-11.039972],[132.510509,-11.047052],[132.518077,-11.040785],[132.534679,-11.037774],[132.55128,-11.032403],[132.55893,-11.019789],[132.560557,-11.000177],[132.566661,-10.98211],[132.578868,-10.970147],[132.599294,-10.968357],[132.59547,-10.981622],[132.582286,-10.999688],[132.579356,-11.012628],[132.581391,-11.025649],[132.586274,-11.039239],[132.599294,-11.063897],[132.593028,-11.063897],[132.599457,-11.073012],[132.606212,-11.085545],[132.611339,-11.098403],[132.613536,-11.108819],[132.610606,-11.122735],[132.603689,-11.124607],[132.594493,-11.124607],[132.585704,-11.132745],[132.582042,-11.153416],[132.596934,-11.158787],[132.618419,-11.161554],[132.634044,-11.173761],[132.612559,-11.185724],[132.612559,-11.198989],[132.62143,-11.217706],[132.627208,-11.246026],[132.621837,-11.272068],[132.600759,-11.315688],[132.599294,-11.344985],[132.565196,-11.310805],[132.560883,-11.276788],[132.549978,-11.24627],[132.534516,-11.218927],[132.493012,-11.166925],[132.489431,-11.160089]]],[[[142.255382,-10.666681],[142.278819,-10.690525],[142.282563,-10.701349],[142.283051,-10.714532],[142.28004,-10.718927],[142.273448,-10.718357],[142.263438,-10.716241],[142.25294,-10.717218],[142.230317,-10.726007],[142.217784,-10.728123],[142.206065,-10.733087],[142.196788,-10.744724],[142.190278,-10.758477],[142.187022,-10.769627],[142.153168,-10.755629],[142.145518,-10.7492],[142.136567,-10.730645],[142.121918,-10.709568],[142.112315,-10.68434],[142.118175,-10.653497],[142.120779,-10.647882],[142.123546,-10.64365],[142.127778,-10.640802],[142.145763,-10.639093],[142.149669,-10.636489],[142.152354,-10.632013],[142.159679,-10.625665],[142.177013,-10.616306],[142.180186,-10.615411],[142.182302,-10.609959],[142.193207,-10.591485],[142.21225,-10.597589],[142.22934,-10.619806],[142.255382,-10.666681]]],[[[142.262218,-10.577813],[142.294281,-10.573175],[142.318858,-10.588637],[142.325206,-10.6124],[142.303071,-10.632501],[142.274425,-10.640802],[142.253673,-10.625421],[142.247325,-10.599786],[142.262218,-10.577813]]],[[[142.293468,-10.13893],[142.314464,-10.148614],[142.332042,-10.169692],[142.340505,-10.190851],[142.334239,-10.200453],[142.316661,-10.213474],[142.289806,-10.260186],[142.275727,-10.255629],[142.263682,-10.246515],[142.248546,-10.24033],[142.233653,-10.238377],[142.221202,-10.24212],[142.210623,-10.23211],[142.201182,-10.220392],[142.194835,-10.207289],[142.193207,-10.193617],[142.203868,-10.188409],[142.211111,-10.183038],[142.214366,-10.176528],[142.213227,-10.157647],[142.214366,-10.153253],[142.2317,-10.14186],[142.254161,-10.137953],[142.293468,-10.13893]]],[[[142.190115,-10.080987],[142.19752,-10.092462],[142.197765,-10.102146],[142.190115,-10.143731],[142.182953,-10.153253],[142.175955,-10.160821],[142.167003,-10.182061],[142.154796,-10.188084],[142.142914,-10.185642],[142.138682,-10.17254],[142.124685,-10.158298],[142.109874,-10.147556],[142.099132,-10.135675],[142.097016,-10.118585],[142.1421,-10.050388],[142.157237,-10.052992],[142.169607,-10.060154],[142.190115,-10.080987]]],[[[115.660004,-32.149835],[115.663748,-32.17311],[115.678477,-32.216485],[115.680512,-32.239353],[115.664561,-32.234633],[115.660004,-32.232517],[115.656993,-32.209405],[115.649425,-32.18434],[115.647227,-32.162693],[115.660004,-32.149835]]],[[[115.492107,-31.995649],[115.524607,-31.993807],[115.54261,-32.000031],[115.552192,-32.006203],[115.531655,-32.018324],[115.514759,-32.025362],[115.490731,-32.019098],[115.4594,-32.022979],[115.440142,-32.021834],[115.458296,-32.009713],[115.482366,-32.010885],[115.492107,-31.995649]]],[[[113.679618,-28.452241],[113.703351,-28.448421],[113.711473,-28.439098],[113.720213,-28.428124],[113.735184,-28.427571],[113.749539,-28.427576],[113.732063,-28.44294],[113.71521,-28.462149],[113.702091,-28.472018],[113.693344,-28.483538],[113.684598,-28.486277],[113.681483,-28.468161],[113.679618,-28.452241]]],[[[146.651134,-18.745782],[146.683442,-18.743585],[146.684255,-18.752048],[146.674001,-18.764337],[146.663097,-18.768162],[146.65447,-18.770196],[146.637543,-18.768162],[146.625011,-18.763442],[146.616954,-18.762302],[146.602794,-18.761895],[146.582856,-18.764744],[146.57016,-18.760837],[146.570567,-18.745212],[146.582774,-18.717706],[146.582042,-18.703383],[146.576671,-18.688084],[146.581309,-18.682224],[146.592296,-18.689711],[146.601329,-18.698419],[146.611176,-18.70322],[146.622325,-18.715916],[146.634125,-18.736505],[146.651134,-18.745782]]],[[[142.754568,-9.369806],[142.771007,-9.373712],[142.782563,-9.386326],[142.768077,-9.398207],[142.752289,-9.40838],[142.741954,-9.419203],[142.731781,-9.4249],[142.713878,-9.428643],[142.641612,-9.428399],[142.628591,-9.424981],[142.612153,-9.416274],[142.601248,-9.399509],[142.612315,-9.383233],[142.637462,-9.373956],[142.664806,-9.374282],[142.693614,-9.379571],[142.719493,-9.377618],[142.754568,-9.369806]]],[[[142.206879,-9.240167],[142.280121,-9.261651],[142.28419,-9.27752],[142.279145,-9.287042],[142.26059,-9.290216],[142.222179,-9.291111],[142.180837,-9.284763],[142.15089,-9.271417],[142.164236,-9.250746],[142.206879,-9.240167]]]]}},{"type":"Feature","properties":{"country_code":"PHL","name":"Philippines"},"geometry":{"type":"MultiPolygon","coordinates":[[[[120.860688,5.574368],[120.873057,5.572414],[120.889985,5.557929],[120.904552,5.538031],[120.90919,5.519721],[120.897797,5.498521],[120.879893,5.495754],[120.850841,5.505439],[120.843435,5.510077],[120.833018,5.521064],[120.823741,5.533637],[120.819835,5.54328],[120.824392,5.553209],[120.835297,5.562934],[120.848888,5.570461],[120.860688,5.574368]]],[[[121.902354,6.033637],[121.929047,6.045356],[121.94044,6.046088],[121.943207,6.033637],[121.937755,6.029446],[121.912771,6.016018],[121.868419,5.999742],[121.857677,6.002265],[121.804942,6.037177],[121.784679,6.059556],[121.776622,6.077379],[121.793712,6.074612],[121.846202,6.042792],[121.870942,6.033108],[121.902354,6.033637]]],[[[125.79127,6.948188],[125.793712,6.939521],[125.789724,6.928778],[125.783946,6.917426],[125.776866,6.894029],[125.767751,6.898871],[125.753673,6.917467],[125.745372,6.936957],[125.738292,6.979193],[125.725352,7.004788],[125.721934,7.01557],[125.717621,7.052232],[125.712169,7.056301],[125.703787,7.056708],[125.683849,7.065253],[125.677908,7.066392],[125.674083,7.070217],[125.671723,7.081977],[125.672699,7.09276],[125.676931,7.103909],[125.682872,7.112616],[125.689138,7.116116],[125.696544,7.126939],[125.702159,7.177151],[125.706554,7.19184],[125.715831,7.19595],[125.723643,7.193101],[125.72934,7.186103],[125.733165,7.177558],[125.749522,7.162055],[125.767345,7.149726],[125.781912,7.135199],[125.787852,7.112982],[125.781261,6.984849],[125.78419,6.963121],[125.79127,6.948188]]],[[[122.97169,7.383612],[122.951671,7.38642],[122.944509,7.389838],[122.950531,7.373481],[122.952322,7.363511],[122.950694,7.355699],[122.943533,7.34927],[122.936778,7.348578],[122.930349,7.349677],[122.924571,7.348863],[122.894786,7.326809],[122.882986,7.32095],[122.874522,7.318671],[122.861583,7.316962],[122.854991,7.314765],[122.850759,7.310289],[122.845551,7.297797],[122.842052,7.294257],[122.826996,7.291327],[122.816661,7.294908],[122.808604,7.304877],[122.800548,7.32095],[122.794688,7.34634],[122.7942,7.383938],[122.803722,7.417467],[122.82838,7.430813],[122.84311,7.422797],[122.854991,7.407864],[122.867198,7.395982],[122.882986,7.397284],[122.889822,7.407213],[122.891287,7.419989],[122.894298,7.431586],[122.90504,7.43773],[122.923513,7.430854],[122.944102,7.416246],[122.961762,7.398912],[122.97169,7.383612]]],[[[121.252452,9.631171],[121.256847,9.627346],[121.257172,9.624457],[121.23463,9.594306],[121.223643,9.583319],[121.210948,9.575873],[121.213552,9.584377],[121.223643,9.605699],[121.228038,9.610053],[121.239106,9.614325],[121.244884,9.624416],[121.250011,9.635932],[121.258637,9.644843],[121.257823,9.638373],[121.256602,9.635565],[121.254731,9.633857],[121.252452,9.631171]]],[[[125.990245,9.685736],[126.001475,9.676744],[125.997569,9.656073],[125.980235,9.617499],[125.985118,9.605658],[125.984141,9.589504],[125.978526,9.575181],[125.969412,9.569078],[125.953949,9.56566],[125.946951,9.56623],[125.952891,9.581977],[125.9463,9.587592],[125.935232,9.589911],[125.925059,9.589545],[125.925059,9.596381],[125.935313,9.596015],[125.938731,9.596381],[125.938731,9.603827],[125.918142,9.617499],[125.918142,9.610053],[125.915538,9.618964],[125.916515,9.629136],[125.925059,9.651028],[125.929698,9.657945],[125.933604,9.660386],[125.936697,9.66356],[125.938731,9.672756],[125.938975,9.681342],[125.937511,9.692532],[125.938731,9.699408],[125.928884,9.715074],[125.927257,9.738715],[125.934825,9.759914],[125.952403,9.768297],[125.958018,9.761379],[125.960216,9.755805],[125.959727,9.747219],[125.969086,9.751939],[125.97283,9.754625],[125.97462,9.738349],[125.972911,9.715277],[125.975434,9.694648],[125.990245,9.685736]]],[[[126.569184,7.301093],[126.577403,7.295315],[126.610362,7.277045],[126.617686,7.276842],[126.612315,7.25788],[126.58839,7.226793],[126.582856,7.208645],[126.579763,7.201077],[126.571951,7.198188],[126.562999,7.196357],[126.555675,7.19184],[126.550304,7.183051],[126.529633,7.129136],[126.523204,7.118842],[126.491059,7.088813],[126.47641,7.06623],[126.468516,7.038764],[126.466156,7.003119],[126.451508,6.983547],[126.417491,6.980048],[126.378591,6.987372],[126.349457,7.000067],[126.323985,6.978095],[126.309581,6.94892],[126.303233,6.918647],[126.301768,6.893256],[126.307465,6.881415],[126.334483,6.858588],[126.343272,6.849189],[126.347504,6.833889],[126.349294,6.812934],[126.347016,6.794501],[126.33961,6.786526],[126.308849,6.798041],[126.29127,6.825832],[126.268321,6.890204],[126.242686,6.919257],[126.212901,6.934027],[126.191905,6.925116],[126.192556,6.883368],[126.18572,6.883368],[126.183116,6.889472],[126.17213,6.903876],[126.167979,6.882554],[126.178559,6.861396],[126.192882,6.841702],[126.207856,6.805894],[126.225759,6.78974],[126.244314,6.776516],[126.254568,6.766669],[126.257172,6.744818],[126.244151,6.703925],[126.22877,6.616197],[126.226899,6.46894],[126.210216,6.390204],[126.206065,6.299302],[126.200206,6.283189],[126.18572,6.286851],[126.18214,6.300727],[126.177745,6.351467],[126.175548,6.362616],[126.141287,6.386176],[126.137218,6.395575],[126.136974,6.407416],[126.138194,6.419867],[126.137869,6.430854],[126.112966,6.477362],[126.100108,6.49372],[126.095063,6.514106],[126.082693,6.639716],[126.084321,6.663072],[126.096365,6.725043],[126.095958,6.747219],[126.085297,6.78262],[126.082693,6.804511],[126.082693,6.830878],[126.079112,6.842515],[126.067149,6.847886],[126.041759,6.855414],[126.022146,6.866767],[125.983409,6.920885],[125.976817,6.939602],[125.985688,6.98607],[125.986501,7.006293],[125.974783,7.027737],[125.91505,7.085028],[125.902599,7.101142],[125.89796,7.116034],[125.89088,7.15705],[125.850597,7.253892],[125.849864,7.294257],[125.853201,7.31623],[125.853201,7.336005],[125.845388,7.350246],[125.83074,7.354275],[125.82545,7.355699],[125.806895,7.351142],[125.746837,7.307929],[125.687836,7.274644],[125.676768,7.264635],[125.676606,7.264472],[125.668305,7.257025],[125.656912,7.237047],[125.653982,7.215074],[125.659353,7.149848],[125.658051,7.129136],[125.654552,7.119574],[125.646169,7.107856],[125.644379,7.099066],[125.639008,7.088772],[125.603526,7.054633],[125.57545,7.038723],[125.541759,7.030585],[125.509939,7.01557],[125.487478,6.978949],[125.48463,6.935126],[125.480642,6.913235],[125.469737,6.903876],[125.424653,6.849189],[125.403575,6.811835],[125.388927,6.768297],[125.380382,6.721503],[125.377615,6.674221],[125.380626,6.657213],[125.394298,6.618232],[125.397472,6.598456],[125.405528,6.588853],[125.421886,6.582343],[125.434581,6.588202],[125.43214,6.61579],[125.465099,6.594672],[125.508067,6.539496],[125.534516,6.512844],[125.553233,6.524848],[125.573578,6.516913],[125.589854,6.499172],[125.59669,6.481757],[125.597667,6.442694],[125.60141,6.427883],[125.630138,6.366197],[125.640961,6.352362],[125.644786,6.344143],[125.645518,6.332587],[125.644379,6.310492],[125.645844,6.299628],[125.649262,6.292426],[125.658051,6.280015],[125.706554,6.149726],[125.710134,6.132066],[125.710623,6.111029],[125.706554,6.089545],[125.696056,6.071194],[125.692393,6.060981],[125.699229,6.040473],[125.696056,6.029934],[125.692149,6.021877],[125.685313,5.992662],[125.667328,5.950141],[125.594574,5.862128],[125.499034,5.726142],[125.436371,5.617662],[125.421641,5.598212],[125.403005,5.580878],[125.387543,5.573798],[125.371267,5.572943],[125.322765,5.575507],[125.30836,5.579576],[125.302419,5.59219],[125.300141,5.671332],[125.295095,5.691067],[125.288259,5.706041],[125.278656,5.716498],[125.264334,5.722561],[125.243175,5.724555],[125.237804,5.727973],[125.231944,5.736274],[125.227306,5.746568],[125.225434,5.756171],[125.220958,5.766425],[125.21046,5.772121],[125.198985,5.77558],[125.191417,5.779202],[125.181163,5.798326],[125.185069,5.814521],[125.194021,5.829495],[125.198741,5.844916],[125.201834,5.860541],[125.208995,5.876858],[125.225434,5.903266],[125.264008,5.949937],[125.278005,5.979234],[125.280772,6.019355],[125.276703,6.036038],[125.263194,6.072211],[125.260265,6.08454],[125.250743,6.093085],[125.240082,6.094224],[125.229259,6.095404],[125.191417,6.09512],[125.179454,6.106757],[125.168956,6.111965],[125.157888,6.108791],[125.155284,6.100165],[125.157725,6.074286],[125.15447,6.064358],[125.145274,6.050035],[125.112234,5.953355],[125.088715,5.884711],[125.069102,5.861721],[125.049815,5.861396],[125.002208,5.871975],[124.963634,5.858588],[124.938731,5.863959],[124.837413,5.912258],[124.810883,5.918606],[124.767914,5.938056],[124.756114,5.938178],[124.743663,5.936957],[124.732677,5.937445],[124.708018,5.946601],[124.643321,5.985256],[124.636485,5.97842],[124.605805,5.992336],[124.596202,5.998928],[124.592459,6.00552],[124.589692,6.014635],[124.585948,6.022691],[124.579112,6.02619],[124.561371,6.030015],[124.421886,6.110297],[124.370128,6.132717],[124.245779,6.18651],[124.22877,6.197008],[124.201671,6.221747],[124.189464,6.240546],[124.176606,6.277818],[124.164806,6.294338],[124.097911,6.364651],[124.071951,6.401516],[124.054942,6.43769],[124.042491,6.488471],[124.04127,6.509711],[124.034841,6.530585],[124.03297,6.542426],[124.037446,6.547553],[124.051768,6.548896],[124.055837,6.55272],[124.054942,6.559027],[124.054942,6.646552],[124.052257,6.669379],[124.033865,6.73192],[124.037201,6.758409],[124.039806,6.77912],[124.036632,6.799709],[124.0171,6.808295],[124.014334,6.806098],[124.003266,6.790229],[123.997325,6.786078],[123.994477,6.787909],[123.992686,6.791815],[123.989431,6.793931],[123.982188,6.79682],[123.974946,6.8039],[123.968923,6.81273],[123.965505,6.821275],[123.96518,6.832343],[123.971202,6.850775],[123.972911,6.859117],[123.974864,6.965318],[123.988536,7.015611],[124.02947,7.115139],[124.051117,7.136623],[124.06837,7.141343],[124.091319,7.152777],[124.129405,7.177558],[124.166759,7.208401],[124.183767,7.226386],[124.194591,7.253648],[124.212738,7.270575],[124.219249,7.279975],[124.220876,7.289293],[124.219249,7.32095],[124.220876,7.346584],[124.225841,7.36579],[124.246755,7.40412],[124.23227,7.41474],[124.219005,7.415758],[124.187755,7.410346],[124.176036,7.415717],[124.167328,7.431912],[124.163097,7.439643],[124.153575,7.445054],[124.142426,7.461249],[124.095225,7.561184],[124.065196,7.602729],[124.020763,7.63349],[124.013357,7.634345],[123.959239,7.673896],[123.910899,7.69892],[123.903494,7.691474],[123.886078,7.699408],[123.862966,7.703437],[123.861664,7.703477],[123.818126,7.705146],[123.7942,7.710517],[123.777843,7.723944],[123.723806,7.7956],[123.703949,7.809394],[123.680675,7.815009],[123.65797,7.817206],[123.614594,7.833523],[123.609223,7.835517],[123.586925,7.839342],[123.52296,7.835517],[123.504893,7.831732],[123.479991,7.822659],[123.456879,7.811469],[123.444672,7.801337],[123.448253,7.766425],[123.475597,7.739325],[123.497813,7.708808],[123.485688,7.66356],[123.477061,7.653306],[123.466563,7.643866],[123.455414,7.635932],[123.444672,7.630072],[123.40919,7.623481],[123.400076,7.619452],[123.396251,7.611762],[123.395274,7.600409],[123.396251,7.578559],[123.392345,7.575629],[123.371593,7.588039],[123.362153,7.589057],[123.353526,7.572089],[123.366873,7.552191],[123.386404,7.53262],[123.396251,7.516791],[123.402599,7.492092],[123.417654,7.478664],[123.43572,7.468207],[123.451671,7.452541],[123.458669,7.431301],[123.457774,7.408637],[123.451427,7.387926],[123.441254,7.372748],[123.431,7.36872],[123.419444,7.37226],[123.388031,7.395413],[123.355968,7.410346],[123.342133,7.420478],[123.313162,7.451321],[123.304373,7.467434],[123.289806,7.477607],[123.286388,7.482611],[123.286388,7.504584],[123.284434,7.513251],[123.280284,7.520209],[123.264415,7.526353],[123.243826,7.524075],[123.225841,7.515611],[123.21811,7.503404],[123.212576,7.489325],[123.199474,7.482001],[123.183604,7.480943],[123.170421,7.486029],[123.140636,7.513129],[123.127452,7.53148],[123.122081,7.550605],[123.127615,7.572577],[123.141775,7.57982],[123.159679,7.582099],[123.177257,7.589057],[123.187511,7.605862],[123.186778,7.626207],[123.175304,7.643297],[123.153331,7.650539],[123.140391,7.661363],[123.135427,7.686469],[123.133474,7.714179],[123.129405,7.7331],[123.117931,7.74136],[123.10727,7.73192],[123.096446,7.714301],[123.084727,7.695217],[123.05714,7.667304],[123.050304,7.655097],[123.051524,7.644965],[123.054698,7.634833],[123.053722,7.622545],[123.049571,7.617987],[123.036143,7.60932],[123.033214,7.605862],[123.034516,7.598619],[123.037771,7.594672],[123.040212,7.590155],[123.04005,7.58161],[123.034516,7.56387],[123.019054,7.541978],[123.012218,7.527655],[123.01059,7.512844],[123.012218,7.482611],[123.006602,7.472357],[122.995616,7.467271],[122.990001,7.470364],[122.98463,7.47606],[122.974864,7.479193],[122.973643,7.480373],[122.950694,7.486029],[122.942393,7.499701],[122.927257,7.538153],[122.917247,7.547512],[122.905284,7.543402],[122.892345,7.53144],[122.881684,7.517401],[122.87615,7.507148],[122.875255,7.492825],[122.87794,7.48371],[122.876475,7.475979],[122.862559,7.465562],[122.85141,7.461005],[122.83725,7.458441],[122.822032,7.459418],[122.807384,7.465562],[122.813487,7.477769],[122.810313,7.48607],[122.803966,7.49018],[122.800548,7.489732],[122.798595,7.487128],[122.794444,7.485256],[122.789887,7.484687],[122.786876,7.486029],[122.785655,7.491767],[122.788097,7.496812],[122.791677,7.499945],[122.793712,7.499701],[122.792491,7.522691],[122.79713,7.53559],[122.80893,7.537543],[122.82838,7.527655],[122.83074,7.549791],[122.822765,7.564439],[122.812348,7.57689],[122.807384,7.592475],[122.799978,7.654202],[122.793712,7.671047],[122.801524,7.684394],[122.80836,7.70425],[122.812999,7.725531],[122.814708,7.743354],[122.804373,7.758612],[122.780447,7.759833],[122.739024,7.754136],[122.730479,7.760728],[122.714854,7.780951],[122.704275,7.788316],[122.659841,7.788316],[122.651052,7.786078],[122.630707,7.776313],[122.618663,7.774075],[122.59669,7.76142],[122.511485,7.695705],[122.485606,7.666897],[122.443858,7.608588],[122.433849,7.590644],[122.433604,7.578559],[122.451671,7.574408],[122.471853,7.579901],[122.485606,7.578518],[122.485118,7.553697],[122.47877,7.539862],[122.46754,7.522854],[122.454438,7.507758],[122.443614,7.499701],[122.451427,7.534166],[122.45102,7.540676],[122.439952,7.541938],[122.428477,7.532904],[122.419688,7.520168],[122.41627,7.51024],[122.405935,7.499945],[122.359874,7.472846],[122.347992,7.452541],[122.354259,7.430406],[122.368826,7.410468],[122.37908,7.391588],[122.372569,7.372748],[122.36378,7.362209],[122.344981,7.331773],[122.333507,7.323879],[122.322927,7.323147],[122.312266,7.323961],[122.300141,7.32095],[122.280447,7.294501],[122.26588,7.249091],[122.25172,7.164496],[122.24936,7.118109],[122.2435,7.09927],[122.202403,7.042629],[122.167328,6.952704],[122.15447,6.928127],[122.134288,6.914211],[122.123709,6.899644],[122.118663,6.89643],[122.095714,6.897406],[122.086762,6.899644],[122.037934,6.917385],[121.961192,6.958197],[121.937022,6.978949],[121.898936,7.057196],[121.897797,7.140286],[121.933442,7.217922],[122.005382,7.279975],[122.03891,7.2956],[122.046886,7.301093],[122.051036,7.307807],[122.053477,7.316881],[122.051768,7.324897],[122.043224,7.328355],[122.032563,7.33983],[122.034679,7.36579],[122.046886,7.410346],[122.045584,7.442532],[122.046886,7.452541],[122.052094,7.463284],[122.064952,7.481106],[122.067393,7.489732],[122.069998,7.513658],[122.077647,7.528022],[122.09018,7.537543],[122.107758,7.547512],[122.11964,7.556545],[122.137218,7.572984],[122.146007,7.588813],[122.113536,7.603258],[122.111583,7.620673],[122.122081,7.657375],[122.122732,7.700385],[122.117524,7.723212],[122.104747,7.7331],[122.096528,7.744696],[122.104991,7.770819],[122.128917,7.815009],[122.214529,7.921129],[122.239594,7.965725],[122.25172,7.980129],[122.263031,7.989814],[122.292247,8.009914],[122.322765,8.018215],[122.360037,8.040473],[122.437999,8.066555],[122.462576,8.07099],[122.478282,8.061998],[122.482432,8.070543],[122.489594,8.0751],[122.497813,8.074652],[122.505056,8.068264],[122.522716,8.076361],[122.599946,8.092922],[122.638438,8.108547],[122.649669,8.116034],[122.667735,8.14997],[122.67921,8.164211],[122.684418,8.153957],[122.691905,8.131659],[122.710948,8.119778],[122.735199,8.115465],[122.7588,8.116034],[122.855235,8.132473],[122.8685,8.141832],[122.879568,8.143988],[122.903087,8.14468],[122.91391,8.146552],[122.924571,8.150133],[122.945323,8.161851],[123.002615,8.209133],[123.013682,8.232408],[123.000743,8.250393],[122.964366,8.274359],[122.962087,8.280829],[122.958181,8.302395],[122.958181,8.308498],[122.96339,8.313951],[122.981619,8.324693],[122.985362,8.325873],[122.987478,8.330634],[122.991954,8.335761],[122.99643,8.342719],[122.998383,8.353176],[122.997244,8.364651],[122.992035,8.385484],[122.992198,8.397203],[122.999278,8.414944],[123.021739,8.444403],[123.026378,8.462714],[123.031016,8.474555],[123.042003,8.490139],[123.055431,8.50495],[123.067393,8.514553],[123.082042,8.519232],[123.160492,8.530666],[123.195079,8.542222],[123.211274,8.541815],[123.215505,8.538316],[123.225597,8.525092],[123.231944,8.520697],[123.242035,8.51911],[123.300955,8.524237],[123.318207,8.533515],[123.331065,8.546617],[123.346446,8.56977],[123.34962,8.576606],[123.363536,8.623277],[123.371593,8.63345],[123.386729,8.637437],[123.392345,8.635728],[123.397634,8.632392],[123.403331,8.629828],[123.410655,8.630561],[123.415538,8.633694],[123.427582,8.644232],[123.436371,8.649482],[123.431977,8.661078],[123.400076,8.697659],[123.391856,8.709418],[123.390147,8.719387],[123.397146,8.723212],[123.411143,8.726386],[123.424815,8.726955],[123.431,8.722805],[123.436697,8.721829],[123.461925,8.707261],[123.477794,8.695299],[123.488455,8.692125],[123.500255,8.693101],[123.51295,8.698879],[123.514171,8.647284],[123.521821,8.622545],[123.539724,8.623765],[123.545909,8.620063],[123.549001,8.618842],[123.561371,8.613837],[123.567638,8.610093],[123.571788,8.604682],[123.581309,8.582831],[123.590994,8.59276],[123.59254,8.602281],[123.592133,8.612372],[123.594981,8.623765],[123.600352,8.632554],[123.615489,8.651068],[123.603282,8.663072],[123.61671,8.670722],[123.633067,8.668443],[123.62908,8.651068],[123.710297,8.633246],[123.722504,8.628079],[123.730968,8.618883],[123.738943,8.602688],[123.745779,8.602688],[123.75408,8.610297],[123.7588,8.607489],[123.766856,8.589016],[123.764903,8.589097],[123.777029,8.557359],[123.780528,8.551744],[123.786388,8.537665],[123.82838,8.486558],[123.844737,8.452216],[123.857595,8.40941],[123.866059,8.364325],[123.869314,8.243313],[123.884776,8.185452],[123.882986,8.164496],[123.873302,8.153266],[123.767751,8.059027],[123.745779,8.048407],[123.702403,8.045803],[123.684744,8.036811],[123.677664,8.010728],[123.677582,8.010606],[123.677501,8.010199],[123.676443,8.000067],[123.671723,7.980658],[123.670665,7.969224],[123.670746,7.969184],[123.67213,7.96776],[123.676443,7.963365],[123.676687,7.963487],[123.688975,7.968329],[123.700857,7.976467],[123.704845,7.980129],[123.740977,8.000434],[123.873709,8.10517],[123.886404,8.109198],[123.907481,8.113227],[123.922048,8.123236],[123.945079,8.150133],[123.968923,8.167792],[124.000255,8.181342],[124.036306,8.189846],[124.155772,8.190253],[124.198497,8.196479],[124.23227,8.212877],[124.242442,8.225328],[124.258067,8.255927],[124.270274,8.270941],[124.274669,8.281073],[124.270763,8.291449],[124.263927,8.301825],[124.260427,8.311916],[124.261729,8.32453],[124.265391,8.33397],[124.273936,8.350043],[124.274587,8.35456],[124.273204,8.364814],[124.273936,8.369289],[124.277029,8.373521],[124.283946,8.378607],[124.286957,8.383531],[124.296235,8.404731],[124.29949,8.415473],[124.302013,8.45246],[124.305919,8.4737],[124.321788,8.514553],[124.34254,8.548651],[124.371104,8.581366],[124.405772,8.607896],[124.444591,8.623765],[124.469981,8.624823],[124.476085,8.614569],[124.475352,8.5987],[124.480154,8.582831],[124.485199,8.582465],[124.508556,8.577338],[124.510509,8.575995],[124.517426,8.574652],[124.52589,8.571112],[124.540782,8.561713],[124.571544,8.528144],[124.58253,8.520697],[124.599946,8.516181],[124.657481,8.514553],[124.648448,8.496324],[124.640961,8.47602],[124.636485,8.454291],[124.636485,8.431952],[124.643321,8.431952],[124.650645,8.458197],[124.663097,8.475816],[124.682953,8.481838],[124.712169,8.472968],[124.716482,8.479804],[124.732677,8.493394],[124.736339,8.495022],[124.749766,8.498725],[124.753184,8.50023],[124.753673,8.506578],[124.750987,8.512519],[124.747732,8.517401],[124.746349,8.520697],[124.750499,8.5515],[124.753184,8.561713],[124.757335,8.569078],[124.769786,8.58633],[124.773611,8.596422],[124.771495,8.615871],[124.751475,8.650458],[124.746349,8.670966],[124.751231,8.692776],[124.763194,8.706],[124.77711,8.717353],[124.787852,8.733629],[124.78004,8.752875],[124.780772,8.774604],[124.787852,8.818996],[124.787852,8.904283],[124.780772,8.949123],[124.781749,8.971137],[124.791026,8.990627],[124.799083,8.999986],[124.809418,9.009467],[124.820811,9.014553],[124.832042,9.010728],[124.843598,9.00373],[124.85377,9.003974],[124.864024,9.006741],[124.87672,9.007392],[124.895193,9.002753],[124.915294,8.994127],[124.931407,8.982733],[124.938162,8.969794],[124.947276,8.96247],[125.026378,8.918524],[125.034434,8.91177],[125.057384,8.88227],[125.072765,8.872789],[125.093028,8.839789],[125.105968,8.829779],[125.115733,8.830552],[125.137462,8.843492],[125.159353,8.851142],[125.176443,8.860582],[125.187348,8.875922],[125.195323,8.960883],[125.191417,8.980048],[125.187755,8.985907],[125.183116,8.9914],[125.17921,8.997992],[125.177745,9.007392],[125.179942,9.019477],[125.18922,9.039374],[125.191417,9.052069],[125.191905,9.064927],[125.194102,9.072414],[125.199474,9.078274],[125.208751,9.086493],[125.218516,9.088121],[125.227224,9.078843],[125.239757,9.055162],[125.269298,9.01557],[125.288748,9.000434],[125.311778,8.99433],[125.37672,8.99136],[125.419932,8.981594],[125.441173,8.980414],[125.462169,8.985175],[125.516612,9.015937],[125.526541,9.02619],[125.534516,9.048977],[125.540701,9.084052],[125.542003,9.189195],[125.539317,9.206692],[125.533214,9.217597],[125.526052,9.226955],[125.521007,9.239488],[125.520274,9.248236],[125.521495,9.266181],[125.521007,9.274848],[125.517833,9.284491],[125.509044,9.303697],[125.50294,9.329169],[125.483735,9.361274],[125.477306,9.390611],[125.472911,9.398342],[125.468272,9.404242],[125.466319,9.408352],[125.466319,9.439358],[125.465261,9.444688],[125.462413,9.459296],[125.440684,9.515937],[125.438162,9.525824],[125.435557,9.546047],[125.398692,9.681057],[125.397472,9.699408],[125.400401,9.717434],[125.407074,9.73371],[125.45574,9.812812],[125.459483,9.822943],[125.471365,9.808905],[125.488455,9.792914],[125.507091,9.779934],[125.540375,9.771064],[125.569021,9.756659],[125.589203,9.754625],[125.584646,9.73078],[125.592621,9.702338],[125.604503,9.673326],[125.610362,9.647895],[125.620128,9.629788],[125.643565,9.611274],[125.670909,9.600084],[125.692882,9.603827],[125.691091,9.600165],[125.690115,9.59691],[125.68865,9.593492],[125.685313,9.589545],[125.698497,9.589993],[125.705903,9.58515],[125.712738,9.575873],[125.722667,9.575507],[125.743988,9.577379],[125.753673,9.575873],[125.772472,9.554836],[125.781016,9.54857],[125.790863,9.545315],[125.848969,9.537177],[125.868012,9.526923],[125.901134,9.497056],[125.910655,9.494208],[125.923188,9.494289],[125.934093,9.492336],[125.938731,9.48371],[125.94044,9.475002],[125.948985,9.46308],[125.952403,9.45303],[125.96339,9.47248],[125.965994,9.480292],[125.97283,9.480292],[125.972667,9.464016],[125.971202,9.454088],[125.967459,9.44717],[125.959727,9.439358],[125.948578,9.434231],[125.920258,9.426907],[125.911876,9.418199],[125.910981,9.404934],[125.916759,9.395413],[125.926931,9.388902],[125.938731,9.384711],[125.955821,9.381781],[125.966645,9.384263],[125.993907,9.397773],[125.991954,9.357856],[125.996593,9.324652],[126.011729,9.29385],[126.057953,9.245998],[126.06544,9.241767],[126.075857,9.239488],[126.089122,9.240871],[126.109874,9.251207],[126.143403,9.26142],[126.179373,9.297187],[126.199962,9.308417],[126.2199,9.30565],[126.22462,9.290961],[126.219412,9.272203],[126.200369,9.240627],[126.19337,9.216376],[126.18572,9.17182],[126.18572,9.138332],[126.178966,9.093004],[126.183604,9.081488],[126.194509,9.07746],[126.207042,9.076117],[126.217052,9.072496],[126.222992,9.06391],[126.233653,9.039374],[126.240245,9.028469],[126.312755,8.956244],[126.322276,8.93537],[126.323578,8.922349],[126.335948,8.884467],[126.331879,8.870022],[126.332367,8.86107],[126.34547,8.853258],[126.34311,8.84512],[126.338227,8.837633],[126.335948,8.836086],[126.328787,8.81273],[126.316905,8.787991],[126.300059,8.768297],[126.278168,8.760321],[126.240245,8.735053],[126.234141,8.733629],[126.234141,8.719184],[126.241873,8.710598],[126.261485,8.698879],[126.261485,8.692694],[126.257579,8.690497],[126.257009,8.689683],[126.256847,8.688544],[126.254568,8.685207],[126.242198,8.690009],[126.231619,8.692206],[126.209972,8.692694],[126.197765,8.6883],[126.173676,8.669094],[126.138438,8.654039],[126.118907,8.630561],[126.110525,8.607123],[126.130382,8.586493],[126.148204,8.540676],[126.158458,8.527574],[126.167247,8.526597],[126.199962,8.527574],[126.219574,8.521715],[126.22877,8.52147],[126.240245,8.527574],[126.220714,8.540432],[126.214203,8.548245],[126.22047,8.555487],[126.231781,8.554836],[126.244802,8.549302],[126.257498,8.546861],[126.268321,8.555487],[126.291515,8.544623],[126.356944,8.534369],[126.356212,8.536282],[126.359141,8.539374],[126.364431,8.541815],[126.370128,8.541815],[126.369802,8.538886],[126.37322,8.530829],[126.380626,8.517646],[126.401052,8.502183],[126.405284,8.492621],[126.39796,8.479153],[126.402029,8.476304],[126.406912,8.470404],[126.411632,8.466132],[126.38502,8.467353],[126.37436,8.464545],[126.370128,8.455552],[126.366873,8.432074],[126.370128,8.427639],[126.3838,8.431952],[126.387706,8.415351],[126.380056,8.395575],[126.356944,8.363715],[126.352306,8.362372],[126.340505,8.35517],[126.33253,8.347073],[126.33961,8.343207],[126.343272,8.338121],[126.356944,8.311916],[126.365001,8.304999],[126.379893,8.302069],[126.388438,8.292914],[126.377615,8.267524],[126.345876,8.231391],[126.338634,8.214586],[126.346446,8.195502],[126.361583,8.187161],[126.377615,8.191596],[126.393321,8.200507],[126.42335,8.211005],[126.459321,8.24018],[126.463064,8.229926],[126.457286,8.144721],[126.453949,8.12934],[126.455333,8.115058],[126.466156,8.095526],[126.442882,8.081448],[126.431488,8.0456],[126.434255,8.005927],[126.453136,7.980129],[126.434825,7.961819],[126.395518,7.933336],[126.3838,7.9112],[126.383474,7.899563],[126.383067,7.885688],[126.391368,7.858303],[126.406098,7.833238],[126.425304,7.815009],[126.454926,7.797309],[126.459321,7.791693],[126.46339,7.781073],[126.487478,7.746731],[126.510997,7.732733],[126.562266,7.727525],[126.582856,7.719428],[126.575694,7.697089],[126.571788,7.674954],[126.569184,7.62637],[126.573578,7.603502],[126.592784,7.5539],[126.600922,7.506415],[126.60727,7.485175],[126.608653,7.465318],[126.597341,7.445054],[126.585704,7.437323],[126.574718,7.43301],[126.566417,7.426011],[126.562999,7.410346],[126.566742,7.406684],[126.589692,7.389838],[126.582042,7.367377],[126.58074,7.320014],[126.569184,7.301093]]],[[[125.295095,9.970649],[125.306163,9.937445],[125.304942,9.932807],[125.296397,9.929267],[125.291352,9.922187],[125.285167,9.916938],[125.273936,9.919135],[125.267426,9.924506],[125.265147,9.930894],[125.263845,9.938218],[125.260265,9.946479],[125.236339,9.974351],[125.198741,10.035834],[125.164806,10.055976],[125.145763,10.070705],[125.137462,10.086737],[125.125824,10.129828],[125.124522,10.151801],[125.137462,10.165513],[125.149099,10.165961],[125.158458,10.16059],[125.175466,10.145494],[125.216482,10.129625],[125.229259,10.121161],[125.239268,10.103909],[125.253429,10.035834],[125.263031,10.023139],[125.27711,10.008857],[125.289561,9.991685],[125.295095,9.970649]]],[[[124.379731,10.691311],[124.385265,10.679755],[124.388357,10.667141],[124.389985,10.641303],[124.378429,10.628323],[124.300629,10.590074],[124.284353,10.603827],[124.288829,10.616929],[124.301117,10.631171],[124.308116,10.648424],[124.309581,10.66234],[124.313731,10.677802],[124.319835,10.692369],[124.327647,10.704006],[124.340994,10.711819],[124.355479,10.710639],[124.369151,10.70307],[124.379731,10.691311]]],[[[124.465831,10.713609],[124.503917,10.693305],[124.520681,10.665758],[124.5088,10.641547],[124.462413,10.631049],[124.40919,10.648261],[124.408458,10.683824],[124.435557,10.713609],[124.465831,10.713609]]],[[[125.822032,10.734687],[125.831798,10.72012],[125.826915,10.70893],[125.81365,10.70185],[125.79835,10.699368],[125.779796,10.699164],[125.769379,10.700385],[125.761404,10.705552],[125.750255,10.717353],[125.740001,10.724433],[125.702891,10.740953],[125.684093,10.752753],[125.678966,10.778876],[125.687266,10.805162],[125.709158,10.817694],[125.731456,10.808051],[125.744151,10.758368],[125.760509,10.740953],[125.776215,10.738918],[125.80836,10.740424],[125.822032,10.734687]]],[[[119.632091,11.069892],[119.639822,11.057766],[119.645518,11.044094],[119.648692,11.029608],[119.64796,11.015286],[119.641287,11.015286],[119.635753,11.019517],[119.62908,11.018866],[119.62143,11.014635],[119.613129,11.00845],[119.608572,11.024563],[119.596934,11.034735],[119.585216,11.041205],[119.579763,11.045966],[119.576671,11.084052],[119.579763,11.097846],[119.620372,11.081244],[119.632091,11.069892]]],[[[119.613129,11.200263],[119.628429,11.190172],[119.632335,11.181627],[119.627696,11.173041],[119.609874,11.156724],[119.589529,11.141791],[119.583344,11.138821],[119.570079,11.144355],[119.567149,11.15705],[119.569591,11.170722],[119.572927,11.179145],[119.575531,11.178371],[119.593435,11.186591],[119.597667,11.190823],[119.600352,11.195136],[119.60434,11.198635],[119.613129,11.200263]]],[[[124.59962,11.563381],[124.62143,11.5539],[124.625011,11.532701],[124.615977,11.498196],[124.609141,11.486558],[124.592459,11.481635],[124.5324,11.482571],[124.507091,11.488837],[124.486339,11.488227],[124.483572,11.479682],[124.479747,11.474677],[124.472667,11.473944],[124.467133,11.477729],[124.463715,11.483873],[124.461436,11.49018],[124.458832,11.494452],[124.424815,11.529242],[124.413259,11.546454],[124.386485,11.614488],[124.380626,11.636705],[124.376475,11.645901],[124.354991,11.67121],[124.349132,11.68008],[124.368663,11.678941],[124.417979,11.693671],[124.430919,11.695054],[124.469086,11.692816],[124.49586,11.69477],[124.505382,11.693061],[124.523204,11.686265],[124.541677,11.675198],[124.556,11.660224],[124.567149,11.62523],[124.591645,11.574123],[124.59962,11.563381]]],[[[124.815196,11.63227],[124.821788,11.621487],[124.828624,11.61343],[124.838878,11.607856],[124.856212,11.604926],[124.852224,11.594428],[124.850108,11.583726],[124.849376,11.560248],[124.846039,11.548774],[124.838878,11.540025],[124.831554,11.536322],[124.807872,11.563381],[124.809906,11.56684],[124.808767,11.577338],[124.802013,11.582465],[124.787852,11.570217],[124.773611,11.604926],[124.780772,11.60224],[124.787852,11.59809],[124.785411,11.614325],[124.776052,11.629828],[124.76295,11.641343],[124.749766,11.645901],[124.740571,11.650621],[124.736176,11.661689],[124.733409,11.674302],[124.729259,11.683417],[124.722423,11.693264],[124.722667,11.701565],[124.732677,11.721625],[124.739513,11.721625],[124.740896,11.719713],[124.751231,11.708889],[124.784841,11.688707],[124.789399,11.684882],[124.792979,11.680365],[124.79477,11.674709],[124.796235,11.667792],[124.799083,11.662014],[124.813731,11.655341],[124.81658,11.646064],[124.815196,11.63227]]],[[[122.297211,18.403876],[122.317149,18.377427],[122.324962,18.336615],[122.32016,18.292548],[122.306977,18.251288],[122.288585,18.218207],[122.262706,18.186103],[122.246755,18.171942],[122.213715,18.14997],[122.180024,18.120754],[122.174327,18.113471],[122.16977,18.100491],[122.169119,18.088121],[122.171886,18.079413],[122.175548,18.071845],[122.177257,18.063178],[122.177257,18.029039],[122.183116,17.996487],[122.183442,17.984361],[122.140147,17.798285],[122.139903,17.787909],[122.14324,17.765286],[122.142345,17.757066],[122.136078,17.744289],[122.135753,17.737291],[122.139822,17.730048],[122.153168,17.715522],[122.156261,17.706936],[122.156586,17.619289],[122.162934,17.593329],[122.193858,17.519192],[122.197113,17.494615],[122.206065,17.475287],[122.224457,17.45189],[122.239594,17.426825],[122.23878,17.402167],[122.243663,17.391099],[122.246349,17.374905],[122.25115,17.360175],[122.262706,17.353746],[122.266449,17.355373],[122.271495,17.358629],[122.278331,17.361233],[122.28712,17.360582],[122.305349,17.344184],[122.313731,17.340074],[122.32602,17.340888],[122.352875,17.351142],[122.365408,17.353746],[122.381602,17.347398],[122.390147,17.316881],[122.402599,17.305976],[122.397797,17.329088],[122.414561,17.319078],[122.435395,17.292426],[122.443614,17.265611],[122.425141,17.279527],[122.414317,17.283637],[122.409434,17.275214],[122.411632,17.260443],[122.420909,17.232327],[122.423106,17.220608],[122.420584,17.205878],[122.410411,17.175523],[122.409434,17.161933],[122.41684,17.145819],[122.441417,17.127997],[122.45102,17.114163],[122.454438,17.11872],[122.460948,17.123481],[122.464692,17.127834],[122.480479,17.123481],[122.490245,17.13288],[122.500987,17.139797],[122.519298,17.127834],[122.529145,17.109605],[122.529063,17.090522],[122.521495,17.072008],[122.5088,17.055854],[122.503917,17.046536],[122.500499,17.034125],[122.496104,17.023261],[122.488292,17.018541],[122.483572,17.013658],[122.472911,16.989691],[122.459727,16.912014],[122.464692,16.895087],[122.448985,16.864976],[122.422699,16.794338],[122.373383,16.713528],[122.365001,16.685126],[122.34547,16.642524],[122.33839,16.631293],[122.325206,16.616156],[122.300141,16.565497],[122.286388,16.54682],[122.253184,16.519965],[122.24464,16.510565],[122.23878,16.504055],[122.234223,16.495103],[122.232188,16.486518],[122.231944,16.466498],[122.229177,16.461615],[122.211436,16.449408],[122.204275,16.43476],[122.205333,16.423896],[122.217621,16.394761],[122.224132,16.408515],[122.225108,16.415269],[122.231944,16.415269],[122.224946,16.380764],[122.191905,16.317369],[122.197113,16.291693],[122.214529,16.307074],[122.231944,16.319037],[122.228689,16.304633],[122.203868,16.263821],[122.20338,16.257473],[122.205333,16.242499],[122.203868,16.236518],[122.198741,16.23371],[122.182465,16.232001],[122.177257,16.230292],[122.149425,16.195543],[122.115245,16.168891],[122.083995,16.137356],[122.080414,16.135321],[122.076996,16.132717],[122.073578,16.127265],[122.071788,16.11933],[122.072439,16.111558],[122.073578,16.104926],[122.073578,16.099921],[122.059255,16.077786],[122.016124,16.051459],[121.997895,16.031073],[121.99171,16.03852],[122.011567,16.065741],[122.021658,16.08393],[122.02589,16.103705],[122.033458,16.117133],[122.081065,16.148383],[122.087576,16.164455],[122.092784,16.187323],[122.101573,16.20775],[122.132579,16.225491],[122.14088,16.244086],[122.135265,16.260728],[122.107758,16.263821],[122.087413,16.255316],[122.077403,16.241278],[122.073985,16.224026],[122.073578,16.205756],[122.066905,16.190131],[122.050548,16.180854],[122.012218,16.168891],[121.954763,16.139146],[121.940196,16.134711],[121.903982,16.129828],[121.868175,16.120429],[121.855968,16.111314],[121.844086,16.100002],[121.829926,16.090399],[121.799978,16.083238],[121.788422,16.077216],[121.77768,16.073188],[121.769542,16.075751],[121.761078,16.079983],[121.752289,16.07689],[121.684418,16.021145],[121.678722,16.010728],[121.642263,15.969631],[121.593272,15.944892],[121.57781,15.932074],[121.567393,15.915717],[121.560069,15.895209],[121.552989,15.852932],[121.554861,15.828925],[121.570649,15.793769],[121.574555,15.774359],[121.585216,15.765448],[121.608653,15.763088],[121.631847,15.757025],[121.642263,15.736884],[121.636567,15.72248],[121.594493,15.67475],[121.611095,15.671088],[121.619802,15.667467],[121.629161,15.661119],[121.590994,15.640448],[121.573741,15.627265],[121.56658,15.610256],[121.561534,15.591376],[121.549001,15.576402],[121.495616,15.532457],[121.487559,15.520413],[121.479259,15.456204],[121.472911,15.43769],[121.464122,15.421536],[121.42628,15.373765],[121.408865,15.377753],[121.397716,15.382717],[121.389903,15.377875],[121.381602,15.352688],[121.379161,15.308173],[121.391124,15.266262],[121.413748,15.231635],[121.443614,15.209296],[121.468435,15.196112],[121.481456,15.182522],[121.487559,15.163316],[121.508149,15.062812],[121.51531,15.051663],[121.527843,15.040758],[121.560069,14.989651],[121.56658,14.972805],[121.570649,14.94599],[121.581798,14.919664],[121.597341,14.894843],[121.615001,14.87287],[121.60963,14.86994],[121.59962,14.862006],[121.594493,14.859198],[121.635753,14.811591],[121.642263,14.800849],[121.649913,14.792182],[121.712657,14.744371],[121.724946,14.73078],[121.726085,14.72016],[121.707367,14.715806],[121.670909,14.714342],[121.649181,14.710517],[121.629161,14.702826],[121.613943,14.689887],[121.608084,14.674262],[121.608165,14.630194],[121.610688,14.612616],[121.647227,14.492255],[121.651378,14.456122],[121.662446,14.417385],[121.670177,14.401109],[121.682384,14.385443],[121.724864,14.345893],[121.734711,14.328681],[121.736095,14.314887],[121.731619,14.280422],[121.73585,14.273139],[121.754649,14.255764],[121.758962,14.246568],[121.757172,14.230618],[121.752126,14.215725],[121.743663,14.203437],[121.731619,14.195054],[121.731619,14.188218],[121.744884,14.177151],[121.78004,14.126166],[121.847667,14.078355],[121.917247,14.009508],[121.93629,13.995185],[122.087901,13.937812],[122.231944,13.90644],[122.233165,13.933051],[122.222016,13.952094],[122.183442,13.988959],[122.202403,13.994574],[122.293305,13.97012],[122.298513,13.972561],[122.300141,13.985582],[122.296397,14.002753],[122.299815,14.007554],[122.313731,14.010077],[122.313731,14.016303],[122.290782,14.023098],[122.251964,14.067694],[122.235362,14.078355],[122.208669,14.087633],[122.186209,14.110541],[122.170177,14.139635],[122.162934,14.167792],[122.173188,14.160224],[122.175548,14.155951],[122.177257,14.146674],[122.183442,14.146674],[122.184093,14.169867],[122.195567,14.183783],[122.231944,14.20185],[122.244395,14.196031],[122.247569,14.212795],[122.247813,14.236151],[122.25172,14.250312],[122.263682,14.247382],[122.266612,14.227607],[122.264008,14.203681],[122.259288,14.188218],[122.266856,14.17886],[122.268891,14.167304],[122.269542,14.154242],[122.272797,14.140448],[122.271495,14.136664],[122.273204,14.132514],[122.279633,14.126166],[122.284353,14.125881],[122.288585,14.130194],[122.291759,14.136054],[122.293305,14.140448],[122.298513,14.12934],[122.300304,14.11758],[122.300141,14.092027],[122.318696,14.100043],[122.334972,14.113227],[122.345714,14.131334],[122.347992,14.15412],[122.344249,14.16059],[122.330089,14.180569],[122.327485,14.188218],[122.331309,14.200263],[122.337657,14.207587],[122.344005,14.206936],[122.347992,14.195054],[122.355479,14.195054],[122.3567,14.204657],[122.355724,14.212226],[122.352794,14.218085],[122.347992,14.222357],[122.366954,14.222154],[122.376801,14.228502],[122.37672,14.239651],[122.365408,14.253404],[122.366222,14.261461],[122.381358,14.29328],[122.388927,14.304918],[122.394542,14.29149],[122.403656,14.295396],[122.412446,14.309027],[122.41627,14.324774],[122.431163,14.318061],[122.444591,14.324652],[122.45753,14.336615],[122.470958,14.345893],[122.483165,14.346666],[122.49464,14.341376],[122.519298,14.324774],[122.514903,14.329901],[122.505056,14.345893],[122.527843,14.3487],[122.575369,14.329291],[122.601248,14.324774],[122.598888,14.311225],[122.604666,14.301256],[122.61378,14.299709],[122.622325,14.311184],[122.625662,14.296536],[122.634613,14.286038],[122.644298,14.284735],[122.649669,14.297512],[122.677989,14.294664],[122.690684,14.291246],[122.674327,14.316107],[122.671397,14.339423],[122.679861,14.350531],[122.69752,14.338446],[122.704275,14.345893],[122.711681,14.329535],[122.72169,14.315741],[122.735118,14.313544],[122.752696,14.332221],[122.757498,14.325832],[122.762706,14.321357],[122.768891,14.318793],[122.784434,14.316962],[122.785411,14.314154],[122.784434,14.310045],[122.786876,14.304918],[122.802582,14.287177],[122.809825,14.28441],[122.824718,14.28384],[122.853282,14.278551],[122.873302,14.265204],[122.903575,14.229193],[122.904552,14.224026],[122.903331,14.21719],[122.903087,14.211249],[122.906993,14.208686],[122.919932,14.208157],[122.925059,14.206122],[122.930837,14.20185],[122.954356,14.167792],[122.965505,14.159247],[123.002696,14.118883],[123.012218,14.105699],[123.021739,14.111396],[123.032725,14.107815],[123.042247,14.098049],[123.046886,14.085191],[123.043956,14.06977],[123.036388,14.05744],[123.030528,14.043443],[123.033214,14.023139],[123.053722,14.002631],[123.078136,13.988105],[123.081554,13.988959],[123.084239,13.97427],[123.081554,13.928168],[123.08839,13.901435],[123.087738,13.893459],[123.082042,13.884426],[123.074962,13.881659],[123.067638,13.879584],[123.060557,13.872952],[123.055919,13.861314],[123.048839,13.821967],[123.046886,13.810858],[123.049815,13.775824],[123.066661,13.75609],[123.088715,13.741645],[123.108246,13.722113],[123.115896,13.722113],[123.136729,13.732815],[123.160899,13.734076],[123.214692,13.728949],[123.224946,13.731147],[123.255626,13.743313],[123.266612,13.749416],[123.301768,13.789455],[123.307465,13.801256],[123.309581,13.807929],[123.313162,13.814114],[123.314952,13.820543],[123.308279,13.833319],[123.296641,13.869818],[123.280935,13.891832],[123.280284,13.90644],[123.313487,13.93008],[123.317719,13.934394],[123.325531,13.940009],[123.331391,13.953355],[123.334809,13.969184],[123.33546,13.982164],[123.32488,13.971503],[123.312511,13.940823],[123.304047,13.934394],[123.29005,13.934556],[123.28061,13.936103],[123.23463,13.963813],[123.222992,13.975816],[123.21811,13.992743],[123.227712,14.000434],[123.245291,14.006781],[123.254242,14.013739],[123.23878,14.023139],[123.259044,14.031195],[123.261729,14.042304],[123.252289,14.068101],[123.261485,14.072903],[123.282074,14.066474],[123.314301,14.051093],[123.314301,14.057278],[123.310313,14.060248],[123.300792,14.071519],[123.3296,14.070299],[123.33546,14.071519],[123.335297,14.078762],[123.327159,14.096015],[123.331798,14.099514],[123.345063,14.093695],[123.353282,14.079413],[123.362153,14.043606],[123.345388,14.039537],[123.342052,14.027777],[123.346446,14.016303],[123.352306,14.01317],[123.370128,14.029853],[123.378673,14.035102],[123.390147,14.03734],[123.385102,14.030911],[123.375824,14.010077],[123.386241,14.014106],[123.390147,14.016303],[123.396251,14.010077],[123.392345,13.991848],[123.411794,13.96426],[123.403819,13.948676],[123.410655,13.939439],[123.415212,13.929389],[123.417328,13.918443],[123.417328,13.90644],[123.424164,13.90644],[123.429454,13.919379],[123.437266,13.929145],[123.443696,13.941352],[123.444672,13.961656],[123.464692,13.956448],[123.477794,13.950507],[123.486339,13.940009],[123.492524,13.920722],[123.538829,13.924954],[123.612804,13.897162],[123.681407,13.88467],[123.711681,13.934394],[123.73406,13.897121],[123.76531,13.864325],[123.804047,13.837633],[123.876313,13.807318],[123.878917,13.8039],[123.880056,13.800727],[123.882986,13.797797],[123.895274,13.794094],[123.919444,13.793769],[123.931407,13.790351],[123.937755,13.784003],[123.951915,13.755601],[123.968761,13.740058],[123.972667,13.729315],[123.965505,13.714667],[123.948578,13.728176],[123.942719,13.734565],[123.937511,13.742621],[123.931407,13.742621],[123.929942,13.73843],[123.924571,13.728949],[123.909923,13.735989],[123.892589,13.740058],[123.859386,13.742621],[123.850271,13.734076],[123.836274,13.715277],[123.81837,13.696479],[123.797374,13.687974],[123.779307,13.692125],[123.742931,13.710435],[123.688162,13.718695],[123.666677,13.718329],[123.656993,13.711575],[123.64796,13.703559],[123.626964,13.710842],[123.603852,13.722886],[123.588145,13.728949],[123.570486,13.722968],[123.560069,13.709621],[123.528494,13.626776],[123.526622,13.606024],[123.535004,13.603949],[123.53891,13.600979],[123.536632,13.59516],[123.534028,13.590644],[123.533214,13.585598],[123.533458,13.574693],[123.536306,13.5633],[123.542979,13.560248],[123.551768,13.563625],[123.560802,13.571234],[123.593598,13.529446],[123.598318,13.523586],[123.605479,13.516669],[123.667247,13.485582],[123.680024,13.469957],[123.704845,13.427232],[123.709239,13.423529],[123.722504,13.415188],[123.725352,13.409898],[123.725271,13.399075],[123.726329,13.390855],[123.731456,13.362535],[123.743419,13.340318],[123.759288,13.323879],[123.77711,13.317369],[123.794607,13.308417],[123.805675,13.287095],[123.821544,13.242906],[123.82545,13.260159],[123.836192,13.25609],[123.848155,13.241889],[123.855642,13.228664],[123.789317,13.232408],[123.767589,13.224311],[123.759451,13.197943],[123.756847,13.180976],[123.752208,13.167629],[123.749522,13.154731],[123.753184,13.139309],[123.770193,13.110785],[123.768077,13.098538],[123.745779,13.092108],[123.745779,13.084662],[123.750011,13.077623],[123.749848,13.072659],[123.745779,13.064154],[123.7671,13.053371],[123.775401,13.050767],[123.787364,13.051174],[123.797699,13.055162],[123.812755,13.068183],[123.818126,13.07099],[123.855642,13.118801],[123.861095,13.127875],[123.865001,13.136379],[123.870942,13.14289],[123.882986,13.146064],[123.894542,13.1435],[123.905284,13.129055],[123.914317,13.125637],[123.924327,13.125067],[123.931651,13.122707],[123.936209,13.11758],[123.937511,13.108588],[123.943614,13.107896],[123.979177,13.098334],[123.992361,13.09162],[124.008149,13.080024],[124.021332,13.066596],[124.027029,13.054267],[124.071137,13.016099],[124.081554,13.009508],[124.091319,13.018744],[124.112315,13.060492],[124.116222,13.074408],[124.12672,13.078681],[124.149913,13.072903],[124.173188,13.063544],[124.184581,13.057318],[124.188243,13.039537],[124.185802,13.020819],[124.177501,13.009996],[124.164806,13.016343],[124.153005,13.001288],[124.146495,12.989936],[124.136892,12.961737],[124.118826,12.925482],[124.116222,12.916449],[124.119477,12.900824],[124.133637,12.878485],[124.142833,12.814399],[124.143077,12.797309],[124.129405,12.677191],[124.123057,12.662299],[124.094737,12.643541],[124.08839,12.628811],[124.091482,12.611884],[124.096202,12.60163],[124.095063,12.593655],[124.081554,12.583726],[124.086599,12.577379],[124.095225,12.557074],[124.083344,12.553412],[124.066742,12.541449],[124.054942,12.537258],[124.042247,12.535834],[124.010102,12.537258],[123.983165,12.54678],[123.959972,12.568915],[123.931407,12.611721],[123.93336,12.622219],[123.929942,12.623684],[123.923025,12.62108],[123.914317,12.619127],[123.899181,12.635891],[123.878591,12.645209],[123.870128,12.660346],[123.862966,12.679429],[123.84254,12.716213],[123.843028,12.735785],[123.847179,12.755805],[123.848806,12.77619],[123.842052,12.801215],[123.829845,12.811998],[123.813162,12.818671],[123.79363,12.831448],[123.819102,12.831855],[123.838715,12.839301],[123.853201,12.853095],[123.863048,12.872382],[123.873871,12.866929],[123.889985,12.850735],[123.897227,12.84512],[123.906749,12.84162],[123.912283,12.842027],[123.917979,12.84394],[123.927989,12.84512],[123.94044,12.848293],[123.943533,12.856147],[123.943858,12.866116],[123.948497,12.875474],[123.958832,12.880032],[123.969574,12.878079],[123.979015,12.87401],[123.986013,12.872382],[124.002452,12.879706],[124.017833,12.893785],[124.029307,12.91177],[124.033865,12.930406],[124.025157,12.955308],[124.004893,12.96133],[123.958669,12.954291],[123.940929,12.957261],[123.910167,12.971503],[123.893403,12.974799],[123.881602,12.966498],[123.873871,12.947496],[123.8685,12.926825],[123.863048,12.913316],[123.839366,12.88817],[123.823009,12.877021],[123.799327,12.871243],[123.79005,12.866116],[123.783946,12.864936],[123.778331,12.867092],[123.769216,12.876451],[123.763194,12.878607],[123.758311,12.874905],[123.747569,12.857489],[123.738943,12.851874],[123.735362,12.850328],[123.729747,12.846259],[123.725352,12.84512],[123.720063,12.859076],[123.711681,12.872382],[123.722667,12.87637],[123.731293,12.883287],[123.732677,12.889879],[123.722179,12.89289],[123.6963,12.891547],[123.690115,12.888739],[123.694835,12.882799],[123.69752,12.874945],[123.698009,12.864936],[123.677257,12.884182],[123.686534,12.905422],[123.703298,12.927191],[123.698253,12.930894],[123.690929,12.927802],[123.680675,12.926988],[123.668468,12.92414],[123.663422,12.917141],[123.661388,12.908352],[123.656993,12.900295],[123.649669,12.890326],[123.648936,12.886298],[123.646007,12.885688],[123.632498,12.886054],[123.615733,12.889472],[123.605154,12.89289],[123.598399,12.896552],[123.571137,12.927965],[123.559093,12.937893],[123.539724,12.948065],[123.529307,12.951646],[123.521007,12.953437],[123.513031,12.956692],[123.503103,12.96483],[123.488048,12.985582],[123.46811,12.995998],[123.450206,13.029283],[123.441254,13.036851],[123.418793,13.039252],[123.402029,13.04328],[123.38502,13.044094],[123.362153,13.036851],[123.330414,13.019029],[123.310069,13.012356],[123.300792,13.019761],[123.296153,13.036078],[123.287852,13.054348],[123.284434,13.071519],[123.293956,13.084662],[123.278982,13.120185],[123.305186,13.198635],[123.300792,13.2355],[123.284434,13.253607],[123.247325,13.279202],[123.231944,13.297553],[123.227794,13.306301],[123.222423,13.322008],[123.21811,13.331041],[123.190929,13.359036],[123.197032,13.386542],[123.187755,13.420478],[123.168793,13.449205],[123.146251,13.461371],[123.117931,13.468899],[123.065196,13.501776],[123.036632,13.509223],[123.019705,13.511379],[122.997081,13.520697],[122.9817,13.522895],[122.972016,13.527533],[122.947765,13.549994],[122.885509,13.593329],[122.872813,13.598578],[122.859141,13.606106],[122.828949,13.64175],[122.814708,13.653795],[122.862559,13.69477],[122.813731,13.74844],[122.789317,13.768541],[122.7588,13.783596],[122.7588,13.77733],[122.752696,13.783596],[122.7588,13.790351],[122.771495,13.790961],[122.766856,13.799547],[122.753103,13.810492],[122.739024,13.818305],[122.699962,13.825832],[122.690684,13.831977],[122.678722,13.820787],[122.665782,13.819485],[122.653168,13.826077],[122.642833,13.838813],[122.644867,13.843004],[122.651703,13.84809],[122.656586,13.854315],[122.653005,13.862372],[122.622732,13.891995],[122.610362,13.899319],[122.596934,13.904486],[122.584483,13.90644],[122.580333,13.913275],[122.577647,13.926459],[122.572113,13.935045],[122.560313,13.928168],[122.555919,13.937893],[122.542979,13.952582],[122.540294,13.958564],[122.536876,13.961127],[122.51588,13.934394],[122.459483,13.937893],[122.434906,13.94599],[122.41627,13.961656],[122.413097,13.948065],[122.420665,13.932278],[122.433849,13.919338],[122.447276,13.913886],[122.450857,13.906195],[122.499766,13.837795],[122.509613,13.820014],[122.5088,13.807766],[122.502696,13.793158],[122.503917,13.771918],[122.512462,13.735785],[122.490571,13.740627],[122.485525,13.721625],[122.491384,13.677069],[122.497569,13.652045],[122.51295,13.630439],[122.549978,13.59516],[122.621755,13.55272],[122.635997,13.537095],[122.632335,13.520697],[122.609548,13.531968],[122.567149,13.56387],[122.572927,13.548041],[122.598888,13.508287],[122.642833,13.457587],[122.654307,13.440416],[122.663259,13.420478],[122.672699,13.379299],[122.677013,13.341946],[122.677013,13.300971],[122.678884,13.289862],[122.682953,13.282294],[122.687673,13.276109],[122.690684,13.269599],[122.692556,13.248765],[122.692231,13.236802],[122.690684,13.228664],[122.685232,13.225246],[122.675792,13.222113],[122.667166,13.218085],[122.663259,13.211615],[122.653168,13.200995],[122.630138,13.188056],[122.604828,13.177558],[122.588145,13.174018],[122.570974,13.184556],[122.505056,13.239203],[122.507579,13.259467],[122.518077,13.294867],[122.519298,13.310614],[122.50115,13.368069],[122.402599,13.496161],[122.400238,13.502875],[122.398448,13.515815],[122.395193,13.522895],[122.375987,13.540839],[122.369477,13.549791],[122.341319,13.561103],[122.334972,13.574693],[122.319021,13.592231],[122.258556,13.592027],[122.259288,13.606024],[122.241547,13.611965],[122.20753,13.614325],[122.194021,13.622789],[122.189952,13.631049],[122.186371,13.648017],[122.180431,13.656928],[122.172211,13.666693],[122.118419,13.752102],[122.09311,13.780585],[122.059906,13.804633],[122.053722,13.785142],[122.03891,13.789618],[122.021983,13.803127],[122.0088,13.810858],[121.989431,13.810045],[121.98585,13.812079],[121.94988,13.84455],[121.937022,13.851793],[121.924815,13.855373],[121.913585,13.857123],[121.903005,13.860541],[121.882335,13.877997],[121.87086,13.885728],[121.85963,13.891303],[121.827159,13.899726],[121.812999,13.914944],[121.801768,13.933092],[121.786306,13.948676],[121.778005,13.949042],[121.740245,13.9619],[121.724864,13.969143],[121.718435,13.955308],[121.70102,13.94477],[121.69752,13.931301],[121.689952,13.925971],[121.642263,13.913886],[121.636892,13.909613],[121.621755,13.893459],[121.613129,13.893052],[121.595958,13.897406],[121.591075,13.896796],[121.577891,13.888007],[121.549327,13.87816],[121.530528,13.864976],[121.523285,13.861884],[121.51588,13.860012],[121.499034,13.859076],[121.494395,13.8581],[121.48463,13.851793],[121.4546,13.819241],[121.433442,13.796373],[121.440766,13.726386],[121.43629,13.700995],[121.445811,13.700914],[121.452322,13.699449],[121.464122,13.69477],[121.434337,13.66356],[121.430024,13.656928],[121.388845,13.666734],[121.374766,13.667467],[121.355642,13.657131],[121.298106,13.614895],[121.278819,13.595038],[121.26352,13.600043],[121.249197,13.608629],[121.244965,13.61225],[121.217784,13.623236],[121.2046,13.625718],[121.186697,13.626532],[121.177989,13.629096],[121.169444,13.634589],[121.158702,13.639472],[121.142589,13.640204],[121.110118,13.632961],[121.094493,13.626899],[121.080414,13.619086],[121.070486,13.622504],[121.047537,13.627265],[121.03891,13.632758],[121.033946,13.641832],[121.037364,13.647121],[121.043224,13.652981],[121.046397,13.663764],[121.048839,13.6883],[121.052745,13.705878],[121.053477,13.722113],[121.039806,13.758694],[121.035899,13.7626],[121.016287,13.775295],[121.003754,13.780911],[120.990977,13.783637],[120.980968,13.780463],[120.903087,13.692939],[120.89503,13.687974],[120.887462,13.693508],[120.882335,13.705227],[120.880707,13.716864],[120.88502,13.722113],[120.89324,13.727281],[120.898204,13.738837],[120.901866,13.750393],[120.905772,13.755601],[120.918712,13.757025],[120.926036,13.761664],[120.928966,13.77025],[120.929047,13.783596],[120.912608,13.800035],[120.90919,13.804633],[120.908702,13.816107],[120.91391,13.837348],[120.915375,13.8487],[120.914887,13.864936],[120.912364,13.881781],[120.906261,13.89647],[120.89503,13.90644],[120.87672,13.912258],[120.786876,13.923326],[120.745942,13.933783],[120.723643,13.934394],[120.704845,13.927436],[120.697439,13.913886],[120.700938,13.896145],[120.714366,13.87637],[120.722911,13.855414],[120.70338,13.851711],[120.662283,13.85928],[120.652599,13.845526],[120.656261,13.827094],[120.664887,13.806627],[120.669688,13.786933],[120.663422,13.775377],[120.649669,13.784247],[120.628103,13.810858],[120.620128,13.846625],[120.618419,13.931627],[120.601329,13.969143],[120.616873,13.971666],[120.628917,13.981269],[120.634776,13.991604],[120.631684,13.996487],[120.619884,14.002916],[120.617442,14.01789],[120.621837,14.076565],[120.619477,14.104234],[120.607758,14.124905],[120.580333,14.133002],[120.580333,14.140448],[120.595714,14.147935],[120.597423,14.156928],[120.588878,14.166164],[120.573497,14.174547],[120.583018,14.174465],[120.58961,14.176011],[120.601329,14.181383],[120.601329,14.188218],[120.58725,14.200263],[120.595958,14.217963],[120.612478,14.237047],[120.621267,14.253404],[120.627452,14.269599],[120.643321,14.277086],[120.68336,14.28384],[120.697602,14.289496],[120.713145,14.298529],[120.725352,14.309556],[120.730479,14.321357],[120.735606,14.327216],[120.76002,14.337144],[120.768321,14.34219],[120.789561,14.375312],[120.87794,14.458889],[120.886078,14.462388],[120.897472,14.463121],[120.9192,14.461982],[120.926117,14.464667],[120.94337,14.4831],[120.970388,14.501899],[120.980317,14.515448],[120.984386,14.534003],[120.980154,14.55744],[120.958832,14.591783],[120.950206,14.612779],[120.943126,14.65351],[120.936534,14.667426],[120.906912,14.706732],[120.902354,14.71894],[120.894298,14.725084],[120.847179,14.74372],[120.843923,14.749091],[120.843435,14.755683],[120.840587,14.761217],[120.830089,14.763617],[120.731619,14.766669],[120.669688,14.777289],[120.663829,14.778957],[120.655772,14.781236],[120.6421,14.787014],[120.632091,14.795478],[120.628103,14.807685],[120.628917,14.842027],[120.627208,14.85871],[120.621267,14.87287],[120.619884,14.840481],[120.621267,14.831855],[120.618337,14.828315],[120.607595,14.818264],[120.603852,14.824937],[120.600922,14.825629],[120.593923,14.818264],[120.605724,14.884833],[120.601329,14.900824],[120.585704,14.902818],[120.577322,14.88349],[120.573497,14.838772],[120.552745,14.849921],[120.545177,14.836859],[120.545421,14.827094],[120.546153,14.787828],[120.536469,14.723212],[120.539317,14.702826],[120.57838,14.65941],[120.582205,14.648261],[120.576915,14.636949],[120.574962,14.621649],[120.593923,14.550727],[120.597911,14.505601],[120.58839,14.466986],[120.564626,14.44123],[120.526215,14.434638],[120.516856,14.437201],[120.509776,14.440823],[120.502208,14.443183],[120.491466,14.442084],[120.488455,14.437934],[120.486827,14.430732],[120.481456,14.423977],[120.467052,14.421047],[120.463227,14.424262],[120.46046,14.431545],[120.455903,14.438788],[120.410167,14.452053],[120.40211,14.455756],[120.382009,14.480292],[120.376801,14.508205],[120.381602,14.568101],[120.37794,14.602037],[120.367361,14.620754],[120.326427,14.647528],[120.315196,14.641303],[120.304942,14.64057],[120.296886,14.644843],[120.292247,14.653754],[120.285411,14.653754],[120.253184,14.698635],[120.242361,14.729641],[120.260916,14.74372],[120.272634,14.747056],[120.265147,14.754584],[120.243907,14.767035],[120.247325,14.778062],[120.255382,14.787055],[120.264659,14.795152],[120.271739,14.803941],[120.27768,14.80272],[120.283376,14.806708],[120.288341,14.814765],[120.292247,14.82567],[120.275727,14.827135],[120.267751,14.829535],[120.264334,14.835354],[120.263357,14.846584],[120.259776,14.851508],[120.252615,14.852607],[120.240733,14.852362],[120.230317,14.859809],[120.220225,14.873358],[120.209321,14.880032],[120.196056,14.866645],[120.201427,14.843085],[120.197113,14.80801],[120.187266,14.77497],[120.175548,14.757392],[120.161794,14.756415],[120.143565,14.760403],[120.127778,14.767035],[120.120942,14.773871],[120.115733,14.785468],[120.090099,14.794338],[120.079926,14.803941],[120.088227,14.80744],[120.093435,14.811835],[120.096934,14.817613],[120.100434,14.82567],[120.095958,14.823472],[120.079926,14.818264],[120.056651,14.893256],[120.049815,14.93122],[120.056814,15.022162],[120.052989,15.062445],[120.018077,15.206122],[120.008311,15.215481],[120.002452,15.219672],[120.001964,15.229438],[120.004893,15.246812],[120.005138,15.269436],[120.001231,15.277411],[119.980642,15.307807],[119.963878,15.34101],[119.95338,15.356391],[119.896983,15.41059],[119.888194,15.429023],[119.89088,15.437445],[119.905447,15.446763],[119.908702,15.452297],[119.908214,15.461615],[119.906993,15.468655],[119.901866,15.482978],[119.920665,15.471503],[119.940929,15.475775],[119.957286,15.491441],[119.963878,15.51435],[119.962087,15.521308],[119.957286,15.528876],[119.951671,15.535061],[119.946544,15.537584],[119.944102,15.542548],[119.941742,15.553616],[119.937348,15.565579],[119.92921,15.572984],[119.927745,15.568671],[119.922374,15.558743],[119.904307,15.597073],[119.901866,15.610256],[119.904552,15.621283],[119.917654,15.647447],[119.922374,15.661119],[119.919688,15.690334],[119.902517,15.704657],[119.881358,15.717719],[119.867198,15.743069],[119.889415,15.748033],[119.894054,15.763902],[119.888194,15.805732],[119.891775,15.822984],[119.896251,15.83747],[119.898611,15.853176],[119.89503,15.87401],[119.878917,15.91474],[119.867198,15.935004],[119.854015,15.949164],[119.828298,15.955715],[119.812511,15.941881],[119.800141,15.926663],[119.785167,15.928656],[119.782074,15.924791],[119.770844,15.914984],[119.75587,15.944566],[119.757823,16.058987],[119.760265,16.075588],[119.774913,16.117987],[119.778331,16.137844],[119.775157,16.146877],[119.760997,16.162014],[119.757823,16.172268],[119.755707,16.203437],[119.757823,16.216702],[119.776052,16.280748],[119.781912,16.322252],[119.790782,16.341864],[119.801931,16.357856],[119.812511,16.367499],[119.817068,16.368313],[119.82838,16.366604],[119.832856,16.367499],[119.84962,16.378892],[119.854015,16.381171],[119.870291,16.385403],[119.891612,16.387356],[119.916352,16.380845],[119.925792,16.364976],[119.925792,16.34512],[119.901866,16.2508],[119.914806,16.242499],[119.960216,16.231431],[119.970225,16.226549],[119.976248,16.218248],[120.005138,16.188422],[120.015147,16.181871],[120.037364,16.182359],[120.050059,16.180854],[120.061534,16.173],[120.079926,16.154527],[120.087738,16.157213],[120.091156,16.153469],[120.100434,16.089748],[120.105642,16.069648],[120.119151,16.055732],[120.138845,16.046129],[120.185313,16.033393],[120.208507,16.03266],[120.229828,16.037299],[120.247813,16.048489],[120.25766,16.052191],[120.292247,16.055609],[120.306651,16.044664],[120.299083,16.017401],[120.311371,16.027086],[120.322765,16.04857],[120.333832,16.058987],[120.340831,16.054877],[120.35255,16.05272],[120.363292,16.055487],[120.367361,16.065823],[120.361013,16.073188],[120.348155,16.070299],[120.334646,16.065253],[120.326427,16.065823],[120.329356,16.079495],[120.365245,16.10871],[120.374197,16.123847],[120.378591,16.134101],[120.397716,16.154039],[120.40211,16.165473],[120.40211,16.205756],[120.397472,16.22899],[120.385509,16.251939],[120.35377,16.291693],[120.35377,16.271308],[120.348643,16.279527],[120.342052,16.28559],[120.336274,16.292182],[120.312185,16.456204],[120.299083,16.493801],[120.306651,16.544989],[120.297862,16.568915],[120.28419,16.592963],[120.276134,16.611884],[120.285411,16.620673],[120.285411,16.616848],[120.288422,16.614569],[120.295258,16.613715],[120.306651,16.613918],[120.306651,16.620673],[120.301443,16.633205],[120.302501,16.654975],[120.307872,16.67768],[120.325938,16.712592],[120.323416,16.733832],[120.316173,16.755805],[120.312185,16.777777],[120.31365,16.799628],[120.315766,16.809272],[120.319591,16.819322],[120.326427,16.830959],[120.333507,16.836982],[120.341563,16.841946],[120.350597,16.850328],[120.427257,16.9619],[120.434093,16.982123],[120.43629,17.008002],[120.416352,17.179348],[120.414236,17.184312],[120.404307,17.19831],[120.40211,17.206692],[120.403087,17.221625],[120.412364,17.264594],[120.408214,17.322699],[120.411388,17.328315],[120.429454,17.347561],[120.437511,17.358832],[120.441742,17.367987],[120.44337,17.377102],[120.443696,17.388495],[120.435232,17.422797],[120.401703,17.497016],[120.40211,17.518866],[120.357921,17.53026],[120.340831,17.538764],[120.333832,17.556383],[120.353201,17.678127],[120.363536,17.687161],[120.384776,17.690131],[120.402354,17.696967],[120.412446,17.712836],[120.416677,17.731024],[120.416352,17.744778],[120.408214,17.759996],[120.397146,17.770738],[120.391287,17.78144],[120.398692,17.796332],[120.422618,17.823554],[120.427908,17.838121],[120.429454,17.860826],[120.425304,17.902411],[120.427908,17.916653],[120.451671,17.948879],[120.472667,17.991604],[120.477224,18.004828],[120.478282,18.021796],[120.476817,18.043647],[120.472992,18.064276],[120.467052,18.077135],[120.470063,18.09101],[120.526215,18.204088],[120.523448,18.202541],[120.520274,18.206041],[120.517914,18.212104],[120.518077,18.217719],[120.520844,18.219631],[120.525564,18.221259],[120.529959,18.223538],[120.531912,18.227362],[120.536143,18.239814],[120.566091,18.292222],[120.579112,18.325141],[120.586192,18.364488],[120.584972,18.405463],[120.573497,18.443061],[120.561778,18.469672],[120.560802,18.486762],[120.57016,18.501776],[120.590505,18.522162],[120.611095,18.53856],[120.627126,18.54149],[120.669688,18.532416],[120.690684,18.53441],[120.735362,18.549302],[120.754242,18.552924],[120.770844,18.561469],[120.775645,18.581366],[120.77589,18.604315],[120.778982,18.621812],[120.792735,18.636135],[120.812999,18.644517],[120.834239,18.645941],[120.850841,18.638861],[120.865896,18.620307],[120.891856,18.579901],[120.90919,18.567206],[120.926931,18.56623],[120.947032,18.572008],[120.963878,18.581366],[120.970551,18.590766],[120.97877,18.598293],[121.018321,18.617092],[121.032725,18.621812],[121.042491,18.622301],[121.063324,18.620673],[121.073009,18.621812],[121.083344,18.627997],[121.094981,18.63703],[121.106781,18.642727],[121.118175,18.638861],[121.12615,18.634101],[121.137055,18.630927],[121.159353,18.628648],[121.170665,18.625474],[121.177419,18.617825],[121.182628,18.608832],[121.190278,18.601304],[121.239919,18.577704],[121.266287,18.554877],[121.364024,18.506415],[121.378184,18.494859],[121.391856,18.486314],[121.424083,18.47724],[121.498302,18.429389],[121.506114,18.426663],[121.519786,18.425116],[121.526134,18.422553],[121.532563,18.415961],[121.538829,18.40705],[121.54656,18.399237],[121.592052,18.384711],[121.613292,18.35932],[121.629649,18.331692],[121.649669,18.313951],[121.649669,18.320217],[121.634613,18.33454],[121.634939,18.355129],[121.64503,18.369452],[121.659679,18.364814],[121.672862,18.354967],[121.852794,18.287991],[121.895518,18.279202],[121.917328,18.278632],[121.97462,18.286038],[121.986827,18.290432],[122.039561,18.320217],[122.078624,18.379462],[122.091319,18.389065],[122.111583,18.392768],[122.119314,18.403022],[122.122081,18.436835],[122.145763,18.507392],[122.152843,18.518785],[122.199392,18.522854],[122.220225,18.522406],[122.235362,18.515367],[122.243175,18.499823],[122.247081,18.459784],[122.25172,18.443061],[122.260509,18.432278],[122.288097,18.409247],[122.297211,18.403876]]],[[[120.251964,5.266506],[120.25294,5.251532],[120.237641,5.190131],[120.232432,5.150458],[120.226817,5.129381],[120.216563,5.114976],[120.201996,5.11994],[120.191173,5.12637],[120.184581,5.136461],[120.182384,5.152818],[120.188731,5.182359],[120.189626,5.196519],[120.182384,5.204413],[120.175955,5.202623],[120.173106,5.195624],[120.17156,5.187649],[120.168712,5.183295],[120.163585,5.182318],[120.145518,5.183295],[120.13795,5.187201],[120.130544,5.196601],[120.124522,5.208075],[120.120942,5.218004],[120.110525,5.203437],[120.108165,5.170844],[120.100434,5.156643],[120.085948,5.150702],[120.070974,5.153876],[120.056977,5.159898],[120.045746,5.163479],[120.025401,5.160549],[120.017426,5.152493],[120.01352,5.141262],[120.004893,5.128648],[119.997732,5.126899],[119.988292,5.127672],[119.980479,5.126451],[119.977061,5.11872],[119.970225,5.087714],[119.954112,5.075507],[119.94337,5.07807],[119.934255,5.085517],[119.922374,5.087714],[119.914317,5.082017],[119.900157,5.063707],[119.891612,5.059801],[119.860362,5.059801],[119.847179,5.054511],[119.838145,5.048977],[119.829845,5.048814],[119.819347,5.059801],[119.816905,5.072211],[119.819102,5.106635],[119.812511,5.122504],[119.821788,5.130561],[119.829438,5.134955],[119.864757,5.14647],[119.895518,5.1612],[119.901866,5.166897],[119.90797,5.169379],[119.942719,5.190131],[119.956716,5.21483],[119.964854,5.222602],[119.996267,5.227525],[120.019867,5.236518],[120.028494,5.238511],[120.036143,5.241604],[120.052582,5.258979],[120.062999,5.259752],[120.070079,5.256659],[120.076834,5.254828],[120.086925,5.258979],[120.088715,5.263739],[120.093272,5.282701],[120.097423,5.290025],[120.124197,5.30565],[120.1338,5.317572],[120.146251,5.323879],[120.168793,5.332261],[120.187836,5.34512],[120.198578,5.349595],[120.208751,5.347968],[120.214366,5.340237],[120.216319,5.329047],[120.216319,5.276842],[120.220225,5.269599],[120.22755,5.268459],[120.235688,5.271959],[120.243907,5.273505],[120.251964,5.266506]]],[[[120.588145,6.380764],[120.595388,6.376044],[120.600352,6.36758],[120.603526,6.357815],[120.604991,6.349351],[120.60434,6.329657],[120.582856,6.261461],[120.577322,6.251532],[120.569835,6.243638],[120.559825,6.239081],[120.545584,6.238471],[120.506114,6.244086],[120.49464,6.249335],[120.488617,6.260159],[120.492035,6.267401],[120.501964,6.271389],[120.514985,6.27261],[120.522146,6.277248],[120.53004,6.288072],[120.536469,6.300686],[120.539317,6.310492],[120.542491,6.31802],[120.556651,6.340522],[120.562673,6.362006],[120.569591,6.371894],[120.578624,6.379096],[120.588145,6.380764]]],[[[122.296723,6.633246],[122.329275,6.613837],[122.335216,6.603339],[122.3213,6.588568],[122.300629,6.582343],[122.254161,6.581285],[122.235362,6.571194],[122.224864,6.558254],[122.215668,6.544013],[122.208669,6.528754],[122.203868,6.512844],[122.198253,6.467597],[122.18865,6.451077],[122.166352,6.444525],[122.143809,6.442939],[122.121755,6.438544],[122.057628,6.413886],[122.038748,6.410224],[121.994884,6.410346],[121.96225,6.404853],[121.95753,6.407294],[121.956391,6.428127],[121.954112,6.436916],[121.950043,6.444525],[121.880056,6.503241],[121.879568,6.556138],[121.875011,6.574856],[121.855642,6.583401],[121.833181,6.58515],[121.814464,6.592922],[121.806814,6.619289],[121.810802,6.645168],[121.822032,6.660956],[121.839203,6.668931],[121.940196,6.677314],[121.948253,6.680569],[121.958344,6.695054],[121.997895,6.712063],[122.01295,6.729926],[122.023123,6.73664],[122.040212,6.739325],[122.066661,6.740709],[122.075206,6.739814],[122.084239,6.735663],[122.098155,6.721584],[122.105968,6.715562],[122.116466,6.711086],[122.141287,6.70539],[122.152843,6.704576],[122.156261,6.700344],[122.161143,6.690904],[122.168712,6.681586],[122.180431,6.677314],[122.225108,6.671088],[122.235362,6.666205],[122.241547,6.660386],[122.246349,6.65469],[122.25172,6.64997],[122.262543,6.645453],[122.288097,6.637885],[122.296723,6.633246]]],[[[118.537608,7.006293],[118.520518,7.013373],[118.520274,7.00316],[118.530772,6.978949],[118.518728,6.970933],[118.503103,6.971422],[118.476736,6.978949],[118.44516,6.982327],[118.435557,6.989244],[118.428396,7.006293],[118.427257,7.018215],[118.431407,7.027086],[118.441091,7.034329],[118.456309,7.041002],[118.474783,7.037014],[118.48699,7.039781],[118.497325,7.044664],[118.510265,7.047187],[118.524587,7.043647],[118.532481,7.035102],[118.544444,7.013088],[118.537608,7.006293]]],[[[117.084972,8.057847],[117.080903,8.038275],[117.080251,8.029486],[117.082042,8.024156],[117.091563,8.011542],[117.086925,8.004218],[117.077159,7.999172],[117.071544,7.99315],[117.072765,7.977525],[117.083263,7.941474],[117.085785,7.921129],[117.084727,7.91592],[117.079438,7.907172],[117.07838,7.903754],[117.077647,7.884467],[117.07838,7.883287],[117.084972,7.876288],[117.086762,7.872138],[117.082042,7.870266],[117.080089,7.86872],[117.073009,7.861518],[117.071544,7.859361],[117.067149,7.8487],[117.055675,7.835639],[117.040294,7.824937],[117.023692,7.821845],[117.03419,7.804633],[117.026215,7.798407],[117.009939,7.800279],[116.99586,7.807563],[117.001638,7.823676],[116.996349,7.83926],[116.975922,7.870266],[116.955821,7.921088],[116.954926,7.926011],[116.961681,8.061998],[116.972667,8.054836],[116.974946,8.044745],[116.975922,8.034573],[116.982188,8.027289],[116.996755,8.02733],[117.001964,8.039944],[117.005138,8.054836],[117.013194,8.061998],[117.058442,8.06981],[117.075857,8.069566],[117.084972,8.057847]]],[[[117.030528,8.068264],[117.020518,8.077867],[117.015391,8.088121],[117.009044,8.097154],[116.99586,8.103013],[117.02711,8.12873],[117.045421,8.13581],[117.057872,8.123481],[117.06837,8.09276],[117.068126,8.086249],[117.059418,8.081244],[117.049653,8.07982],[117.039806,8.077216],[117.030528,8.068264]]],[[[117.167735,8.178127],[117.189708,8.176744],[117.204845,8.166815],[117.20574,8.155504],[117.184825,8.150133],[117.161794,8.156724],[117.152354,8.170071],[117.154796,8.180406],[117.167735,8.178127]]],[[[117.32545,8.32274],[117.355317,8.30272],[117.355317,8.274644],[117.348888,8.244696],[117.359548,8.219062],[117.351329,8.207221],[117.34254,8.197211],[117.331879,8.193183],[117.318614,8.199205],[117.289724,8.184312],[117.278819,8.207099],[117.275645,8.242987],[117.27003,8.267524],[117.276541,8.281399],[117.279633,8.311103],[117.284434,8.32274],[117.292817,8.317857],[117.301524,8.31802],[117.310069,8.322008],[117.318614,8.328925],[117.318126,8.32453],[117.319591,8.323554],[117.322276,8.323635],[117.32545,8.32274]]],[[[117.242849,8.315253],[117.253429,8.321967],[117.260753,8.321112],[117.264496,8.313788],[117.263927,8.301011],[117.243337,8.282904],[117.21461,8.265123],[117.190115,8.26203],[117.181407,8.287991],[117.189464,8.299547],[117.242849,8.343207],[117.240896,8.330512],[117.239594,8.327216],[117.236013,8.32274],[117.242849,8.315253]]],[[[124.78419,9.199774],[124.793468,9.192694],[124.803233,9.176093],[124.80836,9.156806],[124.800955,9.12873],[124.802582,9.112494],[124.80128,9.096259],[124.787852,9.083075],[124.77947,9.079495],[124.770193,9.077379],[124.76295,9.079006],[124.757091,9.092719],[124.750011,9.094306],[124.740896,9.094468],[124.732677,9.096137],[124.67213,9.125393],[124.646739,9.148871],[124.636485,9.182359],[124.646739,9.218899],[124.673106,9.242377],[124.708507,9.25019],[124.746349,9.239488],[124.763031,9.214423],[124.772472,9.204047],[124.78419,9.199774]]],[[[123.698009,9.165025],[123.702485,9.164537],[123.714529,9.157416],[123.722423,9.149115],[123.715343,9.145168],[123.703298,9.128363],[123.698009,9.12401],[123.689708,9.122545],[123.660411,9.12401],[123.653005,9.122952],[123.647634,9.119696],[123.644542,9.114325],[123.643321,9.10692],[123.639985,9.098578],[123.632335,9.098334],[123.615489,9.103583],[123.596365,9.10399],[123.578461,9.107001],[123.561209,9.114244],[123.479503,9.17182],[123.471202,9.185452],[123.47462,9.197089],[123.500011,9.220282],[123.517589,9.209866],[123.540863,9.213446],[123.564952,9.226142],[123.594737,9.251288],[123.60255,9.255439],[123.607432,9.262152],[123.609223,9.278266],[123.614431,9.289252],[123.626964,9.293931],[123.6421,9.293647],[123.655447,9.28913],[123.664806,9.275458],[123.67921,9.245307],[123.687511,9.239488],[123.703868,9.233303],[123.700531,9.219631],[123.689952,9.205959],[123.683767,9.199693],[123.683442,9.1883],[123.686534,9.180609],[123.698009,9.165025]]],[[[126.165863,9.829169],[126.174083,9.817206],[126.180186,9.8015],[126.178233,9.787828],[126.155447,9.779202],[126.138845,9.765611],[126.130382,9.760891],[126.120128,9.758938],[126.093272,9.760891],[126.054454,9.775092],[126.041677,9.775133],[126.048595,9.754625],[126.033946,9.766343],[126.019216,9.781684],[125.993907,9.816107],[125.993419,9.820299],[125.995372,9.824652],[125.996593,9.829779],[125.993907,9.836615],[125.987966,9.839993],[125.980317,9.839789],[125.972667,9.841498],[125.965994,9.850246],[125.979828,9.849189],[125.992931,9.850246],[126.004731,9.854885],[126.014415,9.864488],[126.003266,9.869289],[125.989106,9.877143],[125.979828,9.888007],[125.983409,9.901801],[126.044688,9.998725],[126.048595,10.007961],[126.048513,10.017483],[126.045665,10.02619],[126.045258,10.035142],[126.052257,10.045478],[126.071462,10.059068],[126.08074,10.05565],[126.12672,9.956041],[126.13795,9.901923],[126.137869,9.891181],[126.133149,9.880683],[126.117849,9.866889],[126.110606,9.857082],[126.129893,9.85456],[126.142833,9.850043],[126.153494,9.841986],[126.165863,9.829169]]],[[[124.565278,9.870754],[124.549815,9.861558],[124.57016,9.840522],[124.624034,9.801825],[124.598969,9.749701],[124.596202,9.737291],[124.585216,9.732082],[124.560557,9.732611],[124.534841,9.736274],[124.520356,9.740383],[124.516856,9.748765],[124.517426,9.759101],[124.514415,9.767035],[124.499848,9.768297],[124.492931,9.762763],[124.462413,9.73078],[124.45281,9.725775],[124.440278,9.721584],[124.429454,9.715033],[124.424815,9.702826],[124.424164,9.689602],[124.422048,9.678697],[124.417491,9.668891],[124.410492,9.658433],[124.381847,9.636705],[124.338715,9.618598],[124.2942,9.606757],[124.260427,9.603827],[124.221446,9.60578],[124.065196,9.595404],[123.937511,9.617499],[123.892345,9.632148],[123.871755,9.645006],[123.863048,9.661851],[123.86671,9.683539],[123.872732,9.703803],[123.873871,9.721137],[123.863048,9.734198],[123.8449,9.73725],[123.824474,9.736151],[123.807872,9.739976],[123.801036,9.757758],[123.803233,9.781195],[123.809093,9.80268],[123.82838,9.842841],[123.841319,9.857367],[123.875824,9.886949],[123.882986,9.901801],[123.886078,9.914862],[123.893403,9.916938],[123.907237,9.911689],[123.916677,9.915107],[123.92213,9.923],[123.926036,9.932074],[123.931407,9.939032],[123.963878,9.950751],[124.009776,9.961615],[124.050792,9.979315],[124.068533,10.011664],[124.069998,10.032213],[124.075206,10.048326],[124.086599,10.058783],[124.115896,10.065253],[124.115977,10.072089],[124.113617,10.080959],[124.116222,10.08983],[124.123871,10.096666],[124.136974,10.104885],[124.143077,10.110297],[124.158702,10.131171],[124.167166,10.137437],[124.184581,10.144477],[124.222667,10.151923],[124.263438,10.151923],[124.331309,10.161526],[124.34962,10.151028],[124.355968,10.110297],[124.366954,10.119289],[124.382498,10.143785],[124.396821,10.151923],[124.400238,10.138373],[124.408214,10.119696],[124.419119,10.106757],[124.430837,10.110175],[124.476329,10.070014],[124.489757,10.062567],[124.52003,10.064195],[124.530284,10.060533],[124.54835,10.048896],[124.577647,10.033922],[124.588634,10.023871],[124.583995,9.99901],[124.584239,9.980943],[124.580903,9.972154],[124.568696,9.987454],[124.566173,9.968329],[124.566173,9.952786],[124.564464,9.943996],[124.556163,9.925686],[124.571462,9.912299],[124.583751,9.893948],[124.584646,9.877672],[124.565278,9.870754]]],[[[125.719574,9.911689],[125.72169,9.894355],[125.714529,9.880845],[125.699474,9.874254],[125.678559,9.87759],[125.663585,9.889146],[125.660818,9.903998],[125.661876,9.920966],[125.658051,9.939032],[125.648611,9.946967],[125.620616,9.955227],[125.610362,9.966946],[125.620291,9.966539],[125.623302,9.966946],[125.615001,9.97248],[125.611339,9.977281],[125.612315,9.982001],[125.617198,9.987454],[125.617198,9.993598],[125.593028,9.992987],[125.583181,10.009711],[125.585216,10.033881],[125.59669,10.05565],[125.60141,10.047431],[125.608409,10.043606],[125.614513,10.046617],[125.617198,10.059068],[125.614513,10.064154],[125.601329,10.080268],[125.59669,10.08983],[125.589203,10.08983],[125.584483,10.077541],[125.577891,10.076646],[125.569347,10.080797],[125.558849,10.083645],[125.552501,10.078681],[125.545258,10.068752],[125.535411,10.060858],[125.521007,10.062567],[125.513438,10.072984],[125.513194,10.086615],[125.510753,10.098456],[125.497081,10.103461],[125.495291,10.10871],[125.495942,10.134589],[125.493663,10.144477],[125.508962,10.151313],[125.517589,10.169379],[125.519379,10.190619],[125.514171,10.207099],[125.521983,10.210395],[125.528982,10.209784],[125.535492,10.206],[125.542003,10.199693],[125.538829,10.215155],[125.531993,10.22899],[125.530284,10.241889],[125.542003,10.25434],[125.536957,10.257148],[125.534841,10.260077],[125.532888,10.263658],[125.527843,10.268622],[125.532237,10.283922],[125.523936,10.301907],[125.522146,10.316962],[125.545421,10.323188],[125.557791,10.3251],[125.562511,10.330797],[125.562511,10.353949],[125.560395,10.361314],[125.556895,10.366034],[125.556163,10.370754],[125.562511,10.378485],[125.567882,10.380927],[125.574718,10.381171],[125.580414,10.379136],[125.586436,10.367418],[125.594412,10.36518],[125.603363,10.366767],[125.610362,10.370998],[125.614757,10.381049],[125.617198,10.41942],[125.624197,10.443671],[125.629649,10.454047],[125.637706,10.460395],[125.649669,10.4619],[125.6574,10.456448],[125.671723,10.433051],[125.684825,10.399888],[125.683849,10.364407],[125.664887,10.295885],[125.661388,10.270575],[125.658051,10.261705],[125.654633,10.264228],[125.646251,10.265367],[125.638682,10.261379],[125.637706,10.248114],[125.645844,10.239691],[125.660167,10.228258],[125.668142,10.214667],[125.658051,10.199693],[125.664887,10.192857],[125.653819,10.186591],[125.656505,10.176337],[125.668468,10.169257],[125.685313,10.172349],[125.677582,10.144843],[125.676768,10.127672],[125.681977,10.114],[125.698497,10.09394],[125.704763,10.081773],[125.706554,10.069322],[125.703136,10.056708],[125.696462,10.04092],[125.68865,10.027289],[125.681977,10.021552],[125.685069,10.014635],[125.692882,9.974351],[125.681488,9.958075],[125.690603,9.94184],[125.707286,9.926215],[125.719574,9.911689]]],[[[119.950206,10.603746],[119.974132,10.595364],[120.000011,10.580471],[120.011241,10.565253],[119.990571,10.555976],[119.990571,10.54914],[119.993175,10.539984],[119.984141,10.531317],[119.968272,10.528144],[119.950206,10.535468],[119.949474,10.528795],[119.947276,10.524156],[119.944672,10.520087],[119.942719,10.515041],[119.918793,10.548041],[119.908702,10.555976],[119.911876,10.536282],[119.917654,10.516181],[119.920258,10.49726],[119.914887,10.480862],[119.906749,10.478746],[119.895274,10.480658],[119.885265,10.479967],[119.880707,10.470364],[119.877126,10.464667],[119.868419,10.461737],[119.850352,10.460395],[119.835623,10.456041],[119.821625,10.448554],[119.806488,10.446112],[119.788585,10.456977],[119.780935,10.472235],[119.778087,10.493598],[119.778331,10.535468],[119.766124,10.530748],[119.757091,10.534003],[119.752615,10.539781],[119.754161,10.542955],[119.795421,10.573391],[119.805431,10.58515],[119.828949,10.62641],[119.837901,10.637519],[119.843516,10.642239],[119.849864,10.644761],[119.85963,10.643297],[119.89088,10.62519],[119.920095,10.612738],[119.950206,10.603746]]],[[[122.711111,10.734687],[122.737966,10.694159],[122.737071,10.640041],[122.721528,10.585191],[122.68686,10.506008],[122.664317,10.470852],[122.634451,10.444241],[122.594981,10.433051],[122.605235,10.460517],[122.594493,10.459703],[122.577973,10.447089],[122.570811,10.439276],[122.565196,10.436184],[122.547618,10.422512],[122.536632,10.41942],[122.530528,10.423245],[122.526378,10.432359],[122.519298,10.453559],[122.518728,10.458197],[122.520274,10.469875],[122.519298,10.474066],[122.514334,10.477037],[122.501964,10.479682],[122.49879,10.480862],[122.494802,10.483466],[122.48585,10.493069],[122.482432,10.503363],[122.495128,10.508205],[122.507009,10.508002],[122.516856,10.509101],[122.523611,10.514106],[122.526134,10.52558],[122.529307,10.533271],[122.545909,10.540717],[122.553477,10.54914],[122.535004,10.55329],[122.527354,10.570136],[122.528575,10.591213],[122.536632,10.607489],[122.547862,10.622016],[122.564138,10.652574],[122.574555,10.665839],[122.590587,10.673774],[122.608572,10.677395],[122.62322,10.684475],[122.6338,10.722602],[122.644867,10.736274],[122.658458,10.748033],[122.670177,10.76203],[122.699718,10.740383],[122.711111,10.734687]]],[[[123.574474,10.830959],[123.575531,10.825588],[123.570811,10.779242],[123.561534,10.760077],[123.533458,10.721096],[123.516856,10.680976],[123.485688,10.54914],[123.473643,10.52676],[123.389659,10.437161],[123.379405,10.421536],[123.365733,10.392524],[123.344737,10.347968],[123.341807,10.326606],[123.340343,10.260688],[123.33546,10.240668],[123.304698,10.178534],[123.300792,10.155341],[123.299815,10.131415],[123.296641,10.111477],[123.290375,10.093573],[123.244151,10.026353],[123.235525,10.001899],[123.228526,9.994696],[123.221365,9.989081],[123.21811,9.984036],[123.204438,9.939032],[123.175955,9.908108],[123.162364,9.890204],[123.156749,9.867621],[123.170421,9.69599],[123.164561,9.672187],[123.163585,9.661851],[123.160411,9.647406],[123.153087,9.646633],[123.144054,9.649237],[123.136241,9.644843],[123.135427,9.618354],[123.177419,9.589911],[123.170421,9.562893],[123.161143,9.583808],[123.143809,9.573676],[123.135509,9.55268],[123.153331,9.541164],[123.180919,9.537421],[123.189952,9.526801],[123.191661,9.509833],[123.197602,9.487128],[123.211681,9.472724],[123.232595,9.459662],[123.251475,9.443996],[123.267263,9.398342],[123.284841,9.379706],[123.305186,9.362494],[123.321137,9.343166],[123.328298,9.302558],[123.317638,9.256903],[123.298595,9.215033],[123.243419,9.136461],[123.23878,9.120307],[123.230154,9.107611],[123.160981,9.06566],[123.147716,9.061835],[123.112071,9.061957],[123.099946,9.059963],[123.079926,9.050971],[123.057872,9.04682],[123.042654,9.03734],[123.033214,9.035305],[122.990489,9.048774],[122.957693,9.081244],[122.933604,9.121487],[122.892589,9.221015],[122.886729,9.287991],[122.880544,9.305854],[122.869395,9.322659],[122.8449,9.347073],[122.827891,9.35871],[122.811046,9.363593],[122.745128,9.366604],[122.724783,9.37108],[122.680675,9.394355],[122.666759,9.397773],[122.657237,9.401435],[122.649262,9.409898],[122.642426,9.419257],[122.635997,9.425727],[122.623546,9.4289],[122.610118,9.429633],[122.599457,9.432685],[122.597097,9.437649],[122.590668,9.450995],[122.57016,9.475246],[122.551768,9.490953],[122.529796,9.537909],[122.51588,9.54857],[122.505219,9.552395],[122.496593,9.561713],[122.466807,9.623847],[122.457286,9.637926],[122.464366,9.646959],[122.461436,9.65526],[122.443614,9.672756],[122.438243,9.668402],[122.428233,9.662787],[122.423106,9.658433],[122.424815,9.672797],[122.430837,9.698798],[122.430431,9.71369],[122.424571,9.71015],[122.408702,9.70307],[122.402599,9.699408],[122.403575,9.738959],[122.409353,9.775702],[122.409841,9.808539],[122.395193,9.836615],[122.395193,9.842841],[122.405935,9.853461],[122.444102,9.921536],[122.461599,9.965806],[122.47462,9.974351],[122.495372,9.976996],[122.537771,9.987047],[122.560313,9.987454],[122.625987,9.974677],[122.642833,9.966946],[122.656993,9.975816],[122.707774,9.986396],[122.728526,9.997382],[122.782237,10.052965],[122.807384,10.069322],[122.826915,10.058092],[122.8449,10.067288],[122.872813,10.100409],[122.878917,10.118069],[122.875824,10.143012],[122.862559,10.185452],[122.855317,10.228013],[122.869395,10.350531],[122.859386,10.394477],[122.821788,10.47248],[122.814708,10.515041],[122.823904,10.532864],[122.84254,10.541409],[122.861013,10.54621],[122.869395,10.552558],[122.874848,10.561835],[122.910411,10.597561],[122.933849,10.64883],[122.934581,10.658393],[122.97169,10.721096],[122.975841,10.742418],[122.97169,10.806098],[122.968516,10.811103],[122.953949,10.822008],[122.950694,10.827216],[122.952159,10.847724],[122.954356,10.85578],[122.958181,10.864447],[122.966319,10.87637],[122.993826,10.906724],[123.002615,10.912828],[123.048025,10.914862],[123.067719,10.91885],[123.087738,10.92593],[123.170095,10.9772],[123.213552,10.996405],[123.259776,10.994818],[123.262218,10.991156],[123.265147,10.984117],[123.269786,10.977362],[123.276866,10.974311],[123.295665,10.975328],[123.300792,10.974311],[123.31186,10.966986],[123.3296,10.951402],[123.341807,10.946357],[123.35377,10.947577],[123.379242,10.958808],[123.390147,10.960028],[123.403575,10.953192],[123.401378,10.945299],[123.39503,10.936225],[123.396251,10.92593],[123.405447,10.919827],[123.412934,10.924058],[123.420665,10.932685],[123.431,10.939602],[123.445649,10.942288],[123.456879,10.940497],[123.467052,10.93651],[123.502615,10.92772],[123.521821,10.919908],[123.535004,10.904853],[123.541759,10.865465],[123.546641,10.856106],[123.560802,10.837144],[123.56365,10.835354],[123.567393,10.835395],[123.571056,10.834784],[123.574474,10.830959]]],[[[124.047374,10.834052],[124.043793,10.809475],[124.026622,10.769599],[124.020763,10.747748],[124.023936,10.708441],[124.050792,10.627387],[124.054942,10.590074],[124.051768,10.589504],[124.044688,10.586005],[124.037364,10.581122],[124.033865,10.576483],[124.034434,10.571438],[124.040375,10.568549],[124.04127,10.562812],[124.04005,10.484361],[124.035899,10.466783],[124.009776,10.404039],[124.010102,10.394924],[124.018728,10.380805],[124.014903,10.372463],[123.992849,10.357367],[123.990489,10.368842],[123.98585,10.375963],[123.979666,10.377183],[123.972911,10.370998],[123.970876,10.362209],[123.972911,10.326606],[123.961111,10.32331],[123.906261,10.294501],[123.889659,10.282213],[123.868663,10.248196],[123.857107,10.242133],[123.831798,10.240668],[123.808116,10.23664],[123.79363,10.226467],[123.773692,10.199693],[123.719493,10.156806],[123.711681,10.141343],[123.709972,10.120592],[123.704845,10.105455],[123.696137,10.093899],[123.683767,10.083645],[123.675548,10.079006],[123.663422,10.074652],[123.656993,10.069322],[123.652599,10.063625],[123.648204,10.05565],[123.644786,10.047024],[123.643321,10.038967],[123.643321,9.96011],[123.63087,9.90762],[123.62908,9.887519],[123.624766,9.87934],[123.615489,9.874457],[123.605968,9.871161],[123.601817,9.867621],[123.509451,9.65351],[123.503429,9.615302],[123.488292,9.566474],[123.479503,9.54857],[123.471039,9.538967],[123.453298,9.528062],[123.444672,9.521308],[123.435883,9.509955],[123.422699,9.487698],[123.36964,9.425727],[123.358572,9.415758],[123.342459,9.406806],[123.327647,9.408149],[123.321137,9.429145],[123.31422,9.485541],[123.314301,9.507636],[123.365245,9.785346],[123.404959,9.878404],[123.40919,9.897691],[123.410655,9.922553],[123.406423,9.927558],[123.387543,9.937079],[123.383311,9.942694],[123.387055,9.973782],[123.390147,9.980618],[123.398448,9.984809],[123.404063,9.981269],[123.407725,9.975816],[123.410655,9.974351],[123.415212,9.98135],[123.417166,9.989651],[123.417328,10.011664],[123.422537,10.037502],[123.435395,10.05508],[123.472016,10.083645],[123.507986,10.122219],[123.521332,10.14525],[123.533458,10.190375],[123.581309,10.25434],[123.596853,10.317776],[123.605479,10.333157],[123.622732,10.350531],[123.706798,10.461982],[123.711681,10.477444],[123.713878,10.482327],[123.718516,10.487291],[123.723155,10.494208],[123.725352,10.504788],[123.718028,10.537055],[123.719086,10.54914],[123.729259,10.569241],[123.754405,10.599433],[123.764985,10.640041],[123.777843,10.662584],[123.792735,10.683254],[123.831554,10.725084],[123.849294,10.752631],[123.915782,10.939765],[123.934581,10.970445],[123.930024,10.993598],[123.917735,11.028957],[123.924083,11.046332],[123.935232,11.059231],[123.944347,11.074164],[123.945079,11.097846],[123.951915,11.097846],[123.955414,11.090237],[123.959646,11.085517],[123.972911,11.077338],[123.960704,11.130764],[123.955251,11.142239],[123.951915,11.156724],[123.958751,11.17593],[123.969737,11.194525],[124.018321,11.25849],[124.045665,11.277167],[124.074718,11.26911],[124.072765,11.26203],[124.068126,11.233344],[124.055675,11.205024],[124.05128,11.185492],[124.047374,11.148749],[124.04127,11.130113],[124.010753,11.09455],[123.999522,11.077338],[124.009125,11.073391],[124.012543,11.06623],[124.013927,11.059312],[124.0171,11.05622],[124.037283,11.057522],[124.046153,11.05976],[124.054942,11.063666],[124.051931,11.043158],[124.061778,10.98428],[124.059744,10.962307],[124.053477,10.930569],[124.054942,10.912828],[124.066905,10.889065],[124.068533,10.878119],[124.064952,10.867906],[124.050629,10.845038],[124.047374,10.834052]]],[[[123.801036,11.179145],[123.811534,11.165269],[123.818044,11.154731],[123.814952,11.148017],[123.749685,11.141343],[123.745779,11.138821],[123.733653,11.154283],[123.708669,11.217841],[123.704845,11.241197],[123.708507,11.252427],[123.715831,11.264146],[123.732758,11.283759],[123.745779,11.292467],[123.754649,11.289537],[123.760916,11.278876],[123.789317,11.19892],[123.801036,11.179145]]],[[[119.671886,10.552558],[119.714122,10.53266],[119.725352,10.518622],[119.709972,10.494534],[119.701996,10.490871],[119.678477,10.485663],[119.668468,10.480862],[119.64796,10.449856],[119.639659,10.444729],[119.593435,10.405178],[119.575857,10.38052],[119.563243,10.373481],[119.542247,10.370998],[119.500824,10.370998],[119.489024,10.372463],[119.472667,10.378119],[119.463064,10.378485],[119.449229,10.373033],[119.418712,10.35456],[119.398123,10.350531],[119.378266,10.344143],[119.355968,10.328843],[119.285981,10.261379],[119.257335,10.221991],[119.237153,10.179348],[119.220714,10.084174],[119.1963,10.056342],[119.159434,10.041246],[119.113536,10.028998],[119.10255,10.0244],[119.08253,10.012519],[119.072032,10.007961],[119.060557,10.006659],[119.036143,10.009019],[119.02475,10.007961],[119.014985,10.00373],[118.994965,9.992011],[118.983897,9.987454],[118.972911,9.984524],[118.951427,9.981024],[118.903005,9.978664],[118.874766,9.971869],[118.848806,9.959133],[118.819347,9.939032],[118.79656,9.945217],[118.774181,9.934149],[118.757172,9.912665],[118.750499,9.887519],[118.754568,9.855943],[118.775645,9.814032],[118.784679,9.788235],[118.777843,9.734198],[118.764903,9.728746],[118.749034,9.732815],[118.735606,9.743476],[118.729991,9.757758],[118.733897,9.775702],[118.729666,9.780422],[118.712901,9.781968],[118.700938,9.775539],[118.701915,9.76024],[118.705577,9.742174],[118.701996,9.727362],[118.713145,9.721625],[118.719737,9.713813],[118.720958,9.704047],[118.716319,9.692572],[118.742931,9.696845],[118.758311,9.683336],[118.756358,9.66767],[118.729991,9.665269],[118.731619,9.650377],[118.725352,9.631293],[118.715505,9.612779],[118.705821,9.600084],[118.700531,9.591498],[118.698904,9.583726],[118.695323,9.57807],[118.674815,9.574368],[118.6692,9.569973],[118.592133,9.446194],[118.557302,9.411689],[118.551931,9.40119],[118.547374,9.383002],[118.536469,9.364325],[118.497895,9.313666],[118.492198,9.308824],[118.455089,9.284369],[118.445649,9.281684],[118.430837,9.273179],[118.380544,9.220282],[118.365001,9.193061],[118.35377,9.183173],[118.335785,9.179267],[118.294932,9.179267],[118.284353,9.176418],[118.261404,9.162787],[118.250173,9.158149],[118.189138,9.155992],[118.171235,9.148261],[118.163422,9.142808],[118.136974,9.130845],[118.132091,9.126654],[118.12672,9.096137],[118.113048,9.069403],[118.112071,9.064927],[118.113455,9.053778],[118.113048,9.048977],[118.109141,9.047593],[118.102224,9.047797],[118.09547,9.045966],[118.09254,9.038398],[118.089122,9.019761],[118.080414,8.996283],[118.05836,8.952094],[118.013682,8.8876],[118.000662,8.877387],[117.910411,8.829739],[117.840099,8.774482],[117.773692,8.70307],[117.755382,8.690172],[117.732921,8.685207],[117.711274,8.682929],[117.698009,8.677436],[117.685802,8.67064],[117.667328,8.66474],[117.646739,8.663275],[117.588878,8.670966],[117.565603,8.661078],[117.557384,8.638414],[117.558116,8.596422],[117.550141,8.575629],[117.523123,8.5397],[117.517263,8.517646],[117.512869,8.506781],[117.503184,8.500718],[117.4935,8.499661],[117.489106,8.503648],[117.484141,8.513007],[117.472179,8.513821],[117.378917,8.486314],[117.344981,8.471259],[117.318614,8.45185],[117.315196,8.446112],[117.307628,8.429389],[117.304373,8.424506],[117.27003,8.414293],[117.263845,8.39761],[117.249278,8.383531],[117.222341,8.363715],[117.198009,8.334784],[117.190766,8.338324],[117.188243,8.366523],[117.19044,8.37816],[117.199718,8.398017],[117.204763,8.418647],[117.211436,8.427069],[117.218435,8.433417],[117.222341,8.438178],[117.223399,8.448065],[117.221934,8.469062],[117.222504,8.48432],[117.221934,8.495063],[117.222341,8.50023],[117.225352,8.505316],[117.234141,8.511298],[117.239594,8.535793],[117.248546,8.55508],[117.27003,8.589016],[117.267751,8.590318],[117.263927,8.610093],[117.279959,8.604967],[117.286794,8.620347],[117.291515,8.640815],[117.301117,8.651068],[117.312185,8.656195],[117.327159,8.668647],[117.342052,8.684272],[117.352712,8.698879],[117.339041,8.698879],[117.35963,8.731269],[117.375987,8.746812],[117.417735,8.759101],[117.435557,8.773139],[117.450369,8.791164],[117.519786,8.899726],[117.543793,8.925442],[117.622732,8.991848],[117.640147,9.020982],[117.647716,9.042914],[117.655528,9.057929],[117.66863,9.066636],[117.691905,9.069403],[117.704438,9.079495],[117.71225,9.08161],[117.715668,9.072496],[117.719737,9.065823],[117.729503,9.064154],[117.740733,9.065904],[117.750011,9.069403],[117.761892,9.077948],[117.768077,9.086412],[117.780528,9.120266],[117.7824,9.122545],[117.787852,9.127427],[117.79127,9.134833],[117.789317,9.14232],[117.784028,9.151353],[117.79656,9.163275],[117.836681,9.188218],[117.849864,9.192939],[117.866466,9.203599],[117.889985,9.250556],[117.90447,9.261217],[117.944998,9.25609],[117.966319,9.25727],[117.989513,9.267401],[117.988048,9.255927],[117.989594,9.246243],[117.994477,9.238593],[118.003184,9.233303],[118.016368,9.243232],[118.02589,9.253811],[118.044688,9.281684],[118.054373,9.291449],[118.126964,9.337836],[118.133556,9.343166],[118.135265,9.351874],[118.131033,9.373196],[118.133556,9.384711],[118.148204,9.396715],[118.17156,9.407864],[118.192882,9.42182],[118.216319,9.477973],[118.277192,9.519721],[118.297699,9.554877],[118.326182,9.579047],[118.332774,9.586412],[118.334972,9.59162],[118.33961,9.596584],[118.344249,9.603217],[118.346446,9.613756],[118.34547,9.636176],[118.349132,9.645738],[118.360118,9.658433],[118.371755,9.654364],[118.382335,9.657782],[118.401134,9.672756],[118.408458,9.676337],[118.415294,9.67772],[118.420258,9.680732],[118.424327,9.697903],[118.429454,9.700629],[118.436209,9.70189],[118.442638,9.706244],[118.450857,9.715766],[118.530528,9.774237],[118.537608,9.785102],[118.54835,9.812405],[118.595714,9.857367],[118.606456,9.874172],[118.608246,9.885321],[118.613129,9.900946],[118.620616,9.916897],[118.657237,9.965237],[118.667979,9.974351],[118.656505,9.996161],[118.673595,10.011786],[118.722504,10.035834],[118.728852,10.045803],[118.763682,10.120754],[118.771658,10.130805],[118.776622,10.099066],[118.776622,10.083075],[118.767833,10.076158],[118.76295,10.069241],[118.77947,10.056301],[118.801117,10.049018],[118.81186,10.059068],[118.814789,10.067288],[118.8213,10.073879],[118.828298,10.07925],[118.832367,10.083645],[118.837657,10.095689],[118.838634,10.099921],[118.836436,10.102729],[118.817719,10.136705],[118.812348,10.152086],[118.81186,10.172349],[118.815766,10.18891],[118.822276,10.194525],[118.842947,10.192857],[118.855154,10.196031],[118.875336,10.21015],[118.891124,10.213324],[118.918468,10.208319],[118.933604,10.209662],[118.949718,10.22016],[118.958344,10.235256],[118.960134,10.252509],[118.956716,10.269192],[118.949718,10.282213],[118.956554,10.284817],[118.959483,10.286811],[118.962657,10.286444],[118.970225,10.282213],[118.979259,10.292304],[118.993419,10.300279],[119.009451,10.306098],[119.02475,10.309556],[119.021739,10.325181],[119.03004,10.338568],[119.033946,10.349351],[119.017914,10.357367],[119.008149,10.353705],[118.995942,10.346096],[118.984386,10.344062],[118.97641,10.357367],[118.979747,10.368109],[118.989757,10.383287],[119.001964,10.397528],[119.011729,10.405178],[119.027517,10.407172],[119.043956,10.404202],[119.059337,10.398261],[119.072032,10.391506],[119.079112,10.40469],[119.079112,10.415473],[119.084321,10.422797],[119.1067,10.425605],[119.09962,10.438707],[119.090587,10.445624],[119.084483,10.452786],[119.085704,10.46662],[119.091319,10.47309],[119.111095,10.480658],[119.120372,10.487738],[119.1185,10.476793],[119.117035,10.472398],[119.113536,10.46662],[119.118826,10.454291],[119.127208,10.394924],[119.135265,10.388129],[119.152843,10.398505],[119.181814,10.425605],[119.192068,10.447984],[119.195567,10.453559],[119.202647,10.45718],[119.211925,10.459703],[119.219981,10.463365],[119.229991,10.485419],[119.263927,10.494127],[119.278087,10.508205],[119.268403,10.519517],[119.255626,10.530951],[119.247244,10.542955],[119.250743,10.555976],[119.269542,10.548529],[119.290782,10.557685],[119.309093,10.57453],[119.319102,10.590074],[119.344981,10.723578],[119.342052,10.736151],[119.3296,10.751166],[119.32545,10.757514],[119.321788,10.765611],[119.316905,10.772691],[119.309093,10.775702],[119.302013,10.772854],[119.291677,10.762112],[119.284841,10.76203],[119.273936,10.771674],[119.270274,10.784898],[119.271251,10.812934],[119.266124,10.826606],[119.253591,10.83747],[119.237804,10.845404],[119.223399,10.850816],[119.252615,10.887274],[119.257579,10.891099],[119.249278,10.90233],[119.236339,10.908433],[119.22877,10.916246],[119.237071,10.932685],[119.222504,10.941718],[119.231944,10.951158],[119.247244,10.949774],[119.250743,10.92593],[119.257579,10.92593],[119.258962,10.93008],[119.264415,10.939602],[119.268321,10.931789],[119.273123,10.927476],[119.278575,10.927558],[119.284841,10.932685],[119.291677,10.932685],[119.287852,10.920559],[119.285167,10.917467],[119.278087,10.912828],[119.291677,10.884955],[119.271251,10.884955],[119.278087,10.874945],[119.288585,10.871527],[119.300792,10.873114],[119.312836,10.878119],[119.305837,10.857123],[119.309825,10.847317],[119.320323,10.83926],[119.333263,10.823472],[119.339529,10.823472],[119.339529,10.830959],[119.346934,10.830959],[119.351573,10.810736],[119.368175,10.801337],[119.386404,10.793687],[119.394705,10.778795],[119.39796,10.768215],[119.404959,10.762356],[119.41212,10.761379],[119.418712,10.769924],[119.426117,10.762641],[119.433279,10.752346],[119.439464,10.740424],[119.441091,10.732733],[119.445079,10.727484],[119.456798,10.727281],[119.46754,10.732652],[119.469493,10.741034],[119.465668,10.75023],[119.459972,10.758287],[119.445974,10.789374],[119.439708,10.796047],[119.444184,10.810614],[119.452403,10.824937],[119.456798,10.830959],[119.44988,10.841295],[119.435069,10.85224],[119.418224,10.860907],[119.404959,10.864447],[119.38795,10.864691],[119.370128,10.867743],[119.355235,10.877753],[119.346934,10.898586],[119.348643,10.908026],[119.35906,10.92768],[119.360606,10.932685],[119.351736,10.93476],[119.337738,10.932929],[119.324718,10.933498],[119.319102,10.94302],[119.319998,11.000881],[119.325938,11.015286],[119.325938,11.022773],[119.333263,11.022773],[119.335216,11.011542],[119.340587,11.004055],[119.348888,11.000434],[119.360606,11.000963],[119.352794,11.023586],[119.327403,11.064439],[119.325938,11.090399],[119.334972,11.102932],[119.347911,11.089179],[119.362641,11.067572],[119.377289,11.05622],[119.387543,11.054023],[119.397146,11.050279],[119.406098,11.049547],[119.415294,11.05622],[119.418793,11.067857],[119.418712,11.095608],[119.43214,11.122219],[119.426117,11.133938],[119.417166,11.140326],[119.415294,11.138821],[119.398774,11.159247],[119.3921,11.171373],[119.38795,11.186591],[119.400727,11.18537],[119.413341,11.196682],[119.423595,11.213202],[119.428966,11.227525],[119.428396,11.249823],[119.420584,11.297553],[119.425548,11.313544],[119.430186,11.318427],[119.433442,11.322659],[119.435069,11.327379],[119.435802,11.33397],[119.438731,11.337958],[119.444835,11.337836],[119.44988,11.334906],[119.449392,11.330634],[119.465505,11.346829],[119.473806,11.357856],[119.477306,11.368476],[119.479991,11.396186],[119.484386,11.410549],[119.491059,11.420885],[119.501964,11.423326],[119.509044,11.413072],[119.51295,11.397773],[119.514415,11.385443],[119.514496,11.367662],[119.515391,11.361762],[119.518565,11.350775],[119.52296,11.339911],[119.529552,11.330552],[119.538829,11.323717],[119.541515,11.32807],[119.547699,11.332668],[119.552419,11.337388],[119.567068,11.301418],[119.569021,11.261664],[119.561046,11.220282],[119.545665,11.179145],[119.520518,11.138414],[119.516368,11.117499],[119.528575,11.094143],[119.553396,11.072211],[119.561778,11.059027],[119.572439,11.015326],[119.570567,11.007514],[119.559255,11.000963],[119.538341,11.012763],[119.524181,11.01732],[119.517589,11.011868],[119.506602,10.983588],[119.504568,10.970893],[119.505707,10.958645],[119.510427,10.937323],[119.511404,10.92593],[119.510102,10.916327],[119.505056,10.89647],[119.504568,10.884955],[119.507335,10.874945],[119.51588,10.85928],[119.519298,10.837714],[119.523936,10.827623],[119.531586,10.81981],[119.542247,10.816636],[119.554942,10.818671],[119.562755,10.823188],[119.568044,10.82807],[119.572927,10.830959],[119.585216,10.833441],[119.589122,10.834703],[119.593435,10.837144],[119.602712,10.824408],[119.601573,10.810858],[119.596446,10.797553],[119.593435,10.78559],[119.600108,10.754584],[119.600108,10.717353],[119.596365,10.697089],[119.590505,10.68244],[119.590831,10.672431],[119.606293,10.665839],[119.627208,10.668118],[119.641368,10.675849],[119.653575,10.675116],[119.668468,10.652167],[119.65919,10.655097],[119.650645,10.656195],[119.642426,10.65526],[119.634451,10.652167],[119.639903,10.643948],[119.642589,10.637885],[119.642751,10.632066],[119.641287,10.624905],[119.655121,10.612291],[119.662771,10.57099],[119.671886,10.552558]]],[[[119.867198,11.51557],[119.87615,11.479641],[119.869802,11.440619],[119.853526,11.404731],[119.832856,11.378363],[119.822032,11.387397],[119.820567,11.399604],[119.82545,11.413153],[119.832856,11.426174],[119.820649,11.426418],[119.803966,11.431627],[119.795421,11.43301],[119.789073,11.420356],[119.782074,11.411322],[119.770844,11.406317],[119.77003,11.410631],[119.763682,11.419827],[119.755138,11.4289],[119.747325,11.43301],[119.736095,11.437405],[119.730235,11.456448],[119.716156,11.460354],[119.728689,11.478013],[119.741384,11.469062],[119.755138,11.450832],[119.770844,11.440416],[119.781016,11.447699],[119.78419,11.464789],[119.785167,11.494452],[119.792735,11.484809],[119.802989,11.468004],[119.812511,11.460354],[119.817882,11.470038],[119.823578,11.472561],[119.828868,11.468899],[119.832856,11.460354],[119.840099,11.475653],[119.844493,11.490668],[119.841482,11.50259],[119.82602,11.508734],[119.83725,11.515611],[119.848399,11.520657],[119.858409,11.52143],[119.867198,11.51557]]],[[[125.273936,10.323188],[125.27589,10.30036],[125.273285,10.277981],[125.26002,10.261054],[125.229259,10.25434],[125.159353,10.281806],[125.14088,10.278795],[125.134044,10.257961],[125.136729,10.228583],[125.144054,10.200995],[125.151052,10.185452],[125.117035,10.197496],[125.088552,10.22899],[125.068858,10.267239],[125.061697,10.299302],[125.046641,10.319322],[125.044932,10.323188],[125.041515,10.328599],[125.041759,10.364203],[125.03004,10.375393],[125.010427,10.383043],[124.990977,10.381334],[124.979747,10.364203],[124.993012,10.334906],[125.000173,10.199693],[125.024262,10.136054],[125.03061,10.09394],[125.042247,10.049018],[125.041759,10.028998],[125.031749,10.02025],[125.01531,10.026109],[124.962169,10.067328],[124.959239,10.07274],[124.954112,10.086127],[124.942068,10.091702],[124.928233,10.093899],[124.917735,10.097317],[124.90211,10.113023],[124.893891,10.126044],[124.882823,10.134955],[124.85963,10.138251],[124.815196,10.13939],[124.795177,10.143378],[124.780447,10.151923],[124.765798,10.18594],[124.771983,10.225165],[124.785655,10.26553],[124.794119,10.30272],[124.792247,10.32567],[124.784841,10.352729],[124.771007,10.375312],[124.749766,10.38467],[124.738943,10.395453],[124.735606,10.420315],[124.736827,10.44774],[124.743988,10.49372],[124.746349,10.50137],[124.751475,10.509955],[124.764822,10.525865],[124.767345,10.532375],[124.768565,10.577338],[124.772309,10.597357],[124.798106,10.659125],[124.800955,10.67829],[124.800548,10.724514],[124.778819,10.821438],[124.773611,10.830959],[124.738129,10.861518],[124.732677,10.86815],[124.728363,10.88642],[124.718028,10.905585],[124.691742,10.939602],[124.650157,10.970893],[124.643321,10.977444],[124.637218,10.994208],[124.622325,11.002021],[124.602387,11.003485],[124.58253,11.000963],[124.562673,10.99433],[124.549571,10.983303],[124.546886,10.968329],[124.558279,10.950141],[124.562755,10.931464],[124.553559,10.908596],[124.539236,10.888373],[124.527843,10.878119],[124.514496,10.873684],[124.507335,10.874416],[124.470714,10.902411],[124.469249,10.905463],[124.452647,10.900784],[124.446951,10.903144],[124.442393,10.93122],[124.43686,10.935207],[124.424815,10.932685],[124.412608,10.932318],[124.40211,10.929836],[124.396007,10.934068],[124.396821,10.953803],[124.401622,10.966539],[124.414887,10.984849],[124.417979,11.000963],[124.415375,11.019965],[124.408214,11.028876],[124.398774,11.036078],[124.389985,11.049465],[124.388438,11.065863],[124.393809,11.080512],[124.400727,11.092597],[124.406505,11.108303],[124.415782,11.121812],[124.417979,11.128567],[124.416759,11.136176],[124.411632,11.148017],[124.404307,11.210761],[124.404307,11.30268],[124.387055,11.300727],[124.369151,11.311225],[124.354747,11.328681],[124.349132,11.347357],[124.352306,11.355902],[124.366954,11.365871],[124.370291,11.374945],[124.354259,11.379828],[124.342296,11.384955],[124.334727,11.392035],[124.348481,11.399115],[124.344981,11.407375],[124.334972,11.417385],[124.329112,11.429592],[124.325938,11.444403],[124.311371,11.466783],[124.297537,11.526801],[124.300629,11.542873],[124.305186,11.544257],[124.32602,11.554389],[124.329112,11.557115],[124.340099,11.551011],[124.365896,11.515937],[124.424815,11.46776],[124.443126,11.446926],[124.480154,11.385199],[124.483653,11.42768],[124.489594,11.446682],[124.503266,11.443834],[124.533702,11.421698],[124.545258,11.409003],[124.569672,11.346829],[124.594249,11.319525],[124.629893,11.304429],[124.677989,11.30268],[124.71339,11.311591],[124.744395,11.328559],[124.794119,11.371527],[124.832774,11.424506],[124.845714,11.43301],[124.854666,11.430976],[124.874848,11.422024],[124.886892,11.419989],[124.890636,11.422024],[124.890147,11.430976],[124.893728,11.43301],[124.900157,11.430976],[124.903331,11.426459],[124.904307,11.422024],[124.903982,11.419989],[124.929698,11.421291],[124.938162,11.419989],[124.948009,11.413967],[124.969737,11.395819],[124.976329,11.392035],[124.984141,11.381334],[124.982188,11.357896],[124.975597,11.334418],[124.966319,11.318305],[124.96518,11.306383],[124.966319,11.29442],[124.969493,11.289008],[124.972179,11.287095],[124.973969,11.277086],[124.976329,11.27261],[124.981456,11.267971],[124.984548,11.266181],[124.987804,11.264879],[124.993337,11.261664],[125.005219,11.257148],[125.013927,11.256659],[125.019379,11.25259],[125.023448,11.227932],[125.028087,11.228502],[125.032563,11.236274],[125.034434,11.248033],[125.041759,11.248033],[125.042735,11.217027],[125.041759,11.207099],[125.038748,11.197943],[125.02947,11.182074],[125.027599,11.176011],[125.029633,11.164455],[125.039561,11.144761],[125.041759,11.135403],[125.039806,11.103461],[125.054454,11.010647],[125.053071,10.968207],[125.012869,10.844672],[125.006114,10.797349],[125.013845,10.754584],[125.027192,10.742906],[125.08725,10.714789],[125.11199,10.707465],[125.120291,10.70307],[125.124034,10.695136],[125.130544,10.665839],[125.169932,10.619615],[125.174571,10.611233],[125.194102,10.602973],[125.195811,10.582587],[125.185232,10.532375],[125.187266,10.51968],[125.196625,10.497545],[125.198741,10.48428],[125.196544,10.446845],[125.198741,10.433051],[125.20574,10.418606],[125.218923,10.398383],[125.232188,10.386868],[125.239757,10.398342],[125.246593,10.398342],[125.259125,10.383205],[125.266612,10.368394],[125.271007,10.34984],[125.273936,10.323188]]],[[[123.170421,11.48078],[123.174815,11.467475],[123.169281,11.453599],[123.161143,11.438951],[123.156749,11.423082],[123.160899,11.394355],[123.160411,11.380439],[123.149425,11.361884],[123.149262,11.35635],[123.147716,11.352484],[123.129161,11.349351],[123.125662,11.344875],[123.124766,11.338324],[123.122081,11.330634],[123.123871,11.329291],[123.122081,11.30268],[123.121349,11.301581],[123.115896,11.282172],[123.113536,11.266669],[123.115896,11.230658],[123.118907,11.221503],[123.125987,11.216783],[123.133067,11.210435],[123.136241,11.196519],[123.131358,11.182685],[123.111339,11.168036],[123.108246,11.151801],[123.085623,11.162543],[123.060883,11.16942],[123.04127,11.163398],[123.028331,11.109849],[123.014903,11.09162],[122.995372,11.078803],[122.97169,11.069892],[122.977061,11.057034],[122.972423,11.049018],[122.950694,11.035793],[122.952403,11.046088],[122.951671,11.055732],[122.947276,11.062323],[122.938243,11.063666],[122.93336,11.058417],[122.930349,11.036851],[122.924571,11.028957],[122.914073,11.026272],[122.9074,11.029731],[122.900401,11.034491],[122.889903,11.035793],[122.88502,11.033189],[122.862559,11.015286],[122.862559,11.028957],[122.839122,11.018052],[122.812022,10.998481],[122.789317,10.97606],[122.78004,10.956936],[122.785167,10.925686],[122.794281,10.900539],[122.798025,10.875434],[122.786876,10.84455],[122.761485,10.810736],[122.744802,10.79564],[122.728526,10.789374],[122.719005,10.79149],[122.702403,10.800849],[122.694102,10.802965],[122.686534,10.800849],[122.666759,10.789374],[122.655528,10.787014],[122.642751,10.781236],[122.630626,10.774359],[122.614757,10.761461],[122.610037,10.75609],[122.601248,10.740953],[122.603038,10.738756],[122.605968,10.734036],[122.604991,10.727729],[122.594981,10.721096],[122.589854,10.698717],[122.544688,10.689846],[122.45102,10.686347],[122.365408,10.672675],[122.357188,10.670396],[122.343598,10.660631],[122.33839,10.658393],[122.304047,10.659735],[122.293305,10.658393],[122.2824,10.654039],[122.268565,10.642727],[122.259288,10.637885],[122.248546,10.637926],[122.237559,10.641425],[122.226573,10.642239],[122.214529,10.634467],[122.173595,10.600653],[122.161957,10.593736],[122.152029,10.592353],[122.141612,10.592434],[122.128917,10.590074],[122.101817,10.569322],[122.039561,10.46662],[122.033214,10.460924],[122.015798,10.445461],[121.982107,10.430243],[121.949718,10.433173],[121.929698,10.46662],[121.932465,10.508694],[121.972179,10.582099],[121.984874,10.624905],[121.984874,10.647284],[121.978038,10.710191],[121.971853,10.725002],[121.944102,10.753567],[121.937022,10.775702],[121.939708,10.793606],[121.954112,10.823228],[121.959972,10.853909],[121.978038,10.905463],[122.045095,11.017401],[122.053071,11.063666],[122.053071,11.233791],[122.050629,11.254706],[122.044281,11.277777],[122.041759,11.300442],[122.050059,11.320299],[122.061371,11.339057],[122.066091,11.360175],[122.073578,11.477362],[122.075938,11.482571],[122.080821,11.487616],[122.085704,11.494574],[122.107188,11.657945],[122.101573,11.693671],[122.084483,11.724677],[122.060232,11.73371],[122.029063,11.734687],[121.99171,11.741441],[121.957856,11.755357],[121.941173,11.760077],[121.919688,11.761949],[121.882172,11.760728],[121.864757,11.762641],[121.853852,11.769436],[121.854421,11.771837],[121.85613,11.779771],[121.866222,11.793443],[121.878103,11.805325],[121.885265,11.81037],[121.889008,11.819281],[121.891449,11.83926],[121.891775,11.859931],[121.888682,11.871243],[121.891856,11.88524],[121.896821,11.893785],[121.905528,11.898017],[121.919688,11.899115],[121.926524,11.903388],[121.939708,11.922187],[121.946625,11.926459],[121.95338,11.927802],[121.958995,11.933173],[121.963715,11.933905],[121.972179,11.930365],[121.977306,11.924018],[121.980968,11.917467],[121.984874,11.913398],[122.02003,11.903144],[122.030284,11.896308],[122.053233,11.866685],[122.072602,11.849311],[122.094412,11.834662],[122.117931,11.823554],[122.228689,11.79975],[122.265391,11.785549],[122.300141,11.761949],[122.322113,11.742255],[122.336111,11.73664],[122.377208,11.733222],[122.38795,11.727444],[122.427989,11.668769],[122.440766,11.657457],[122.454112,11.652737],[122.465343,11.64525],[122.512462,11.59809],[122.572276,11.574937],[122.588145,11.563381],[122.592214,11.554267],[122.594737,11.54857],[122.597504,11.531806],[122.604177,11.517076],[122.622325,11.508734],[122.628429,11.510403],[122.641287,11.520087],[122.65447,11.526068],[122.654307,11.53441],[122.65089,11.543606],[122.649669,11.549709],[122.654145,11.565985],[122.660411,11.568752],[122.673595,11.560248],[122.686046,11.545844],[122.692638,11.542467],[122.704275,11.542873],[122.694102,11.555325],[122.695649,11.561347],[122.703136,11.565009],[122.711111,11.570217],[122.730805,11.592231],[122.733409,11.601304],[122.730317,11.604438],[122.728038,11.607856],[122.724783,11.611762],[122.755382,11.613837],[122.793956,11.612291],[122.830333,11.605292],[122.854991,11.591254],[122.863455,11.576158],[122.868663,11.560452],[122.874848,11.547919],[122.886404,11.542873],[122.900157,11.540676],[122.944509,11.522406],[122.894298,11.487209],[122.875824,11.465644],[122.87615,11.447252],[122.900727,11.437934],[122.927745,11.451117],[122.955414,11.470689],[122.9817,11.48078],[123.008067,11.487291],[123.0442,11.515855],[123.08961,11.52969],[123.117849,11.548163],[123.142345,11.572699],[123.156749,11.59809],[123.163585,11.59809],[123.164399,11.537991],[123.156749,11.522406],[123.149099,11.519355],[123.137869,11.518012],[123.127289,11.515448],[123.122081,11.508734],[123.12322,11.498725],[123.129242,11.493801],[123.138845,11.492743],[123.149913,11.494452],[123.140391,11.479315],[123.148123,11.476955],[123.170421,11.48078]]],[[[120.02475,11.892971],[120.052582,11.871243],[120.073253,11.865302],[120.083263,11.860419],[120.076508,11.85814],[120.050059,11.854315],[120.048595,11.844428],[120.051768,11.831],[120.039073,11.816596],[120.039073,11.81037],[120.042979,11.808987],[120.052582,11.803616],[120.052582,11.81037],[120.062185,11.806301],[120.069998,11.801093],[120.075938,11.795233],[120.079926,11.789252],[120.060069,11.767483],[120.052582,11.761949],[120.067068,11.741767],[120.047048,11.70893],[120.014171,11.682115],[119.984386,11.68008],[119.96697,11.664374],[119.9546,11.680121],[119.950206,11.709377],[119.956391,11.734687],[119.9699,11.725531],[119.973969,11.720771],[119.977061,11.714179],[119.984386,11.714179],[119.982595,11.728583],[119.980968,11.734198],[119.977061,11.741441],[119.990489,11.754788],[120.00115,11.768622],[120.004893,11.782538],[119.998057,11.796088],[119.990245,11.790269],[119.985118,11.78974],[119.977061,11.796088],[119.97169,11.774807],[119.959239,11.765855],[119.943696,11.767035],[119.92921,11.77558],[119.921153,11.788316],[119.911876,11.816392],[119.901866,11.824042],[119.907481,11.827948],[119.916189,11.835191],[119.922374,11.837714],[119.911876,11.853949],[119.886078,11.878648],[119.874522,11.892971],[119.868012,11.906562],[119.854015,11.954413],[119.862315,11.952704],[119.867198,11.949693],[119.872406,11.947333],[119.880707,11.947577],[119.879161,11.945868],[119.882335,11.943345],[119.887462,11.941107],[119.891612,11.940131],[119.894786,11.942328],[119.895763,11.947252],[119.894786,11.952135],[119.891612,11.954413],[119.892833,11.962592],[119.904796,11.976874],[119.919688,11.981513],[119.92921,11.961168],[119.963878,11.940131],[119.959321,11.929999],[119.977061,11.926174],[120.021658,11.926459],[120.031423,11.924465],[120.031993,11.919908],[120.02589,11.915473],[120.003103,11.910061],[120.008067,11.902737],[120.019216,11.895575],[120.02475,11.892971]]],[[[120.347504,12.029486],[120.352875,12.016181],[120.349132,12.007025],[120.339529,12.000556],[120.326427,11.995307],[120.312755,11.992011],[120.306163,11.993964],[120.30128,11.998481],[120.292247,12.002834],[120.274913,12.003404],[120.262869,11.997748],[120.251801,11.990871],[120.237641,11.987942],[120.224376,11.993069],[120.21339,12.002265],[120.202403,12.008002],[120.18922,12.002834],[120.187022,12.018256],[120.174571,12.022691],[120.157481,12.023912],[120.1421,12.029486],[120.134613,12.02204],[120.141368,12.00967],[120.140636,11.999254],[120.136892,11.988471],[120.134613,11.97484],[120.125987,11.979397],[120.121349,11.979397],[120.118337,11.975287],[120.114106,11.967434],[120.107921,11.967434],[120.093516,11.994371],[120.082286,12.001532],[120.039073,11.995307],[120.021495,11.999823],[120.00115,12.011176],[119.98406,12.025702],[119.970551,12.054755],[119.942393,12.087144],[119.935883,12.108303],[119.935802,12.123033],[119.934093,12.134833],[119.928966,12.145331],[119.91863,12.156073],[119.912364,12.166897],[119.910411,12.180569],[119.906505,12.194892],[119.89503,12.207668],[119.883474,12.19892],[119.873057,12.187405],[119.865001,12.173814],[119.860362,12.159166],[119.847667,12.166734],[119.850352,12.174465],[119.85963,12.183254],[119.867198,12.193996],[119.86964,12.20661],[119.869314,12.216702],[119.867198,12.231838],[119.872325,12.251695],[119.885509,12.259508],[119.903494,12.264594],[119.922374,12.276516],[119.897634,12.277045],[119.887543,12.275051],[119.880707,12.269029],[119.87794,12.308092],[119.88502,12.322699],[119.908702,12.323676],[119.926931,12.316474],[119.933442,12.301093],[119.934581,12.285142],[119.935883,12.276516],[119.950206,12.271552],[119.989024,12.267157],[120.004893,12.262885],[120.021495,12.253119],[120.048839,12.231147],[120.072765,12.206041],[120.079926,12.200832],[120.088145,12.198228],[120.105317,12.197659],[120.114106,12.193996],[120.103689,12.191474],[120.096853,12.186021],[120.093516,12.17772],[120.094249,12.166653],[120.116954,12.166449],[120.170177,12.125434],[120.196056,12.112006],[120.198416,12.122789],[120.204356,12.128363],[120.213145,12.129096],[120.223969,12.125678],[120.224132,12.219184],[120.229747,12.218655],[120.243907,12.200832],[120.250743,12.185492],[120.252778,12.169623],[120.251964,12.142483],[120.258311,12.131781],[120.272472,12.134711],[120.286388,12.135443],[120.292247,12.118232],[120.295909,12.120185],[120.297048,12.120103],[120.297537,12.120998],[120.299083,12.125678],[120.329112,12.09748],[120.342133,12.080756],[120.347504,12.067328],[120.3449,12.05329],[120.337901,12.048489],[120.328868,12.045356],[120.319591,12.036322],[120.315196,12.023179],[120.319591,12.01789],[120.327403,12.020087],[120.333832,12.029486],[120.33839,12.029283],[120.339366,12.028144],[120.339203,12.025824],[120.340099,12.02204],[120.347504,12.029486]]],[[[122.687511,12.402818],[122.686778,12.388983],[122.670177,12.317532],[122.65919,12.305406],[122.642833,12.291938],[122.625336,12.280992],[122.611827,12.276516],[122.607188,12.279446],[122.591563,12.300116],[122.583018,12.30565],[122.562511,12.311103],[122.553477,12.317532],[122.528819,12.358466],[122.511974,12.377631],[122.488292,12.385728],[122.465099,12.388577],[122.446056,12.396674],[122.431895,12.409735],[122.423106,12.427395],[122.423025,12.462877],[122.444591,12.48371],[122.48113,12.493354],[122.594249,12.492621],[122.632091,12.484524],[122.643728,12.479478],[122.649181,12.473212],[122.655447,12.45246],[122.661388,12.439358],[122.6692,12.426215],[122.687511,12.402818]]],[[[125.712738,11.148749],[125.729015,11.117377],[125.760265,11.084621],[125.779633,11.052395],[125.760509,11.022773],[125.752208,11.030422],[125.72877,11.042792],[125.719574,11.049465],[125.710704,11.082831],[125.708751,11.085761],[125.707205,11.088568],[125.706554,11.094143],[125.707042,11.112006],[125.706065,11.116767],[125.700043,11.117865],[125.685313,11.125149],[125.681,11.129869],[125.666677,11.141669],[125.651541,11.1494],[125.644379,11.142239],[125.610362,11.122016],[125.600108,11.118313],[125.588064,11.12226],[125.583832,11.131741],[125.581554,11.142768],[125.57545,11.151801],[125.563813,11.156806],[125.55714,11.154039],[125.550141,11.148627],[125.538341,11.145657],[125.535981,11.138129],[125.531098,11.102281],[125.527843,11.090399],[125.500824,11.115058],[125.482432,11.127631],[125.469737,11.128567],[125.450938,11.106676],[125.440196,11.097561],[125.424653,11.090399],[125.424001,11.106513],[125.416515,11.116604],[125.406261,11.117133],[125.397472,11.104682],[125.37379,11.125963],[125.363292,11.131985],[125.327159,11.137519],[125.321625,11.142239],[125.317068,11.149563],[125.306,11.147447],[125.275727,11.135647],[125.270518,11.128079],[125.266124,11.118883],[125.254568,11.101996],[125.251964,11.094672],[125.246837,11.09219],[125.241384,11.094387],[125.232921,11.097846],[125.225434,11.105536],[125.218923,11.118069],[125.214122,11.131537],[125.208669,11.185045],[125.198741,11.227525],[125.172374,11.265204],[125.132823,11.282131],[125.087087,11.285346],[125.041759,11.282172],[125.000987,11.289781],[124.99171,11.31802],[125.000173,11.398871],[124.999848,11.407131],[125.000743,11.413723],[125.00294,11.419745],[125.007009,11.426174],[124.999278,11.430325],[124.979747,11.447252],[124.972423,11.450141],[124.958344,11.451361],[124.951834,11.453518],[124.937999,11.462795],[124.926443,11.473944],[124.917328,11.487047],[124.911469,11.501899],[124.896495,11.47012],[124.887462,11.465522],[124.869884,11.46776],[124.85613,11.473049],[124.845063,11.481757],[124.836192,11.493638],[124.828298,11.508734],[124.843761,11.515774],[124.852387,11.52497],[124.859548,11.534613],[124.869884,11.542873],[124.886404,11.547187],[124.900076,11.548774],[124.903656,11.554267],[124.89031,11.570217],[124.948741,11.570217],[124.961436,11.576972],[124.977794,11.59276],[124.992442,11.611029],[125.000173,11.624823],[124.999522,11.640286],[124.994395,11.655666],[124.991222,11.670315],[124.996755,11.683417],[125.018403,11.706366],[125.034434,11.727851],[125.039399,11.722968],[125.055431,11.714179],[125.05421,11.738227],[125.043712,11.757758],[125.026378,11.770901],[125.003591,11.77558],[124.986664,11.77025],[124.945323,11.746812],[124.928233,11.741441],[124.892426,11.761461],[124.833507,11.845364],[124.794119,11.85814],[124.794119,11.864976],[124.801036,11.864569],[124.807872,11.864976],[124.798188,11.869818],[124.794119,11.871243],[124.807872,11.899115],[124.812673,11.896145],[124.817556,11.893948],[124.822765,11.890937],[124.828298,11.885443],[124.823985,11.905829],[124.809825,11.915676],[124.794932,11.916449],[124.778575,11.899156],[124.761078,11.901313],[124.751964,11.910305],[124.767345,11.920233],[124.762055,11.929023],[124.755707,11.933295],[124.74822,11.932563],[124.739513,11.926459],[124.737478,11.953315],[124.734223,11.968207],[124.729259,11.977973],[124.679861,12.029731],[124.640147,12.045356],[124.600434,12.054633],[124.569347,12.050849],[124.540375,12.065741],[124.493175,12.097805],[124.446462,12.153062],[124.424815,12.172838],[124.427501,12.175035],[124.428233,12.175849],[124.430919,12.180325],[124.407237,12.193793],[124.390798,12.221869],[124.342133,12.385728],[124.276215,12.533271],[124.273936,12.54682],[124.276622,12.558539],[124.283458,12.570624],[124.293468,12.579983],[124.305024,12.582994],[124.312755,12.579495],[124.358409,12.544908],[124.363048,12.543606],[124.373302,12.543402],[124.398611,12.554918],[124.407481,12.557074],[124.413259,12.555243],[124.438487,12.543402],[124.454275,12.538398],[124.517345,12.537258],[124.521495,12.535793],[124.532481,12.528795],[124.534679,12.526313],[124.536794,12.522528],[124.541515,12.524156],[124.54713,12.527777],[124.551443,12.529731],[124.574474,12.527533],[124.596202,12.522935],[124.67921,12.515937],[124.867931,12.530341],[124.877208,12.533393],[124.886892,12.540351],[124.895518,12.554267],[124.889903,12.563625],[124.880219,12.572211],[124.87672,12.583726],[124.87672,12.591254],[124.894786,12.585435],[124.908214,12.573717],[124.918956,12.562242],[124.928233,12.557074],[124.941417,12.562974],[124.958507,12.573228],[124.973399,12.576321],[124.979747,12.560777],[124.989513,12.561998],[125.010427,12.553412],[125.028575,12.542548],[125.031016,12.537258],[125.036876,12.535549],[125.042247,12.532131],[125.049571,12.529364],[125.061697,12.529731],[125.069835,12.533026],[125.081391,12.5397],[125.091807,12.547349],[125.096446,12.553656],[125.099783,12.574652],[125.109141,12.579291],[125.137462,12.570746],[125.147227,12.571967],[125.156993,12.575995],[125.16627,12.578111],[125.174571,12.574164],[125.198741,12.550238],[125.248383,12.519477],[125.272146,12.49901],[125.273936,12.482001],[125.284841,12.470445],[125.306163,12.458319],[125.314789,12.447211],[125.326345,12.421332],[125.333669,12.412665],[125.34962,12.3994],[125.330903,12.388902],[125.312836,12.366685],[125.307872,12.341864],[125.329112,12.323676],[125.322276,12.319322],[125.318533,12.313666],[125.31601,12.302069],[125.314789,12.296373],[125.345551,12.313707],[125.356456,12.317532],[125.354666,12.307929],[125.354828,12.301337],[125.354177,12.295885],[125.34962,12.289537],[125.360688,12.285142],[125.370453,12.288967],[125.390636,12.30386],[125.384451,12.28498],[125.394216,12.280504],[125.43214,12.282701],[125.450694,12.273627],[125.486013,12.247382],[125.500499,12.248603],[125.506033,12.237738],[125.527843,12.211005],[125.538259,12.183498],[125.537608,12.172431],[125.521007,12.180325],[125.51295,12.174465],[125.489268,12.170233],[125.47934,12.166653],[125.488455,12.163031],[125.495453,12.15884],[125.501475,12.153388],[125.507335,12.146186],[125.479747,12.139838],[125.467133,12.134914],[125.459483,12.125678],[125.457367,12.107082],[125.467947,12.101996],[125.500499,12.10456],[125.498302,12.101304],[125.495616,12.094224],[125.493663,12.090969],[125.502696,12.083686],[125.515636,12.070868],[125.525157,12.056952],[125.524425,12.04621],[125.490489,12.018948],[125.48227,12.008531],[125.469981,11.986762],[125.451996,11.964057],[125.445811,11.947333],[125.443858,11.927883],[125.44516,11.905951],[125.447032,11.900092],[125.459483,11.871243],[125.457286,11.840522],[125.459483,11.830268],[125.465099,11.823228],[125.490489,11.799791],[125.493663,11.790229],[125.490489,11.781073],[125.483735,11.77619],[125.457205,11.785712],[125.447276,11.767768],[125.450206,11.750434],[125.469737,11.758531],[125.481619,11.75731],[125.491222,11.737982],[125.500499,11.701117],[125.499034,11.675849],[125.489268,11.670803],[125.476817,11.668769],[125.466319,11.652737],[125.479015,11.647528],[125.476329,11.638007],[125.468598,11.625474],[125.466319,11.611762],[125.470876,11.602607],[125.476573,11.600165],[125.483165,11.599311],[125.490489,11.594672],[125.493663,11.587795],[125.493663,11.563381],[125.497895,11.548326],[125.501964,11.53913],[125.524181,11.50731],[125.530935,11.491604],[125.531016,11.475653],[125.521007,11.460354],[125.529063,11.459459],[125.534516,11.458157],[125.540375,11.457913],[125.548839,11.460354],[125.55421,11.436265],[125.558604,11.424791],[125.565929,11.419989],[125.576182,11.416693],[125.594249,11.402167],[125.606944,11.398871],[125.60906,11.393134],[125.619884,11.38109],[125.631847,11.370307],[125.637706,11.368476],[125.63795,11.342353],[125.63502,11.326483],[125.627126,11.313544],[125.566173,11.268134],[125.555024,11.248033],[125.555024,11.211859],[125.571788,11.192572],[125.599132,11.189114],[125.63087,11.200263],[125.616059,11.21894],[125.615733,11.233873],[125.628917,11.236314],[125.674978,11.20307],[125.693614,11.192572],[125.707367,11.177436],[125.712738,11.148749]]],[[[124.054942,11.799791],[124.059093,11.783922],[124.067149,11.764106],[124.07252,11.744086],[124.068533,11.727851],[124.054861,11.725572],[124.041515,11.742987],[124.020763,11.783108],[124.007986,11.796698],[123.974376,11.824937],[123.945649,11.835679],[123.924083,11.859565],[123.89031,11.870795],[123.875173,11.884508],[123.855642,11.913398],[123.84254,11.906155],[123.824392,11.910061],[123.787364,11.926459],[123.764008,11.915676],[123.742931,11.926947],[123.725108,11.944892],[123.711681,11.954413],[123.716075,11.966742],[123.722423,11.975816],[123.731944,11.980902],[123.745779,11.981106],[123.732677,12.008368],[123.726899,11.999335],[123.725352,11.995307],[123.719086,11.995307],[123.710623,12.007392],[123.698497,12.020819],[123.685395,12.031806],[123.659434,12.042955],[123.650727,12.056952],[123.653005,12.069281],[123.670665,12.071031],[123.648936,12.077582],[123.62908,12.075873],[123.614757,12.079332],[123.603852,12.11872],[123.590994,12.135484],[123.560802,12.166653],[123.546397,12.188056],[123.539724,12.193996],[123.510753,12.206],[123.503103,12.211005],[123.485362,12.218085],[123.461599,12.215725],[123.43865,12.208401],[123.424164,12.200832],[123.412364,12.188178],[123.382009,12.145087],[123.372732,12.118638],[123.364757,12.106024],[123.354747,12.095404],[123.345225,12.090969],[123.333751,12.089504],[123.32838,12.085273],[123.321137,12.071031],[123.265961,12.007514],[123.181407,11.930854],[123.159679,11.917792],[123.149913,11.930162],[123.151866,11.950385],[123.156993,11.974311],[123.164724,11.994371],[123.173839,12.002834],[123.185232,12.005113],[123.190115,12.011664],[123.191091,12.021186],[123.190929,12.032904],[123.193207,12.046332],[123.198985,12.056586],[123.205577,12.066107],[123.211274,12.077297],[123.210216,12.114976],[123.215994,12.13349],[123.231944,12.125678],[123.237315,12.139228],[123.244314,12.149848],[123.254649,12.156806],[123.27003,12.159166],[123.277192,12.164293],[123.273448,12.175849],[123.259776,12.193996],[123.273692,12.202948],[123.286632,12.208482],[123.294607,12.217231],[123.293956,12.235541],[123.259532,12.236884],[123.23699,12.235175],[123.21811,12.228095],[123.218761,12.234849],[123.217784,12.265448],[123.218761,12.268012],[123.221202,12.269721],[123.24879,12.307115],[123.252289,12.320624],[123.255626,12.350287],[123.270193,12.400539],[123.273448,12.423651],[123.271495,12.439439],[123.265636,12.447333],[123.25587,12.453681],[123.242442,12.464586],[123.231944,12.580634],[123.234711,12.59276],[123.242198,12.595364],[123.252126,12.592027],[123.262218,12.586127],[123.27711,12.579535],[123.305837,12.574937],[123.321137,12.570746],[123.33074,12.564358],[123.338145,12.556627],[123.347341,12.55093],[123.356456,12.549262],[123.355317,12.547675],[123.355968,12.543402],[123.33839,12.546942],[123.340343,12.531684],[123.355968,12.495592],[123.350434,12.487779],[123.338552,12.479438],[123.326671,12.467922],[123.321137,12.450914],[123.326427,12.438056],[123.338227,12.445299],[123.355968,12.468329],[123.358653,12.469184],[123.368907,12.469794],[123.372813,12.471381],[123.374766,12.475775],[123.374522,12.485175],[123.375824,12.488756],[123.37379,12.489651],[123.379161,12.501207],[123.386485,12.512519],[123.390147,12.512397],[123.397634,12.519029],[123.414724,12.520941],[123.434093,12.518622],[123.44809,12.512397],[123.479828,12.481024],[123.495616,12.468573],[123.51295,12.460883],[123.54713,12.460883],[123.552419,12.45661],[123.56422,12.440375],[123.572276,12.43183],[123.581391,12.413072],[123.593435,12.394355],[123.609223,12.385728],[123.609223,12.378892],[123.597504,12.377875],[123.590099,12.372301],[123.587169,12.363105],[123.588145,12.35102],[123.621918,12.368354],[123.636974,12.370266],[123.643321,12.354722],[123.647716,12.348293],[123.657563,12.346422],[123.668956,12.346259],[123.677501,12.344794],[123.688243,12.337795],[123.696788,12.329901],[123.704356,12.320746],[123.767345,12.214057],[123.79363,12.187161],[123.788422,12.231269],[123.794932,12.246894],[123.818126,12.231838],[123.848806,12.200832],[123.862641,12.202867],[123.873546,12.210191],[123.882335,12.212795],[123.889659,12.200832],[123.889659,12.207668],[123.899425,12.18773],[123.951915,12.10456],[123.958263,12.100572],[123.973155,12.095649],[123.979177,12.090969],[123.983246,12.082343],[123.992849,12.049302],[123.998302,12.03974],[124.040294,11.988105],[124.050304,11.971137],[124.054942,11.954413],[124.038422,11.964545],[124.017914,11.995551],[123.999522,12.008368],[124.00294,11.997789],[124.007172,11.990709],[124.020763,11.97484],[124.009532,11.965766],[124.01295,11.95425],[124.033865,11.926459],[124.058279,11.87519],[124.061778,11.861558],[124.061778,11.837714],[124.055675,11.810533],[124.054942,11.799791]]],[[[122.279633,12.605455],[122.296886,12.57392],[122.31129,12.536689],[122.309825,12.501125],[122.279633,12.474514],[122.263682,12.493232],[122.254649,12.511176],[122.25115,12.52969],[122.25172,12.550238],[122.250743,12.554185],[122.24822,12.559027],[122.24586,12.564602],[122.245616,12.570746],[122.24822,12.575873],[122.255707,12.578843],[122.259288,12.583726],[122.26588,12.604804],[122.271007,12.613105],[122.279633,12.619127],[122.279633,12.605455]]],[[[122.115245,12.666327],[122.145681,12.657457],[122.156016,12.648342],[122.156261,12.632148],[122.151378,12.628119],[122.135916,12.630276],[122.128917,12.625393],[122.128673,12.6164],[122.135753,12.560777],[122.130382,12.528388],[122.106944,12.459784],[122.098888,12.386379],[122.080821,12.315497],[122.051036,12.242987],[122.043224,12.231838],[122.036469,12.214057],[122.048025,12.200629],[122.061209,12.188056],[122.059906,12.172838],[122.046886,12.187161],[122.041026,12.179348],[122.022797,12.162828],[122.019054,12.156073],[122.019054,12.10456],[122.012218,12.10456],[121.991059,12.128485],[121.986176,12.142564],[121.99171,12.159166],[121.965017,12.161444],[121.958995,12.177802],[121.963715,12.228095],[121.973318,12.204495],[121.987153,12.2001],[121.999766,12.210639],[122.005382,12.231838],[122.002126,12.244371],[121.993663,12.249213],[121.982677,12.25141],[121.971202,12.256049],[121.929698,12.296373],[121.920746,12.302883],[121.924083,12.339342],[121.934418,12.380072],[121.946625,12.3994],[121.978282,12.411811],[121.993175,12.441799],[121.997813,12.478909],[121.997895,12.512397],[121.990896,12.571194],[121.99586,12.592719],[122.019054,12.611721],[122.076345,12.627346],[122.104991,12.641791],[122.115245,12.666327]]],[[[123.787364,12.375556],[123.793305,12.355455],[123.79477,12.343329],[123.790538,12.337958],[123.782481,12.341132],[123.774913,12.349026],[123.769216,12.358954],[123.766856,12.36872],[123.762543,12.378079],[123.732677,12.406236],[123.583181,12.623928],[123.580251,12.63345],[123.581309,12.64643],[123.588145,12.64643],[123.597341,12.641343],[123.601817,12.654608],[123.604747,12.674018],[123.609223,12.687445],[123.618337,12.687323],[123.629568,12.677639],[123.646739,12.657131],[123.6963,12.628363],[123.704845,12.625393],[123.703868,12.618842],[123.700938,12.615424],[123.691173,12.611721],[123.704926,12.611721],[123.716563,12.608303],[123.725841,12.601467],[123.732677,12.591254],[123.727875,12.573635],[123.735688,12.553697],[123.747325,12.534491],[123.753184,12.519232],[123.756358,12.503485],[123.770518,12.471096],[123.781586,12.418687],[123.783946,12.413723],[123.789399,12.409125],[123.79005,12.398342],[123.787364,12.375556]]],[[[123.280284,12.864936],[123.286632,12.815009],[123.36085,12.736518],[123.375824,12.69359],[123.341075,12.718207],[123.273448,12.81094],[123.251964,12.832709],[123.238455,12.841498],[123.20102,12.848822],[123.185313,12.858466],[123.109874,12.923896],[123.102061,12.937567],[123.097911,12.93891],[123.080333,12.957221],[123.077891,12.961737],[123.069672,12.964789],[123.066091,12.971991],[123.063813,12.980862],[123.060557,12.988471],[123.035492,13.004381],[122.973888,13.018704],[122.950694,13.043687],[122.944102,13.099555],[122.944509,13.111314],[122.958263,13.120022],[122.975434,13.121894],[122.988943,13.128974],[122.992198,13.153551],[123.003917,13.150214],[123.0171,13.143622],[123.039806,13.128079],[123.049815,13.118476],[123.058849,13.107856],[123.074229,13.084662],[123.094574,13.043687],[123.118337,13.024604],[123.122081,13.019761],[123.125173,13.008043],[123.139334,12.983385],[123.142426,12.971381],[123.14503,12.968736],[123.160167,12.937567],[123.177013,12.922309],[123.201427,12.90644],[123.226573,12.898342],[123.246104,12.90648],[123.261974,12.897854],[123.268565,12.88817],[123.272634,12.877387],[123.280284,12.864936]]],[[[121.526134,12.704495],[121.527354,12.692206],[121.530935,12.676011],[121.536388,12.660346],[121.546397,12.64411],[121.547374,12.636908],[121.545665,12.611233],[121.542735,12.609036],[121.538259,12.609198],[121.5324,12.605455],[121.493419,12.549262],[121.481456,12.539008],[121.456716,12.522935],[121.448985,12.520819],[121.442393,12.522406],[121.437836,12.521633],[121.43629,12.512397],[121.436778,12.495917],[121.438975,12.489244],[121.443614,12.482001],[121.43629,12.474514],[121.430024,12.482001],[121.42628,12.475084],[121.424653,12.470038],[121.425629,12.464097],[121.430024,12.454657],[121.411876,12.443183],[121.412446,12.414984],[121.425304,12.384223],[121.443614,12.365302],[121.443614,12.358466],[121.403331,12.369818],[121.384288,12.368598],[121.381602,12.35102],[121.387218,12.344713],[121.388927,12.336371],[121.386974,12.32689],[121.381602,12.317532],[121.390391,12.313056],[121.394542,12.307685],[121.395844,12.300238],[121.395763,12.289537],[121.365733,12.307766],[121.354747,12.324123],[121.34018,12.316636],[121.316417,12.296373],[121.303396,12.293402],[121.29127,12.2862],[121.27296,12.269029],[121.247813,12.219916],[121.244965,12.214423],[121.230154,12.214342],[121.207774,12.236029],[121.193696,12.241767],[121.131684,12.241767],[121.113617,12.251288],[121.099132,12.274644],[121.093272,12.303697],[121.101085,12.330512],[121.106944,12.314358],[121.115977,12.305243],[121.128184,12.303656],[121.142589,12.310045],[121.134939,12.313463],[121.128184,12.312934],[121.121593,12.310045],[121.115408,12.327541],[121.114757,12.330512],[121.094412,12.345404],[121.08725,12.343248],[121.08725,12.323676],[121.071137,12.332506],[121.050629,12.349433],[121.032888,12.368109],[121.020518,12.389797],[120.994884,12.413723],[120.986827,12.416205],[120.98113,12.422675],[120.938975,12.493964],[120.926036,12.501858],[120.916352,12.512397],[120.918468,12.536282],[120.929047,12.577582],[120.927908,12.597602],[120.92213,12.617092],[120.912446,12.634711],[120.885916,12.664984],[120.868663,12.699652],[120.854503,12.715318],[120.832205,12.724026],[120.812266,12.72427],[120.797862,12.729438],[120.792491,12.75259],[120.791352,12.763861],[120.786306,12.78262],[120.785167,12.79385],[120.781993,12.805569],[120.76531,12.831448],[120.766449,12.840522],[120.770844,12.847113],[120.77589,12.852729],[120.778982,12.85871],[120.779633,12.867906],[120.776703,12.916083],[120.767426,12.946845],[120.758311,13.002387],[120.740977,13.033271],[120.696951,13.092108],[120.664887,13.155911],[120.642345,13.183254],[120.594574,13.199205],[120.576345,13.221422],[120.559825,13.228664],[120.525157,13.225653],[120.514822,13.230536],[120.526215,13.249172],[120.499766,13.273342],[120.479991,13.3015],[120.467784,13.333482],[120.459727,13.403713],[120.452485,13.420233],[120.439952,13.427232],[120.432628,13.426703],[120.41505,13.423],[120.408214,13.420478],[120.400157,13.415025],[120.395763,13.409491],[120.392426,13.404202],[120.387869,13.399359],[120.368175,13.383368],[120.355968,13.38052],[120.340099,13.386298],[120.327647,13.396877],[120.316905,13.4112],[120.309337,13.427639],[120.306651,13.444322],[120.310557,13.466986],[120.321544,13.487779],[120.337657,13.505316],[120.356619,13.518378],[120.380138,13.526353],[120.403168,13.52733],[120.47169,13.511542],[120.531912,13.509223],[120.544688,13.510932],[120.555186,13.513495],[120.56544,13.513129],[120.584727,13.501858],[120.595388,13.498928],[120.614431,13.496161],[120.653331,13.496568],[120.676524,13.492987],[120.690196,13.481879],[120.706391,13.490383],[120.719249,13.485175],[120.737315,13.468248],[120.754568,13.466742],[120.77003,13.470689],[120.799327,13.481879],[120.888194,13.501858],[120.915375,13.516669],[120.928396,13.50495],[120.936778,13.507514],[120.944835,13.512844],[120.950206,13.530341],[120.964366,13.526353],[120.969005,13.527167],[120.977387,13.530341],[120.978689,13.526516],[120.984386,13.522895],[120.979666,13.514146],[120.973888,13.507758],[120.966563,13.503974],[120.957042,13.502997],[120.963064,13.49433],[120.973155,13.482733],[120.98463,13.472602],[120.994884,13.468248],[121.003917,13.459662],[121.026866,13.421576],[121.042735,13.413031],[121.108653,13.415961],[121.125255,13.404771],[121.121593,13.372016],[121.128266,13.372016],[121.130138,13.378363],[121.132823,13.393622],[121.135102,13.399359],[121.139334,13.405422],[121.141124,13.407416],[121.148774,13.413031],[121.158865,13.417548],[121.171641,13.421454],[121.18336,13.428127],[121.190278,13.440904],[121.197113,13.440904],[121.217784,13.40412],[121.333751,13.310614],[121.376231,13.245103],[121.3921,13.2355],[121.41391,13.232733],[121.430512,13.22427],[121.440766,13.209418],[121.443614,13.18769],[121.440684,13.177436],[121.435557,13.166693],[121.432628,13.156073],[121.43629,13.146064],[121.44752,13.138983],[121.458995,13.139716],[121.470225,13.143744],[121.481212,13.146064],[121.504649,13.145168],[121.527029,13.140774],[121.544444,13.130316],[121.552989,13.111314],[121.549164,13.090644],[121.535899,13.07685],[121.50172,13.054267],[121.489513,13.03677],[121.483165,13.014716],[121.481944,12.990871],[121.492442,12.929511],[121.492035,12.913316],[121.483084,12.872138],[121.48463,12.85871],[121.477794,12.85871],[121.483409,12.831122],[121.485606,12.768459],[121.495128,12.745429],[121.522472,12.711493],[121.526134,12.704495]]],[[[122.101573,13.416693],[122.105479,13.408433],[122.123709,13.395209],[122.128917,13.386298],[122.120291,13.356635],[122.062022,13.29857],[122.039561,13.269599],[122.049083,13.248358],[122.040294,13.230699],[122.0088,13.204779],[121.993175,13.201606],[121.976736,13.21308],[121.962576,13.228013],[121.953868,13.2355],[121.942882,13.24018],[121.90919,13.269599],[121.900727,13.271959],[121.883474,13.273179],[121.875011,13.276435],[121.864919,13.284369],[121.847667,13.310614],[121.817231,13.341946],[121.813731,13.35224],[121.817882,13.3758],[121.817231,13.38288],[121.814138,13.397528],[121.814301,13.450507],[121.817231,13.46483],[121.824392,13.474066],[121.850759,13.520941],[121.853852,13.530341],[121.855642,13.558417],[121.858653,13.565497],[121.873057,13.568508],[121.887543,13.554755],[121.90919,13.522895],[121.913748,13.528632],[121.925059,13.538642],[121.929698,13.544623],[121.944998,13.528998],[121.968028,13.523749],[121.989024,13.530463],[121.997895,13.550767],[122.010997,13.542141],[122.020193,13.533637],[122.023448,13.523179],[122.019054,13.509223],[122.033946,13.514635],[122.045177,13.509223],[122.048676,13.498765],[122.039561,13.489325],[122.043793,13.485338],[122.054698,13.478095],[122.059906,13.475735],[122.075206,13.485419],[122.09669,13.479682],[122.115245,13.464993],[122.122081,13.44774],[122.118419,13.443101],[122.111339,13.441392],[122.101573,13.440904],[122.100841,13.433905],[122.101573,13.416693]]],[[[120.260916,13.711575],[120.269298,13.707343],[120.277192,13.706041],[120.283051,13.70246],[120.285411,13.691392],[120.268565,13.678697],[120.264334,13.673733],[120.257823,13.682115],[120.250824,13.693793],[120.243175,13.704047],[120.233897,13.708441],[120.219493,13.711249],[120.213634,13.718248],[120.210216,13.7272],[120.203461,13.735785],[120.192882,13.74258],[120.182791,13.746731],[120.171886,13.748847],[120.158865,13.749416],[120.152517,13.752631],[120.141124,13.76675],[120.108246,13.776842],[120.092296,13.794501],[120.082856,13.817939],[120.079926,13.842231],[120.081309,13.852932],[120.085704,13.860785],[120.093028,13.865302],[120.103689,13.866278],[120.118337,13.860826],[120.142833,13.8487],[120.164073,13.834906],[120.168712,13.82453],[120.18336,13.828803],[120.202647,13.824612],[120.222179,13.815416],[120.237641,13.804633],[120.271739,13.752509],[120.266775,13.741278],[120.257335,13.7331],[120.252696,13.724433],[120.260916,13.711575]]],[[[124.417979,13.872952],[124.417979,13.865465],[124.403494,13.856838],[124.389985,13.845649],[124.403575,13.838813],[124.409841,13.826402],[124.412934,13.811672],[124.417979,13.797797],[124.398774,13.790432],[124.389985,13.790351],[124.397227,13.779608],[124.398774,13.771186],[124.395763,13.742377],[124.391124,13.721869],[124.389985,13.711575],[124.407481,13.683743],[124.408702,13.667304],[124.386567,13.660061],[124.366059,13.660712],[124.355317,13.659613],[124.350841,13.651801],[124.349132,13.632758],[124.333344,13.572455],[124.334727,13.557603],[124.319835,13.567776],[124.306407,13.588528],[124.293468,13.604071],[124.280772,13.598578],[124.268077,13.6022],[124.251638,13.599189],[124.235199,13.591539],[124.222667,13.581855],[124.215343,13.567532],[124.208018,13.547797],[124.199392,13.530422],[124.187755,13.522895],[124.170177,13.529771],[124.116222,13.578111],[124.085948,13.600043],[124.068696,13.606106],[124.047374,13.606024],[124.05128,13.619534],[124.048106,13.633368],[124.04005,13.646308],[124.030447,13.656928],[124.026052,13.669623],[124.035899,13.680813],[124.061778,13.69477],[124.087169,13.716132],[124.107432,13.745103],[124.121837,13.779771],[124.129405,13.818305],[124.120779,13.875922],[124.125987,13.890326],[124.135916,13.907294],[124.134532,13.925035],[124.120291,13.963528],[124.116222,13.980699],[124.116222,13.988959],[124.121104,13.994127],[124.129649,14.001695],[124.135916,14.010647],[124.133067,14.019721],[124.124522,14.03384],[124.124522,14.049384],[124.129649,14.064846],[124.136892,14.078355],[124.149669,14.062242],[124.16391,14.065579],[124.184581,14.085191],[124.193614,14.090033],[124.200938,14.092231],[124.207774,14.091254],[124.215668,14.086493],[124.23585,14.068061],[124.252615,14.046698],[124.265636,14.022691],[124.273936,13.996487],[124.277354,13.955512],[124.286876,13.952582],[124.295421,13.945502],[124.308116,13.928168],[124.300629,13.920722],[124.305431,13.914049],[124.306895,13.9112],[124.308116,13.90644],[124.314952,13.90644],[124.329763,13.933092],[124.357758,13.9206],[124.417979,13.872952]]],[[[122.104747,14.102607],[122.14975,14.072699],[122.172699,14.053534],[122.183442,14.030585],[122.177013,14.007066],[122.158376,14.006781],[122.136078,14.019232],[122.098969,14.05036],[122.033376,14.092027],[121.993175,14.127631],[121.981456,14.133002],[121.96518,14.142971],[121.945811,14.165758],[121.929861,14.191148],[121.923513,14.208686],[121.926606,14.221259],[121.934337,14.229438],[121.945079,14.232611],[121.957774,14.229967],[121.964041,14.226142],[121.96811,14.221381],[121.975841,14.210435],[122.104747,14.102607]]],[[[122.235362,14.797756],[122.24822,14.788153],[122.257009,14.767035],[122.256602,14.745917],[122.242198,14.736314],[122.241547,14.741116],[122.162934,14.797756],[122.135509,14.802558],[122.121267,14.806871],[122.115245,14.814846],[122.111176,14.826117],[122.104991,14.837836],[122.105724,14.84394],[122.122081,14.838772],[122.124848,14.842475],[122.135753,14.852362],[122.138438,14.838935],[122.146007,14.833645],[122.157074,14.834296],[122.16977,14.838772],[122.203868,14.838772],[122.196951,14.832913],[122.192638,14.824774],[122.192393,14.814927],[122.197113,14.803941],[122.206309,14.796617],[122.21697,14.795152],[122.235362,14.797756]]],[[[122.005382,15.010688],[122.029063,15.009182],[122.048188,14.999457],[122.057872,14.983303],[122.053071,14.962226],[122.031505,14.987738],[122.020356,14.99372],[122.005382,14.99018],[121.995128,14.980129],[121.992686,14.969184],[121.996349,14.963528],[122.005382,14.969062],[122.013194,14.94481],[122.012869,14.932929],[122.003591,14.925238],[121.97169,14.905585],[121.96811,14.902574],[121.969574,14.897773],[121.971528,14.862047],[121.973643,14.852118],[121.978038,14.838772],[121.996593,14.841376],[122.0088,14.824612],[122.01588,14.799465],[122.02589,14.736314],[122.023692,14.722602],[122.004161,14.673651],[121.984874,14.656928],[121.961192,14.644761],[121.940196,14.640082],[121.916677,14.649075],[121.908702,14.670966],[121.91033,14.697821],[121.916026,14.722073],[121.934906,14.725775],[121.933849,14.76496],[121.919444,14.810248],[121.898936,14.831855],[121.883637,14.836412],[121.879161,14.848334],[121.881847,14.883694],[121.877452,14.894436],[121.855724,14.926947],[121.847667,14.935533],[121.831391,14.940579],[121.821788,14.940334],[121.81837,14.946031],[121.826427,15.012152],[121.833263,15.035305],[121.844249,15.045396],[121.874278,15.027777],[121.893728,15.024563],[121.902354,15.041693],[121.909923,15.050198],[121.927989,15.052232],[121.969412,15.047187],[121.984874,15.037991],[121.993826,15.042914],[122.005138,15.038642],[122.011241,15.027167],[122.005382,15.010688]]],[[[121.388438,18.902981],[121.416759,18.908149],[121.429861,18.905585],[121.443614,18.895494],[121.450531,18.888414],[121.458018,18.883938],[121.46697,18.881781],[121.477794,18.881903],[121.453624,18.865953],[121.431407,18.856147],[121.406749,18.850816],[121.318614,18.843207],[121.294932,18.846829],[121.279145,18.862006],[121.275238,18.875881],[121.28004,18.880561],[121.299571,18.881903],[121.353282,18.89883],[121.388438,18.902981]]],[[[121.971202,18.984931],[121.983653,18.97484],[121.990896,18.961127],[121.989106,18.949123],[121.962576,18.938666],[121.942393,18.90998],[121.929698,18.895494],[121.895274,18.867662],[121.881033,18.850165],[121.875011,18.83039],[121.865733,18.821926],[121.847179,18.824368],[121.834158,18.834296],[121.840831,18.848334],[121.841075,18.86815],[121.861583,18.884019],[121.874848,18.900824],[121.853852,18.923489],[121.864106,18.934638],[121.871593,18.950629],[121.874685,18.965033],[121.871593,18.971259],[121.879161,18.975409],[121.892589,18.996487],[121.902354,19.005357],[121.90797,19.004584],[121.91505,19.000637],[121.920909,18.998114],[121.923513,19.002021],[121.926606,19.003892],[121.941661,19.010728],[121.946625,19.012193],[121.955821,19.008857],[121.960704,19.000963],[121.96461,18.991889],[121.971202,18.984931]]],[[[121.210948,19.176703],[121.219737,19.17178],[121.225841,19.166205],[121.229828,19.159247],[121.238536,19.118394],[121.252208,19.081285],[121.258962,19.045722],[121.244965,19.018459],[121.209239,19.050238],[121.196788,19.065497],[121.190278,19.087348],[121.192393,19.111721],[121.208181,19.153795],[121.210948,19.176703]]],[[[121.526134,19.320705],[121.537852,19.306789],[121.539806,19.303371],[121.540863,19.300116],[121.543305,19.295885],[121.545584,19.290269],[121.546723,19.282864],[121.543305,19.278876],[121.535167,19.278754],[121.52589,19.279731],[121.518728,19.27912],[121.512706,19.273993],[121.510102,19.267646],[121.506684,19.262152],[121.498302,19.259263],[121.470958,19.269232],[121.46461,19.27497],[121.42628,19.296536],[121.421153,19.297919],[121.41391,19.297593],[121.406016,19.298529],[121.398936,19.303371],[121.393565,19.311225],[121.381602,19.334377],[121.349864,19.370307],[121.350841,19.375922],[121.367686,19.377997],[121.378917,19.383734],[121.395763,19.403266],[121.452403,19.384345],[121.470958,19.382148],[121.488943,19.385932],[121.504242,19.392279],[121.516612,19.393541],[121.526134,19.38227],[121.526134,19.334866],[121.525157,19.331366],[121.524669,19.327867],[121.526134,19.320705]]],[[[121.977306,19.577379],[121.982921,19.575344],[121.991222,19.570543],[121.997732,19.564927],[121.997895,19.560289],[121.992035,19.548163],[121.987153,19.513129],[121.978038,19.498847],[121.960948,19.491767],[121.947113,19.496772],[121.923513,19.519355],[121.905528,19.529934],[121.898204,19.53677],[121.895518,19.546617],[121.896821,19.556871],[121.900238,19.559231],[121.906423,19.558661],[121.926524,19.562567],[121.94158,19.559963],[121.950043,19.560289],[121.957367,19.564114],[121.969493,19.575344],[121.977306,19.577379]]],[[[121.841645,20.346015],[121.859386,20.347357],[121.879405,20.333441],[121.89324,20.313666],[121.8921,20.297349],[121.869314,20.27619],[121.861827,20.273749],[121.850841,20.273424],[121.839203,20.320787],[121.837657,20.33393],[121.83839,20.340766],[121.841645,20.346015]]],[[[122.009776,20.488471],[122.019298,20.486477],[122.027599,20.481147],[122.032725,20.473456],[122.0324,20.464057],[122.026541,20.455797],[121.991222,20.432359],[121.968761,20.413398],[121.963715,20.406643],[121.966156,20.393541],[121.970876,20.386054],[121.973888,20.379299],[121.971202,20.368476],[121.958018,20.354967],[121.938975,20.3487],[121.92213,20.354153],[121.916026,20.375922],[121.922374,20.393297],[121.963715,20.451606],[121.965994,20.460639],[121.980235,20.472968],[121.997895,20.483873],[122.009776,20.488471]]],[[[121.877208,20.770331],[121.867686,20.744289],[121.851736,20.718573],[121.829845,20.698961],[121.803396,20.691148],[121.786388,20.70307],[121.791189,20.730048],[121.805431,20.758979],[121.823741,20.786811],[121.837657,20.820258],[121.845876,20.831366],[121.855805,20.838324],[121.865977,20.838202],[121.874848,20.827826],[121.879242,20.814032],[121.880707,20.799384],[121.879893,20.784491],[121.877208,20.770331]]],[[[119.483246,4.850898],[119.486583,4.832221],[119.500987,4.79914],[119.504405,4.78262],[119.503591,4.764228],[119.500824,4.748481],[119.496593,4.733588],[119.467052,4.666449],[119.456554,4.655707],[119.456554,4.71776],[119.462738,4.775784],[119.456879,4.842719],[119.448497,4.874416],[119.435395,4.902777],[119.447032,4.905504],[119.458507,4.901801],[119.468761,4.893704],[119.475922,4.883775],[119.47934,4.875963],[119.481456,4.867743],[119.482921,4.859361],[119.483246,4.850898]]],[[[121.217459,5.820746],[121.229828,5.816148],[121.23463,5.810696],[121.23113,5.80093],[121.225271,5.799262],[121.197032,5.80093],[121.16212,5.787584],[121.146495,5.789537],[121.13502,5.807074],[121.13502,5.821519],[121.142263,5.833889],[121.15268,5.843085],[121.162852,5.848049],[121.179942,5.846747],[121.19516,5.840481],[121.207856,5.831204],[121.217459,5.820746]]],[[[121.381602,6.005683],[121.403494,5.999457],[121.421235,5.987128],[121.428722,5.969794],[121.419444,5.947984],[121.409923,5.94302],[121.399913,5.942816],[121.391775,5.939887],[121.388438,5.926907],[121.389496,5.909857],[121.385753,5.911363],[121.347667,5.906195],[121.340587,5.903266],[121.330821,5.895331],[121.302989,5.865139],[121.292491,5.858832],[121.281423,5.859036],[121.271007,5.863918],[121.261729,5.871975],[121.253429,5.885321],[121.251964,5.896796],[121.253184,5.906928],[121.252452,5.916327],[121.227794,5.942125],[121.189464,5.940253],[121.107921,5.903266],[121.088227,5.891181],[121.081065,5.88817],[121.073009,5.889065],[121.067149,5.894232],[121.054454,5.91234],[121.049815,5.916327],[121.008311,5.923774],[120.999522,5.920071],[120.963878,5.89643],[120.943614,5.886868],[120.934093,5.885688],[120.922862,5.889065],[120.917654,5.893988],[120.916759,5.89997],[120.917247,5.905707],[120.915375,5.910102],[120.909353,5.91352],[120.896821,5.916571],[120.891856,5.920071],[120.876313,5.942572],[120.871837,5.961005],[120.876475,5.978705],[120.888845,5.998928],[120.905528,6.015041],[120.943207,6.031155],[120.970958,6.050116],[120.992849,6.05268],[121.00172,6.057563],[121.024181,6.088609],[121.032725,6.09512],[121.042247,6.097113],[121.077403,6.095282],[121.096365,6.096137],[121.114757,6.09512],[121.125824,6.090644],[121.148285,6.077379],[121.159353,6.074612],[121.179047,6.063625],[121.202322,6.01317],[121.217784,5.998928],[121.236013,6.003567],[121.252452,6.01732],[121.271251,6.02619],[121.31658,6.00609],[121.338878,6.00434],[121.381602,6.005683]]],[[[121.628917,6.657416],[121.628917,6.588568],[121.623302,6.567532],[121.616384,6.561428],[121.610362,6.569566],[121.607921,6.59162],[121.601573,6.605455],[121.58961,6.620103],[121.58253,6.631659],[121.590831,6.636298],[121.599294,6.645657],[121.60727,6.662991],[121.61671,6.672268],[121.628917,6.657416]]],[[[121.094493,10.895819],[121.094493,10.873481],[121.08074,10.841742],[121.087169,10.823472],[121.062266,10.817572],[121.034679,10.81981],[121.017589,10.834133],[121.025157,10.864447],[121.032074,10.87051],[121.066661,10.891099],[121.085785,10.908881],[121.093272,10.910386],[121.094493,10.895819]]],[[[120.285167,11.930162],[120.283214,11.926988],[120.272797,11.92536],[120.267833,11.923326],[120.263438,11.916164],[120.265473,11.909735],[120.269786,11.904202],[120.271495,11.899115],[120.264659,11.872016],[120.264171,11.861558],[120.266775,11.851549],[120.277192,11.831773],[120.278331,11.824042],[120.267914,11.81623],[120.255544,11.836249],[120.237478,11.885443],[120.203298,11.947577],[120.213145,11.94953],[120.2588,11.967597],[120.267914,11.968085],[120.276378,11.964911],[120.281993,11.957994],[120.284516,11.949042],[120.285167,11.930162]]],[[[121.406423,12.062445],[121.412852,12.047105],[121.416677,12.030219],[121.413829,12.014553],[121.401866,12.002834],[121.384288,12.000922],[121.371837,12.011135],[121.364268,12.02733],[121.36085,12.043158],[121.361583,12.050605],[121.367686,12.071031],[121.364594,12.081448],[121.358653,12.087836],[121.355642,12.094184],[121.36085,12.10456],[121.358572,12.112006],[121.358653,12.114691],[121.367686,12.110419],[121.406423,12.062445]]],[[[119.959727,8.880601],[119.960623,8.877102],[119.958344,8.877183],[119.959727,8.880601]]],[[[119.969249,8.880927],[119.968272,8.884101],[119.971934,8.882392],[119.971446,8.880927],[119.969249,8.880927]]],[[[119.965343,8.887193],[119.965668,8.887397],[119.966075,8.885688],[119.964854,8.884996],[119.964366,8.885647],[119.964203,8.885565],[119.963227,8.88703],[119.96518,8.887926],[119.965343,8.887193]]],[[[119.967784,8.891547],[119.968272,8.891791],[119.968516,8.890041],[119.967296,8.88935],[119.966807,8.88996],[119.966807,8.889879],[119.965668,8.891425],[119.967621,8.892279],[119.967784,8.891547]]],[[[121.723969,12.913967],[121.72047,12.913235],[121.717459,12.911078],[121.719249,12.907294],[121.722179,12.903632],[121.717784,12.899604],[121.711192,12.900377],[121.706716,12.905097],[121.703298,12.90412],[121.699067,12.905341],[121.691661,12.914455],[121.684744,12.920152],[121.682791,12.924384],[121.681814,12.935533],[121.68865,12.94717],[121.70045,12.950141],[121.714122,12.947333],[121.718272,12.947333],[121.725759,12.939887],[121.7317,12.928778],[121.729177,12.919135],[121.723969,12.913967]]],[[[121.088634,13.530341],[121.072113,13.535834],[121.043468,13.561225],[121.043468,13.567572],[121.05128,13.567776],[121.058116,13.56509],[121.066905,13.567206],[121.077485,13.572252],[121.085785,13.570624],[121.091319,13.562323],[121.094249,13.537055],[121.088634,13.530341]]],[[[121.936697,21.065619],[121.929698,21.064521],[121.934825,21.073228],[121.936697,21.065619]]],[[[121.947439,21.116156],[121.950694,21.122382],[121.954275,21.118394],[121.949067,21.106879],[121.947439,21.116156]]],[[[119.830903,4.82095],[119.85377,4.808254],[119.857677,4.79857],[119.849783,4.796861],[119.833995,4.796617],[119.819347,4.80386],[119.812348,4.81684],[119.830903,4.82095]]],[[[119.836925,4.86286],[119.821056,4.862779],[119.798595,4.879788],[119.790375,4.905951],[119.793142,4.921861],[119.804373,4.927436],[119.815684,4.922431],[119.821462,4.91413],[119.842621,4.904853],[119.850759,4.887885],[119.849864,4.873277],[119.842052,4.865668],[119.836925,4.86286]]],[[[119.79656,5.057603],[119.792247,5.055894],[119.790294,5.053046],[119.786143,5.046332],[119.774669,5.041897],[119.752126,5.036078],[119.745779,5.044013],[119.748709,5.06269],[119.769298,5.097561],[119.78297,5.110989],[119.79835,5.121039],[119.806,5.118476],[119.805512,5.105048],[119.80714,5.093411],[119.810557,5.082465],[119.812511,5.069892],[119.807953,5.058661],[119.801036,5.055162],[119.79656,5.057603]]],[[[125.418712,5.425482],[125.422211,5.420233],[125.424571,5.407375],[125.42335,5.377916],[125.418712,5.368476],[125.411632,5.368109],[125.399099,5.371772],[125.380626,5.370347],[125.36378,5.367174],[125.351573,5.371731],[125.343272,5.380601],[125.334239,5.387681],[125.333507,5.392524],[125.342052,5.400295],[125.358165,5.422065],[125.376801,5.43122],[125.404796,5.430487],[125.418712,5.425482]]],[[[120.860118,5.703843],[120.879242,5.694078],[120.88266,5.685289],[120.873709,5.682929],[120.860118,5.675849],[120.838878,5.668647],[120.819998,5.667182],[120.808116,5.664293],[120.799327,5.667629],[120.796641,5.678616],[120.807384,5.695705],[120.833018,5.706773],[120.848643,5.706977],[120.860118,5.703843]]],[[[120.904307,5.759101],[120.916189,5.753241],[120.929373,5.733222],[120.924327,5.711737],[120.909923,5.700019],[120.89088,5.709784],[120.892345,5.741441],[120.904307,5.759101]]],[[[123.841319,9.642401],[123.860525,9.630072],[123.868337,9.62051],[123.862315,9.608547],[123.844249,9.588853],[123.804535,9.560289],[123.785167,9.552314],[123.765147,9.549954],[123.749848,9.554145],[123.737641,9.579088],[123.726329,9.586982],[123.727224,9.591213],[123.739268,9.594062],[123.747895,9.599107],[123.754568,9.605414],[123.76588,9.614081],[123.781912,9.623521],[123.820649,9.639594],[123.841319,9.642401]]],[[[124.606944,10.140326],[124.595714,10.123521],[124.595388,10.108547],[124.597667,10.094184],[124.588878,10.086249],[124.575694,10.090237],[124.561046,10.085842],[124.550059,10.069037],[124.540375,10.060858],[124.529552,10.068549],[124.525401,10.078803],[124.525401,10.087226],[124.522797,10.098456],[124.521821,10.112047],[124.527599,10.117336],[124.535655,10.114691],[124.542247,10.115953],[124.546886,10.122056],[124.551768,10.126776],[124.557628,10.126044],[124.567231,10.127672],[124.580089,10.136705],[124.586274,10.142239],[124.592784,10.145168],[124.606212,10.14761],[124.606944,10.140326]]],[[[121.474132,11.866848],[121.510509,11.855943],[121.526052,11.846584],[121.517426,11.837714],[121.495372,11.827826],[121.472911,11.827379],[121.455821,11.831732],[121.445486,11.836127],[121.439952,11.836737],[121.435069,11.839057],[121.430919,11.843451],[121.42628,11.842434],[121.417979,11.837795],[121.412608,11.840277],[121.415701,11.849514],[121.425629,11.861233],[121.442882,11.867987],[121.452973,11.868313],[121.474132,11.866848]]],[[[124.206228,12.081244],[124.228038,12.073676],[124.229259,12.063625],[124.209321,12.06094],[124.198578,12.052639],[124.178477,12.039618],[124.164317,12.037746],[124.150238,12.04385],[124.146251,12.053046],[124.153331,12.065131],[124.165375,12.075426],[124.181977,12.080146],[124.206228,12.081244]]],[[[121.115977,12.196763],[121.128266,12.174994],[121.131033,12.164374],[121.127696,12.159857],[121.118907,12.158108],[121.108653,12.162502],[121.099376,12.16942],[121.090099,12.174262],[121.083669,12.183498],[121.0796,12.197699],[121.069591,12.211371],[121.051606,12.220933],[121.039561,12.251532],[121.059906,12.278388],[121.088145,12.267076],[121.097911,12.244696],[121.105235,12.211168],[121.110118,12.203111],[121.114106,12.199164],[121.115977,12.196763]]],[[[124.16863,12.398139],[124.149099,12.4147],[124.137462,12.437567],[124.1338,12.459418],[124.133556,12.470771],[124.142589,12.468695],[124.160492,12.456041],[124.176606,12.432685],[124.181977,12.406928],[124.16863,12.398139]]],[[[124.148611,13.185777],[124.136241,13.188544],[124.11378,13.189032],[124.097911,13.19245],[124.069021,13.203762],[124.065603,13.210761],[124.084727,13.216986],[124.114106,13.227729],[124.12379,13.23314],[124.138845,13.234198],[124.178722,13.222968],[124.197927,13.213039],[124.209646,13.195787],[124.209158,13.178209],[124.196788,13.173326],[124.162364,13.180813],[124.148611,13.185777]]],[[[124.086274,13.260443],[124.07309,13.254055],[124.067556,13.25141],[124.062266,13.245429],[124.056407,13.235989],[124.046153,13.226386],[124.03948,13.224962],[124.025401,13.221991],[124.017426,13.223782],[123.997895,13.228217],[123.976736,13.235582],[123.958344,13.237047],[123.939301,13.244452],[123.921886,13.258694],[123.91391,13.271308],[123.914806,13.279608],[123.912852,13.285142],[123.912446,13.288642],[123.91391,13.289455],[123.914724,13.289944],[123.962576,13.28734],[123.986827,13.276028],[123.995372,13.278795],[124.002452,13.281073],[124.015798,13.280422],[124.016938,13.280341],[124.018077,13.278998],[124.025564,13.270168],[124.032563,13.26675],[124.038259,13.26968],[124.038585,13.273993],[124.039561,13.27851],[124.047699,13.278957],[124.056407,13.276068],[124.069184,13.273017],[124.084483,13.267401],[124.085623,13.262926],[124.086274,13.260443]]],[[[123.89031,13.274075],[123.896658,13.25849],[123.903575,13.246487],[123.901866,13.238349],[123.884288,13.229926],[123.873546,13.229641],[123.863617,13.244778],[123.857758,13.250149],[123.845958,13.27025],[123.844493,13.282416],[123.849376,13.29914],[123.851085,13.317572],[123.847179,13.330878],[123.836762,13.344672],[123.840099,13.348538],[123.848888,13.354153],[123.858897,13.353827],[123.900076,13.340522],[123.906098,13.335598],[123.913422,13.332221],[123.92213,13.329983],[123.92213,13.320014],[123.895274,13.292873],[123.89031,13.274075]]],[[[123.801524,13.366034],[123.775157,13.391588],[123.771658,13.40351],[123.787364,13.399075],[123.80421,13.391547],[123.820486,13.380276],[123.827485,13.373114],[123.833018,13.373236],[123.842947,13.371812],[123.845551,13.367825],[123.834727,13.355902],[123.82309,13.351955],[123.801524,13.366034]]],[[[122.411794,14.725816],[122.418468,14.719957],[122.419607,14.705146],[122.397797,14.685858],[122.374848,14.681464],[122.354015,14.679511],[122.319347,14.683498],[122.316417,14.69892],[122.341563,14.712592],[122.364268,14.720608],[122.380626,14.728705],[122.396983,14.732245],[122.411794,14.725816]]],[[[120.005056,16.268622],[120.010753,16.254625],[120.012218,16.241523],[120.005544,16.232082],[119.992931,16.23017],[119.980968,16.239447],[119.976329,16.24726],[119.956716,16.262437],[119.936778,16.288153],[119.925548,16.295356],[119.922374,16.303778],[119.927501,16.313137],[119.943044,16.329291],[119.953461,16.331977],[119.961192,16.334784],[119.962576,16.338853],[119.965017,16.344387],[119.973155,16.350572],[119.98406,16.3487],[119.991222,16.343573],[119.994884,16.337551],[119.997081,16.330756],[120.005626,16.311754],[120.005056,16.268622]]],[[[123.991649,10.324284],[124.009394,10.311758],[124.020876,10.316977],[124.038621,10.329503],[124.04384,10.324284],[124.026095,10.306539],[124.006263,10.28775],[123.988518,10.266874],[123.975992,10.255392],[123.957203,10.253304],[123.946765,10.245997],[123.933196,10.254348],[123.934239,10.273137],[123.934239,10.288794],[123.947809,10.306539],[123.980167,10.320109],[123.991649,10.324284]]]]}}]}
